,genre,danceability
0,modern rock,0.57738
1,tropical house,0.66658
2,pop rap,0.752244897959
3,pop,0.67534
4,post-teen pop,0.66224
5,rap,0.76126
6,rock,0.49812
7,dance pop,0.66028
8,trap music,0.7861
9,edm,0.66358
10,alternative rock,0.513408163265
11,latin,0.72052
12,pop rock,0.5872
13,dwn trap,0.792125
14,alternative metal,0.5149
15,neo mellow,0.56554
16,r&b,0.66478
17,southern hip hop,0.75654
18,hip hop,0.74284
19,classic rock,0.52204
20,mellow gold,0.57614
21,indie rock,0.5522
22,album rock,0.53294
23,viral pop,0.62128
24,reggaeton,0.73462
25,soft rock,0.57012
26,post-grunge,0.51352
27,indie r&b,0.60606
28,latin pop,0.73072
29,indie pop,0.57624
30,pop punk,0.547
31,indietronica,0.63692
32,permanent wave,0.504770833333
33,electro house,0.66286
34,tropical,0.7375
35,urban contemporary,0.65596
36,indie folk,0.52366
37,folk-pop,0.54414
38,singer-songwriter,0.5951
39,nu metal,0.51912
40,hard rock,0.4589
41,hip pop,0.667872340426
42,contemporary country,0.58834
43,indie poptimism,0.635276595745
44,big room,0.641553191489
45,rap metal,0.54896
46,gangster rap,0.76094
47,canadian pop,0.65724
48,country road,0.58742
49,country,0.58628
50,folk rock,0.58884
51,garage rock,0.533265306122
52,house,0.70762
53,grupera,0.707387755102
54,latin hip hop,0.736340425532
55,stomp and holler,0.524795918367
56,underground hip hop,0.80384
57,chamber pop,0.51142
58,dirty south rap,0.738857142857
59,rock en espanol,0.67116
60,regional mexican,0.71838
61,progressive house,0.6425
62,roots rock,0.57044
63,blues-rock,0.53066
64,funk rock,0.57054
65,alternative dance,0.6264
66,modern country rock,0.5602
67,dance rock,0.6419
68,trap latino,0.741795454545
69,europop,0.6809
70,new wave,0.62186
71,neo soul,0.64696
72,synthpop,0.63182
73,new wave pop,0.62058
74,adult standards,0.49982
75,banda,0.70418
76,latin alternative,0.64588
77,neo-psychedelic,0.55396
78,soul,0.59218
79,classic funk rock,0.59606
80,quiet storm,0.6592
81,emo,0.52648
82,psychedelic rock,0.4961
83,norteno,0.71908
84,spanish pop,0.65088
85,deep pop r&b,0.609152173913
86,progressive electro house,0.6395
87,deep indie r&b,0.55222
88,rap rock,0.52034
89,art rock,0.54378
90,new rave,0.60086
91,latin arena pop,0.60962
92,escape room,0.73234
93,motown,0.62376
94,regional mexican pop,0.67922
95,screamo,0.44712
96,shimmer pop,0.55482
97,electronic,0.65008
98,brostep,0.56592
99,metal,0.44538
100,new romantic,0.6319
101,teen pop,0.67018
102,disco,0.69572
103,deep big room,0.652653061224
104,indie anthem-folk,0.49412
105,pop reggaeton,0.7298
106,reggaeton flow,0.75754
107,crunk,0.73202
108,funk,0.6621
109,vapor soul,0.62474
110,trap francais,0.778217391304
111,acoustic pop,0.53438
112,metropopolis,0.60118
113,deep tropical house,0.67786
114,west coast rap,0.71956
115,deep german hip hop,0.699571428571
116,metalcore,0.44674
117,punk,0.47528
118,deep funk carioca,0.7781
119,electronic trap,0.57518
120,focus,0.315248
121,new americana,0.53054
122,east coast hip hop,0.7068
123,folk,0.56598
124,francoton,0.731608695652
125,sertanejo universitario,0.63272
126,hardcore hip hop,0.733958333333
127,southern rock,0.53418
128,brill building pop,0.569
129,german hip hop,0.650469387755
130,christian alternative rock,0.47214
131,jazz blues,0.52914
132,worship,0.42932
133,groove metal,0.46706
134,ranchera,0.6119
135,boy band,0.65118
136,piano rock,0.52593877551
137,talent show,0.61704
138,freak folk,0.52666
139,swedish pop,0.6334
140,chillwave,0.54128
141,british blues,0.52226
142,modern blues,0.55058
143,vocal jazz,0.48082
144,argentine rock,0.60796
145,g funk,0.751469387755
146,christian music,0.4555
147,redneck,0.57236
148,vegas indie,0.523836734694
149,new jack swing,0.701591836735
150,swedish idol pop,0.665224489796
151,bass trap,0.58946
152,compositional ambient,0.313968
153,mpb,0.65362
154,country rock,0.56952
155,dance-punk,0.57986
156,memphis soul,0.64318
157,ccm,0.44778
158,deep underground hip hop,0.68952
159,soundtrack,0.313598
160,cumbia pop,0.71358
161,noise pop,0.519204081633
162,rock-and-roll,0.5572
163,soul blues,0.64056
164,k-pop,0.691897959184
165,indie psych-rock,0.60716
166,protopunk,0.45574
167,moombahton,0.6367
168,lo-fi,0.54444
169,dream pop,0.487565306122
170,anthem worship,0.42094
171,german pop,0.6947
172,electric blues,0.5347
173,outlaw country,0.58972
174,melodic metalcore,0.4542
175,detroit hip hop,0.71466
176,hollywood,0.53338
177,deep dutch hip hop,0.753152173913
178,christian rock,0.47986
179,southern soul,0.64208
180,deep groove house,0.67676
181,korean pop,0.67162
182,chicago soul,0.643673469388
183,indiecoustica,0.51112244898
184,deep german pop rock,0.6733
185,cantautor,0.57334
186,glam metal,0.48988
187,pagode,0.61754
188,britpop,0.48456
189,italian arena pop,0.6357
190,traditional country,0.57862
191,glam rock,0.53708
192,alternative hip hop,0.6976
193,funk metal,0.57818
194,mariachi,0.55644
195,deep australian indie,0.57446
196,classify,0.38198
197,underground pop rap,0.65632
198,scorecore,0.314291666667
199,italian pop,0.58822
200,samba,0.64778
201,tracestep,0.58878
202,complextro,0.58728
203,deep pop edm,0.62486
204,downtempo,0.585591836735
205,trip hop,0.6066
206,grime,0.67682
207,british invasion,0.46578
208,speed metal,0.40306
209,channel pop,0.54734
210,classical,0.351533333333
211,catstep,0.59374
212,lilith,0.536183673469
213,bachata,0.77208
214,bossa nova,0.53274
215,deep house,0.6909
216,skate punk,0.46108
217,melancholia,0.41446
218,vapor twitch,0.60646
219,lift kit,0.565632653061
220,disco house,0.69844
221,symphonic rock,0.48406
222,comic,0.60988
223,pop emo,0.531212765957
224,anti-folk,0.54106
225,grunge,0.417177777778
226,duranguense,0.67978
227,australian dance,0.57172
228,traditional folk,0.5915
229,bubblegum pop,0.58498
230,otacore,0.49718
231,chillhop,0.665795918367
232,hoerspiel,0.648714285714
233,australian alternative rock,0.556
234,reggae fusion,0.73818
235,sertanejo,0.64854
236,la indie,0.62386
237,jazz,0.49218
238,rockabilly,0.58084
239,cumbia,0.68186
240,nueva cancion,0.6387
241,progressive rock,0.46954
242,texas country,0.55956
243,nu jazz,0.665142857143
244,video game music,0.345395348837
245,romantic,0.351533333333
246,roots reggae,0.79398
247,slow core,0.48558
248,swedish folk pop,0.5449
249,space rock,0.45438
250,madchester,0.51306
251,power metal,0.42314
252,progressive metal,0.4196
253,dancehall,0.732775510204
254,nu gaze,0.52912
255,alt-indie rock,0.45764
256,french pop,0.6344
257,world worship,0.41144
258,reggae,0.80526
259,deep trap,0.795734693878
260,opm,0.55676
261,alternative country,0.51986
262,deep danish pop,0.6536
263,mandopop,0.52698
264,spanish rock,0.602897959184
265,industrial metal,0.54926
266,deep southern trap,0.72468
267,forro,0.56102
268,sky room,0.6216
269,brazilian hip hop,0.72696
270,nashville sound,0.6139
271,indie garage rock,0.537714285714
272,taiwanese pop,0.52698
273,bolero,0.50858
274,thrash metal,0.41434
275,merseybeat,0.51082
276,danish pop,0.6381
277,lounge,0.49898
278,trance,0.53784
279,finnish dance pop,0.6630625
280,jam band,0.51034
281,deep latin hip hop,0.760428571429
282,chamber psych,0.511
283,jazz funk,0.6117
284,deep taiwanese pop,0.52638
285,turkish pop,0.6898
286,cool jazz,0.48664
287,post-punk,0.5577
288,salsa,0.65556
289,eurodance,0.70686
290,preverb,0.51848
291,brooklyn indie,0.57406122449
292,c-pop,0.52698
293,swedish alternative rock,0.54462
294,minimal,0.327592
295,german techno,0.637632653061
296,pixie,0.53206
297,chilean rock,0.63
298,deep cumbia sonidera,0.65042
299,candy pop,0.569693877551
300,filter house,0.68552
301,post-screamo,0.46498
302,punk blues,0.486
303,vocal house,0.712673469388
304,deep euro house,0.7675
305,deep new americana,0.55526
306,bow pop,0.437718
307,french hip hop,0.76036
308,alternative emo,0.48302
309,axe,0.640897959184
310,big beat,0.619959183673
311,cabaret,0.4334
312,finnish pop,0.606755102041
313,progressive trance,0.53334
314,chanson,0.56514
315,swedish indie rock,0.5476
316,industrial rock,0.55736
317,merengue,0.73706
318,etherpop,0.555571428571
319,garage psych,0.47732
320,jazz fusion,0.49808
321,power pop,0.56244
322,ninja,0.54542
323,cantopop,0.524448979592
324,uk post-punk,0.506183673469
325,melodic death metal,0.44276
326,deep swedish hip hop,0.6852
327,country dawn,0.569020408163
328,bubblegum dance,0.71772
329,show tunes,0.456183673469
330,post rock,0.339726
331,dutch hip hop,0.73093877551
332,vallenato,0.69664
333,shiver pop,0.57034
334,italian hip hop,0.6509
335,dutch pop,0.64087755102
336,post-disco,0.77798
337,bebop,0.4695
338,deep regional mexican,0.74158
339,spanish pop rock,0.594285714286
340,modern classical,0.286170454545
341,swedish eurodance,0.68484
342,contemporary post-bop,0.48258
343,minimal techno,0.71958
344,irish rock,0.4935
345,dutch house,0.642553191489
346,turkish rock,0.628
347,easy listening,0.486
348,swedish hip hop,0.60126
349,danspunk,0.563244897959
350,australian pop,0.60142
351,indonesian pop,0.55376
352,canadian indie,0.559204081633
353,wrestling,0.503040816327
354,microhouse,0.629795918367
355,hip house,0.78862
356,cumbia villera,0.720142857143
357,west coast trap,0.73912
358,texas blues,0.53976
359,celtic rock,0.50654
360,broadway,0.56566
361,pinoy alternative,0.57926
362,french indietronica,0.68016
363,blues,0.57858
364,acid jazz,0.660956521739
365,anthem emo,0.497755102041
366,chillstep,0.51694
367,movie tunes,0.4498
368,tech house,0.7393
369,uk funky,0.65712244898
370,norwegian indie,0.578265306122
371,progressive bluegrass,0.53982
372,classic swedish pop,0.523395833333
373,traditional blues,0.61324
374,soul jazz,0.49574
375,stoner rock,0.3884
376,melodic hardcore,0.4422
377,experimental rock,0.4708
378,turntablism,0.7354
379,norwegian pop,0.55518
380,minimal dub,0.66412244898
381,fourth world,0.22728125
382,electro,0.70178
383,swing,0.49236
384,latin christian,0.50588
385,dreamo,0.43554
386,indie jazz,0.58086
387,rock gaucho,0.55886
388,french rock,0.627040816327
389,post-hardcore,0.42702
390,epicore,0.340677083333
391,azontobeats,0.76124
392,zapstep,0.57808
393,deep chiptune,0.50496
394,sheffield indie,0.4746
395,uplifting trance,0.53468
396,noise rock,0.478787234043
397,progressive post-hardcore,0.41706
398,hard bop,0.48098
399,antiviral pop,0.585918367347
400,aussietronica,0.57396
401,indie punk,0.42414
402,death core,0.432083333333
403,electro latino,0.73404
404,ambient,0.20785625
405,reggae rock,0.73016
406,country blues,0.57664
407,anime,0.4645
408,deep funk,0.67196
409,new age,0.327968
410,french reggae,0.757088888889
411,j-pop,0.56572
412,groove room,0.73844
413,lovers rock,0.79162
414,deep melodic euro house,0.76088
415,death metal,0.3582
416,nu disco,0.686265306122
417,indie rockism,0.559306122449
418,electro swing,0.748530612245
419,country gospel,0.626
420,neo classical metal,0.41154
421,mexican indie,0.597346938776
422,uk garage,0.700428571429
423,gothic metal,0.4562
424,stride,0.47854
425,industrial,0.55362
426,canadian metal,0.4668
427,future funk,0.64426
428,christian uplift,0.45094
429,brazilian gospel,0.434291666667
430,german metal,0.511
431,swedish indie pop,0.56002
432,gauze pop,0.59596
433,turkish jazz,0.57014
434,christian hip hop,0.70493877551
435,latin jazz,0.61766
436,stoner metal,0.37844
437,experimental,0.452958333333
438,ska,0.57876
439,french indie pop,0.670604166667
440,deep ccm,0.42928
441,merengue urbano,0.77248
442,classic norwegian pop,0.560204081633
443,pub rock,0.53972
444,memphis blues,0.64116
445,ska punk,0.47362
446,suomi rock,0.4634375
447,afrobeats,0.77102
448,hyphy,0.787224489796
449,liquid funk,0.54948
450,swedish synthpop,0.64956
451,chicago blues,0.6244
452,drill,0.688
453,vaporwave,0.56414
454,neue deutsche harte,0.56564
455,louvor,0.407897959184
456,world,0.611163265306
457,dub,0.78556
458,smooth jazz,0.68242
459,drum and bass,0.5179
460,memphis hip hop,0.81348
461,j-rock,0.43526
462,new orleans blues,0.64906
463,new weird america,0.521854166667
464,german pop rock,0.6189
465,old school hip hop,0.818612244898
466,relaxative,0.39138
467,trova,0.57802
468,big band,0.52162
469,hardcore punk,0.35624
470,stomp pop,0.53498
471,bass music,0.58162
472,flamenco,0.578404255319
473,indonesian indie,0.582979591837
474,comedy,0.53144
475,baroque,0.357310344828
476,viking metal,0.39318
477,russelater,0.701489795918
478,djent,0.459510638298
479,mambo,0.66056
480,acoustic blues,0.60104
481,spanish indie pop,0.578183673469
482,swedish metal,0.45632
483,delta blues,0.5802
484,norwegian rock,0.46228
485,deep texas country,0.550428571429
486,gospel,0.43118
487,christian relaxative,0.462739130435
488,doo-wop,0.53142
489,icelandic pop,0.431336
490,latin metal,0.4811
491,cowboy western,0.63612
492,piedmont blues,0.56452
493,deep swedish indie pop,0.533510638298
494,wonky,0.58412
495,hardstyle,0.52986
496,classical period,0.2964
497,minimal tech house,0.767673469388
498,cumbia sonidera,0.69452
499,operatic pop,0.30244
500,meditation,0.14106875
501,pop house,0.69006
502,dangdut,0.544
503,turkish folk,0.552326530612
504,hands up,0.655285714286
505,deep disco house,0.792326530612
506,celtic,0.37422
507,desi,0.67766
508,shoegaze,0.43132
509,tejano,0.63582
510,boogaloo,0.66112
511,argentine reggae,0.74498
512,nwobhm,0.32236
513,deep hardstyle,0.486020408163
514,dansband,0.590155555556
515,indian pop,0.6785
516,danish pop rock,0.586918367347
517,japanese r&b,0.592244897959
518,electropowerpop,0.57768
519,gothic symphonic metal,0.46724
520,intelligent dance music,0.55758
521,healing,0.220106
522,sleep,0.134353125
523,finnish hip hop,0.6735
524,desi hip hop,0.67187755102
525,schlager,0.552714285714
526,melbourne bounce,0.74
527,contemporary jazz,0.44166
528,drone,0.194384
529,symphonic metal,0.43284
530,spanish punk,0.479408163265
531,filthstep,0.61792
532,louisiana blues,0.6282
533,children's music,0.691591836735
534,cubaton,0.747040816327
535,velha guarda,0.57256
536,electroclash,0.662734693878
537,jangle pop,0.55754
538,brazilian indie,0.640469387755
539,chicano rap,0.758183673469
540,spanish hip hop,0.687591836735
541,uk drill,0.66866
542,folk punk,0.50774
543,k-hop,0.70674
544,retro electro,0.525285714286
545,alternative r&b,0.58576
546,afrobeat,0.62778
547,polish pop,0.612510204082
548,opera,0.287225
549,british folk,0.529325581395
550,nu-cumbia,0.63602
551,a cappella,0.551489795918
552,j-dance,0.606775510204
553,alternative pop rock,0.5633
554,j-rap,0.669571428571
555,boston rock,0.511702
556,future garage,0.635020408163
557,crossover thrash,0.3425
558,mathcore,0.40698
559,classic danish pop,0.560020408163
560,german indie,0.62514
561,glitch,0.534104
562,coverchill,0.7254
563,jazz metal,0.42578
564,environmental,0.1554775
565,reading,0.662
566,filmi,0.63838
567,rumba,0.573895833333
568,azonto,0.758918367347
569,levenslied,0.562755102041
570,polynesian pop,0.74388
571,glitch hop,0.546979591837
572,melodipop,0.620541666667
573,arabesk,0.62812244898
574,zolo,0.66378
575,northern soul,0.58262
576,underground rap,0.72204
577,spanish new wave,0.60716
578,vapor pop,0.559386363636
579,brazilian punk,0.43412
580,piano blues,0.60638
581,abstract hip hop,0.667224489796
582,deep turkish pop,0.69652
583,christian dance,0.6174
584,neoclassical,0.319456
585,norwegian hip hop,0.64892
586,liedermacher,0.60844
587,discofox,0.657354166667
588,australian hip hop,0.66936
589,folk metal,0.41548
590,canadian country,0.574130434783
591,strut,0.746125
592,breakbeat,0.55698
593,sludge metal,0.330022
594,italo dance,0.709857142857
595,bluegrass,0.5272
596,new tribe,0.55014
597,neo-singer-songwriter,0.56902
598,finnish metal,0.432063829787
599,danseband,0.600913043478
600,fluxwork,0.53893877551
601,hardcore techno,0.58842
602,jump blues,0.60354
603,welsh rock,0.480836734694
604,technical death metal,0.375755102041
605,german punk,0.506
606,fingerstyle,0.458673469388
607,float house,0.740755102041
608,sleaze rock,0.49364
609,australian country,0.5943
610,deep uplifting trance,0.549102040816
611,alternative ccm,0.442333333333
612,folklore argentino,0.54764
613,kiwi rock,0.65614
614,alternative pop,0.4571
615,grave wave,0.58852
616,swamp blues,0.5856
617,electro jazz,0.73992
618,rock steady,0.77732
619,slow game,0.68092
620,j-metal,0.45488
621,post-metal,0.296673469388
622,techno,0.7004
623,no wave,0.53094
624,russian pop,0.69656
625,stomp and flutter,0.4919
626,portland indie,0.603306122449
627,dutch rock,0.570918367347
628,doom metal,0.310302
629,modern performance,0.258688
630,pagan black metal,0.282425
631,black metal,0.28986
632,jump up,0.50006
633,pop flamenco,0.683244897959
634,hard alternative,0.44604
635,christian metal,0.35872
636,kirtan,0.386796
637,neurofunk,0.48126
638,polish hip hop,0.651265306122
639,drift,0.168404
640,dark jazz,0.392058
641,peruvian rock,0.64964
642,deathgrind,0.346416
643,italian indie pop,0.63634
644,ectofolk,0.5283
645,symphonic black metal,0.32848
646,classic italian pop,0.467
647,turkish hip hop,0.649645833333
648,cuban rumba,0.63508
649,brega,0.588040816327
650,deep norteno,0.686163265306
651,happy hardcore,0.52918
652,carnaval,0.628191489362
653,belgian rock,0.62994
654,chicago house,0.71668
655,medieval rock,0.444265306122
656,irish folk,0.553266666667
657,jungle,0.52358
658,chamame,0.61352
659,scottish rock,0.4827
660,rap chileno,0.6948
661,classic chinese pop,0.52272
662,dark wave,0.53882
663,progressive uplifting trance,0.5228
664,orgcore,0.430266666667
665,austindie,0.60962
666,idol,0.57204
667,chicago indie,0.57922
668,medieval,0.43462
669,avant-garde jazz,0.4775
670,eurovision,0.599428571429
671,bay area indie,0.50668
672,romantico,0.480128
673,western swing,0.63348
674,russian rock,0.6732
675,japanese city pop,0.61868
676,new orleans jazz,0.59636
677,j-idol,0.65212
678,italian disco,0.7339
679,harmonica blues,0.60682
680,arab pop,0.65606
681,puerto rican rock,0.650591836735
682,dubstep,0.62484
683,classic finnish pop,0.618866666667
684,malaysian pop,0.636244897959
685,outsider house,0.54476
686,mexican rock-and-roll,0.48746
687,portuguese rock,0.58487755102
688,post-doom metal,0.291282
689,colombian rock,0.70046
690,sertanejo tradicional,0.600857142857
691,brutal death metal,0.36816
692,soul flow,0.65092
693,salsa international,0.627163265306
694,seattle indie,0.46784
695,avantgarde metal,0.325606
696,hardcore,0.36124
697,nasheed,0.57706122449
698,gbvfi,0.45008
699,psychedelic doom,0.315522
700,celtic punk,0.38318
701,grindcore,0.305608163265
702,quebecois,0.56752
703,austropop,0.6221
704,brazilian ccm,0.463836734694
705,funky tech house,0.76104
706,riddim,0.651612244898
707,psychedelic trance,0.60322
708,speed garage,0.732916666667
709,baile funk,0.819775510204
710,classic russian rock,0.646244897959
711,freestyle,0.74629787234
712,j-poprock,0.52056
713,italian pop rock,0.568102040816
714,ebm,0.57316
715,math pop,0.46658
716,barnmusik,0.712224489796
717,spanish noise pop,0.4818125
718,warm drone,0.201916326531
719,soca,0.75276
720,nursery,0.60486
721,ethereal wave,0.275384
722,nintendocore,0.49916
723,african gospel,0.50488
724,garage pop,0.38042
725,world meditation,0.208432
726,destroy techno,0.69238
727,balearic,0.725244897959
728,progressive deathcore,0.41788
729,math rock,0.417916666667
730,laiko,0.66672
731,acid house,0.641081632653
732,albuquerque indie,0.56798
733,mande pop,0.6125
734,polish punk,0.599291666667
735,russiavision,0.71612
736,deep latin christian,0.51778
737,indie dream pop,0.52588
738,kindermusik,0.810318181818
739,emo punk,0.388853658537
740,entehno,0.64528
741,bassline,0.65534
742,k-indie,0.59824
743,classic finnish rock,0.456125
744,substep,0.53002
745,electrofox,0.55448
746,drill and bass,0.609959183673
747,turbo folk,0.68293877551
748,british alternative rock,0.47712
749,ambeat,0.69656
750,ska revival,0.688489795918
751,deep minimal techno,0.775155555556
752,bmore,0.73112244898
753,british indie rock,0.49508
754,canterbury scene,0.4599
755,musica para ninos,0.65642
756,romanian pop,0.71834
757,chill lounge,0.601591836735
758,rock catala,0.674127659574
759,free jazz,0.44956
760,argentine indie,0.623775510204
761,deep comedy,0.52894
762,twee pop,0.50084
763,classic garage rock,0.531142857143
764,volksmusik,0.547434782609
765,post-post-hardcore,0.45026
766,electro-industrial,0.56566
767,gypsy jazz,0.65648
768,oi,0.40824
769,latin electronica,0.69602
770,straight edge,0.37436
771,christian hardcore,0.41554
772,kabarett,0.670404255319
773,kraut rock,0.32884
774,steampunk,0.55562
775,singaporean pop,0.519959183673
776,swedish hard rock,0.450306122449
777,world fusion,0.61988
778,slovak pop,0.593551020408
779,dansktop,0.61
780,surf music,0.48416
781,thai idol,0.61632
782,gabba,0.4819375
783,gothic rock,0.511163265306
784,chaotic hardcore,0.30798
785,nu age,0.292156
786,bhangra,0.70896
787,canzone napoletana,0.3925
788,retro metal,0.323714285714
789,cello,0.351394
790,mandible,0.32963
791,ballroom,0.380748
792,ye ye,0.5211
793,tango,0.469346938776
794,swedish jazz,0.476795918367
795,dixieland,0.58238
796,old-time,0.553979166667
797,laboratorio,0.492279591837
798,mashup,0.661714285714
799,christelijk,0.433043478261
800,freakbeat,0.52052
801,punjabi,0.740469387755
802,alternative roots rock,0.4367
803,futurepop,0.56302
804,vancouver indie,0.54334
805,christian punk,0.52754
806,choro,0.6021
807,african rock,0.67472
808,deep talent show,0.56138
809,e6fi,0.41562
810,drone metal,0.326967346939
811,nordic house,0.682510204082
812,electro bailando,0.73998
813,early music,0.275384
814,psychobilly,0.47342
815,hawaiian,0.624
816,horror punk,0.4158
817,andean,0.55904
818,russian hip hop,0.693428571429
819,detroit techno,0.661489795918
820,progressive psytrance,0.673346938776
821,comedy rock,0.632102040816
822,thai pop,0.59796
823,psychill,0.564163265306
824,orchestral,0.286184
825,tribal house,0.741020833333
826,atmospheric black metal,0.259814
827,progressive trance house,0.6258125
828,deep indian pop,0.638632653061
829,jazz trio,0.46714
830,classical performance,0.269944
831,persian pop,0.7078
832,fado,0.55336
833,classical piano,0.278619047619
834,uk hip hop,0.687040816327
835,voidgaze,0.252578
836,danish hip hop,0.727081632653
837,zouk riddim,0.6553
838,israeli rock,0.69254
839,czech rock,0.61506122449
840,swedish reggae,0.68570212766
841,exotica,0.526926
842,praise,0.45102
843,theme,0.395912
844,hungarian rock,0.49362
845,athens indie,0.49746
846,neo-trad metal,0.4003
847,dub techno,0.571265306122
848,norwegian metal,0.359591836735
849,venezuelan rock,0.6633
850,choral,0.1905
851,aggrotech,0.57156
852,neo-progressive,0.460040816327
853,turkish alternative,0.5344375
854,hungarian pop,0.614181818182
855,classic colombian pop,0.71086
856,kizomba,0.66134
857,avant-garde,0.251706
858,columbus ohio indie,0.504040816327
859,czech folk,0.593659574468
860,anime score,0.30384
861,visual kei,0.4818
862,mizrahi,0.67294
863,barnemusikk,0.62684
864,abstract beats,0.632979591837
865,italian metal,0.44686
866,popgaze,0.471265306122
867,indian folk,0.5769
868,deep latin alternative,0.628083333333
869,power-pop punk,0.39258
870,ok indie,0.542
871,deep chill,0.629229166667
872,classic turkish pop,0.54114
873,french movie tunes,0.507857142857
874,bubble trance,0.629081632653
875,goregrind,0.318244897959
876,j-indie,0.47812
877,vintage italian soundtrack,0.23449
878,melodic hard rock,0.52928
879,deep tech house,0.759104166667
880,dark cabaret,0.56524
881,shibuya-kei,0.627291666667
882,deep pop punk,0.4815
883,folkmusik,0.469044444444
884,power blues-rock,0.52154
885,rai,0.651714285714
886,p funk,0.689
887,swedish punk,0.415152173913
888,russian punk,0.62196
889,spanish reggae,0.7025
890,black thrash,0.298038
891,fidget house,0.738571428571
892,shimmer psych,0.54934
893,musica nativista,0.682
894,albanian pop,0.7189
895,horrorcore,0.66326
896,basque rock,0.474170212766
897,violin,0.2922
898,nu skool breaks,0.6434
899,melodic power metal,0.47516
900,turkish classical,0.45306122449
901,highlife,0.69886
902,belly dance,0.65026
903,string quartet,0.49123
904,classic belgian pop,0.56606122449
905,indie psych-pop,0.486714285714
906,southern gospel,0.47987755102
907,chiptune,0.48644
908,soukous,0.63988
909,lds,0.329632653061
910,instrumental post rock,0.269963265306
911,irish country,0.531244897959
912,brass band,0.60548
913,classic polish pop,0.534872340426
914,bouncy house,0.5325
915,vintage swedish pop,0.548574468085
916,timba,0.7107
917,classic peruvian pop,0.676204081633
918,renaissance,0.241914
919,acid techno,0.6598
920,norwegian gospel,0.37948
921,yugoslav rock,0.641387755102
922,dominican pop,0.70778
923,classic icelandic pop,0.606191489362
924,arab folk,0.454058333333
925,southern soul blues,0.77282
926,perth indie,0.59294
927,neue deutsche welle,0.704448979592
928,swiss rock,0.55616
929,zouk,0.66258
930,deep melodic metalcore,0.38874
931,sega,0.695020408163
932,mod revival,0.4813
933,pakistani pop,0.572489795918
934,deep soul house,0.7551
935,french folk pop,0.675354166667
936,deep christian rock,0.4625
937,c86,0.47186
938,rio de la plata,0.690708333333
939,native american,0.355653061224
940,college a cappella,0.464
941,uk dub,0.779040816327
942,jazz bass,0.52402
943,miami bass,0.86012
944,ambient idm,0.45552
945,polish reggae,0.647408163265
946,nordic folk,0.40736
947,hauntology,0.3805
948,vienna indie,0.553125
949,swamp pop,0.59726
950,modern uplift,0.495333333333
951,catalan folk,0.587541666667
952,chanson quebecois,0.51125
953,girl group,0.51716
954,brazilian composition,0.415083333333
955,digital hardcore,0.548408163265
956,hip hop tuga,0.699042553191
957,hip hop quebecois,0.673
958,deep neofolk,0.555714285714
959,vintage french electronic,0.472432653061
960,samba-enredo,0.551108695652
961,vocaloid,0.523918367347
962,italian jazz,0.43258
963,croatian pop,0.637270833333
964,spanish folk,0.53924
965,hard minimal techno,0.810102040816
966,vintage tango,0.57828
967,desert blues,0.57636
968,garage punk,0.357044
969,bounce,0.774977272727
970,hiplife,0.767208333333
971,mexican son,0.639041666667
972,german oi,0.452979591837
973,classical guitar,0.421510204082
974,drumfunk,0.559306122449
975,czech hip hop,0.67702173913
976,appalachian folk,0.582040816327
977,vietnamese pop,0.61464
978,balkan brass,0.6909
979,free improvisation,0.407340425532
980,riot grrrl,0.44824
981,rosary,0.35478
982,electronica,0.6221
983,underground latin hip hop,0.714104166667
984,karneval,0.618127659574
985,serialism,0.247475510204
986,cante flamenco,0.566978723404
987,tico,0.629
988,boogie-woogie,0.61852
989,morna,0.64862
990,ecuadoria,0.661693877551
991,traditional rock 'n roll,0.55348
992,estonian pop,0.53988
993,tin pan alley,0.44988
994,german show tunes,0.4225
995,disco polo,0.70948
996,portuguese pop,0.724804347826
997,mbalax,0.619551020408
998,harpsichord,0.271892
999,deep soundtrack,0.182254
1000,polish indie,0.571183673469
1001,cyber metal,0.434571428571
1002,kids dance party,0.77762
1003,metal guitar,0.48216
1004,thrash core,0.33534
1005,outsider,0.514020408163
1006,full on,0.595
1007,composition d,0.212808333333
1008,deep liquid,0.497
1009,kompa,0.64418
1010,new age piano,0.34206
1011,heavy alternative,0.448408163265
1012,jumpstyle,0.54866
1013,electropunk,0.74588
1014,classic czech pop,0.546372093023
1015,stomp and whittle,0.52398
1016,slovak hip hop,0.690977777778
1017,beats,0.71412244898
1018,brutal deathcore,0.40576
1019,finnish indie,0.574354166667
1020,makossa,0.668693877551
1021,qawwali,0.54108
1022,kwaito house,0.746469387755
1023,witch house,0.489151020408
1024,j-ambient,0.460428571429
1025,atmospheric post rock,0.3696
1026,zillertal,0.656956521739
1027,gothic alternative,0.46888
1028,funk carioca,0.8309375
1029,latvian pop,0.669085106383
1030,crust punk,0.30224
1031,oshare kei,0.5088125
1032,blackgaze,0.276655102041
1033,psych gaze,0.433448979592
1034,grunge pop,0.489081632653
1035,orquesta tropical,0.705387755102
1036,ghazal,0.49962
1037,classic venezuelan pop,0.631081632653
1038,rva indie,0.4581
1039,irish indie,0.5915
1040,denver indie,0.53294
1041,world chill,0.555244897959
1042,deep gothic post-punk,0.49496
1043,ethiopian pop,0.604714285714
1044,deep rai,0.66052173913
1045,electro dub,0.698260869565
1046,traditional ska,0.6753
1047,hungarian hip hop,0.696422222222
1048,fake,0.65996
1049,beatdown,0.36656
1050,deep acoustic pop,0.557448979592
1051,drone folk,0.372795918367
1052,canadian hip hop,0.742836734694
1053,louisville indie,0.43364
1054,dirty texas rap,0.748040816327
1055,neofolk,0.430102040816
1056,neo-rockabilly,0.5956
1057,judaica,0.50256
1058,deep flow,0.672947368421
1059,japanese psychedelic,0.413004
1060,ragtime,0.57587755102
1061,anarcho-punk,0.42232
1062,workout,0.74938
1063,austrian hip hop,0.614541666667
1064,guidance,0.56356
1065,traditional british folk,0.495265306122
1066,calypso,0.62558
1067,orquesta tipica,0.60568
1068,swiss hip hop,0.708833333333
1069,geek rock,0.676408163265
1070,deep adult standards,0.5372
1071,blaskapelle,0.600276595745
1072,classic french pop,0.66438
1073,nwothm,0.372530612245
1074,deep smooth jazz,0.66006
1075,deep dance pop,0.661530612245
1076,dark black metal,0.272687755102
1077,abstract,0.477591666667
1078,tone,0.175425
1079,neo-synthpop,0.60206
1080,minimal melodic techno,0.720234042553
1081,nerdcore,0.73908
1082,ukulele,0.66062
1083,kurdish folk,0.610632653061
1084,ukrainian rock,0.608816326531
1085,kayokyoku,0.490265306122
1086,new beat,0.626354166667
1087,lithumania,0.707208333333
1088,modern southern rock,0.51442
1089,euroska,0.559208333333
1090,k-rock,0.638734693878
1091,classic soundtrack,0.38532
1092,zouglou,0.719183673469
1093,australian indie,0.54818
1094,indie emo,0.600857142857
1095,lo star,0.54896
1096,atmospheric post-metal,0.34644
1097,broken beat,0.73438
1098,acousmatic,0.292294
1099,minimal wave,0.611102040816
1100,solipsynthm,0.615510204082
1101,swedish prog,0.407748
1102,alternative americana,0.537326530612
1103,darkstep,0.50506122449
1104,nl folk,0.60824
1105,marching band,0.476285714286
1106,lounge house,0.593404255319
1107,semba,0.646479166667
1108,underground power pop,0.49908
1109,psychedelic blues-rock,0.402104166667
1110,crack rock steady,0.43284
1111,vegan straight edge,0.594530612245
1112,motivation,0.568333333333
1113,schranz,0.742979591837
1114,traditional swing,0.640770833333
1115,chalga,0.739469387755
1116,musiikkia lapsille,0.660434782609
1117,footwork,0.63858
1118,breakcore,0.544285714286
1119,yoik,0.446333333333
1120,leeds indie,0.486530612245
1121,tribute,0.465163265306
1122,funky breaks,0.750551020408
1123,indian classical,0.4618125
1124,didgeridoo,0.514121276596
1125,classic dutch pop,0.634653061224
1126,slc indie,0.46882
1127,deep contemporary country,0.581510204082
1128,danish indie,0.565875
1129,belgian indie,0.591020833333
1130,jazz brass,0.495693877551
1131,deep brazilian pop,0.606106382979
1132,corrosion,0.55272
1133,black death,0.220324
1134,japanese jazztronica,0.6179
1135,electro trash,0.666020408163
1136,classic afrobeat,0.65776
1137,gothic americana,0.551285714286
1138,slavic metal,0.398566
1139,dark hardcore,0.44102173913
1140,scratch,0.719551020408
1141,traditional scottish folk,0.422948979592
1142,hebrew pop,0.67394
1143,garage punk blues,0.58514
1144,hindustani classical,0.411666666667
1145,indie singer-songwriter,0.49488
1146,deep german punk,0.479391304348
1147,deep disco,0.73044
1148,electronicore,0.416795918367
1149,zydeco,0.65356
1150,usbm,0.18868
1151,string folk,0.337489795918
1152,beach music,0.653739130435
1153,luk thung,0.600979591837
1154,michigan indie,0.54382
1155,south african jazz,0.6058
1156,islamic recitation,0.424387755102
1157,spanish invasion,0.569541666667
1158,russian alternative,0.543020833333
1159,deep orchestral,0.302240425532
1160,mallet,0.600541666667
1161,dark ambient,0.157265306122
1162,ragga jungle,0.663541666667
1163,progressive alternative,0.48728
1164,fast melodic punk,0.41002173913
1165,martial industrial,0.391152631579
1166,deep discofox,0.637959183673
1167,enka,0.477229166667
1168,kwaito,0.746265306122
1169,porro,0.6833
1170,power violence,0.280976
1171,finnish hardcore,0.424227272727
1172,neurostep,0.553666666667
1173,classic russian pop,0.696326530612
1174,vapor house,0.653387755102
1175,deep melodic hard rock,0.411367346939
1176,downtempo fusion,0.57356
1177,ostrock,0.550673913043
1178,spanish classical,0.382765957447
1179,monastic,0.231734693878
1180,string band,0.5768
1181,ambient psychill,0.603959183673
1182,faroese pop,0.529673469388
1183,musica per bambini,0.688520833333
1184,rebetiko,0.597229166667
1185,romanian rock,0.644446808511
1186,panpipe,0.427729166667
1187,afrikaans,0.6645625
1188,abstract idm,0.534224489796
1189,deep psychobilly,0.50956
1190,ugandan pop,0.75912
1191,bass trip,0.64762
1192,power electronics,0.7532
1193,french punk,0.456163265306
1194,library music,0.500142857143
1195,j-reggae,0.672347826087
1196,russian folk,0.39924
1197,musique pour enfants,0.688816326531
1198,hard house,0.6128125
1199,concert piano,0.321657142857
1200,trash rock,0.4439375
1201,wind ensemble,0.170428
1202,deep liquid bass,0.623021276596
1203,deep jazz guitar,0.449979591837
1204,norwegian jazz,0.421820512821
1205,neo metal,0.447040816327
1206,gospel reggae,0.66
1207,traditional soul,0.52364
1208,persian traditional,0.45002
1209,coupe decale,0.715816326531
1210,italian progressive rock,0.431489795918
1211,manele,0.769765957447
1212,magyar,0.556931818182
1213,melodic progressive metal,0.369152173913
1214,japanoise,0.369195918367
1215,bay area hip hop,0.70636
1216,german ccm,0.489782608696
1217,bossa nova jazz,0.6196875
1218,deep opera,0.236804444444
1219,greek indie,0.650530612245
1220,consort,0.262508163265
1221,chaotic black metal,0.220939583333
1222,classic schlager,0.579456521739
1223,rap metalcore,0.57186
1224,slam death metal,0.356208333333
1225,deep ambient,0.157006
1226,nz indie,0.520916666667
1227,polyphony,0.225504081633
1228,deep progressive trance,0.624208333333
1229,galego,0.508958333333
1230,indie fuzzpop,0.55206122449
1231,experimental psych,0.419614
1232,iskelma,0.455553191489
1233,italian folk,0.599
1234,tekno,0.639
1235,shanty,0.67712
1236,dark psytrance,0.601022222222
1237,breton folk,0.403613636364
1238,jig and reel,0.476612244898
1239,military band,0.702020833333
1240,technical brutal death metal,0.399489795918
1241,armenian folk,0.60744
1242,gamecore,0.50554
1243,tzadik,0.292129166667
1244,neo-pagan,0.52148
1245,go-go,0.63193877551
1246,deep folk metal,0.386104166667
1247,contemporary composition,0.30915
1248,deep canadian indie,0.523
1249,liturgical,0.19092244898
1250,speedcore,0.487630434783
1251,depressive black metal,0.324169387755
1252,accordion,0.521553191489
1253,skinhead reggae,0.751642857143
1254,bulgarian rock,0.673829787234
1255,harp,0.424130434783
1256,ambient fusion,0.623729166667
1257,funeral doom,0.322777272727
1258,pipe band,0.2923
1259,remix,0.586959183673
1260,screamocore,0.344081632653
1261,danish jazz,0.419428571429
1262,future ambient,0.542020833333
1263,deep soft rock,0.620489795918
1264,spoken word,0.6052
1265,klezmer,0.550833333333
1266,j-core,0.47885106383
1267,deep german indie,0.581142857143
1268,minimal dubstep,0.636875
1269,deep sunset lounge,0.565522727273
1270,bemani,0.414469387755
1271,indorock,0.528958333333
1272,flick hop,0.586145833333
1273,indie shoegaze,0.3581875
1274,vintage chanson,0.438744680851
1275,greek house,0.750255319149
1276,punta,0.685469387755
1277,doujin,0.5102
1278,corsican folk,0.523425531915
1279,nepali,0.383668
1280,screamo punk,0.320202
1281,ghettotech,0.719102040816
1282,west african jazz,0.6306875
1283,college marching band,0.565
1284,kuduro,0.7544
1285,neo-industrial rock,0.502
1286,greek hip hop,0.718541666667
1287,barbershop,0.492668
1288,jazz orchestra,0.511571428571
1289,benga,0.643163265306
1290,brass ensemble,0.388285416667
1291,stl indie,0.475265306122
1292,deep happy hardcore,0.5405625
1293,hard glam,0.455448979592
1294,blues-rock guitar,0.517234042553
1295,mantra,0.591391304348
1296,british dance band,0.531933333333
1297,guitar case,0.499571428571
1298,african percussion,0.767833333333
1299,dallas indie,0.546574468085
1300,geek folk,0.57522
1301,carnatic,0.490065217391
1302,deep darkpsy,0.553755555556
1303,triangle indie,0.36962
1304,cumbia funk,0.674541666667
1305,thrash-groove metal,0.480304347826
1306,outer hip hop,0.618586956522
1307,throat singing,0.414383333333
1308,swedish pop punk,0.347044444444
1309,sinhala,0.647319148936
1310,dark minimal techno,0.721777777778
1311,chinese traditional,0.38332
1312,deep deep house,0.790826086957
1313,italian punk,0.480386363636
1314,unblack metal,0.333365957447
1315,deep vocal jazz,0.592191489362
1316,cornetas y tambores,0.397239130435
1317,jug band,0.597666666667
1318,indie pop rock,0.528918367347
1319,power noise,0.56952173913
1320,capoeira,0.678489361702
1321,commons,0.567574468085
1322,post-disco soul,0.748541666667
1323,halloween,0.54075
1324,contemporary folk,0.486428571429
1325,finnish jazz,0.544659090909
1326,chinese indie rock,0.547723404255
1327,byzantine,0.208320408163
1328,zim,0.690456521739
1329,black sludge,0.271642857143
1330,vintage jazz,0.650285714286
1331,dubsteppe,0.733723404255
1332,deep psytrance,0.704571428571
1333,street punk,0.384565217391
1334,breaks,0.693744680851
1335,drama,0.621458333333
1336,abstractro,0.289391836735
1337,deep new wave,0.611291666667
1338,gospel blues,0.5750625
1339,light music,0.304114893617
1340,deep southern soul,0.608734693878
1341,deep indie rock,0.579265306122
1342,mexican traditional,0.683163265306
1343,gothic post-punk,0.536775510204
1344,cajun,0.5835
1345,northern irish indie,0.53385106383
1346,british brass band,0.29744893617
1347,deep indie singer-songwriter,0.587934782609
1348,noise punk,0.304289583333
1349,traditional funk,0.545893617021
1350,polish jazz,0.363574468085
1351,baroque ensemble,0.3761
1352,deep ragga,0.787369565217
1353,demoscene,0.505130434783
1354,japanese traditional,0.377694
1355,deep downtempo fusion,0.638583333333
1356,heavy gothic rock,0.459020833333
1357,bangla,0.601553191489
1358,covertrance,0.646886363636
1359,deep vocal house,0.692311111111
1360,deep freestyle,0.6654375
1361,classical organ,0.182685106383
1362,deep full on,0.578636363636
1363,makina,0.639787234043
1364,c64,0.565666666667
1365,spytrack,0.536367346939
1366,classical flute,0.392163265306
1367,musique concrete,0.252553191489
1368,grim death metal,0.275130434783
1369,polka,0.649897959184
1370,slash punk,0.48870625
1371,muziek voor kinderen,0.641423076923
1372,deep jazz fusion,0.511804347826
1373,classic eurovision,0.6274
1374,chamber choir,0.18283125
1375,skiffle,0.603404255319
1376,poetry,0.659770833333
1377,deep funk house,0.829510638298
1378,fallen angel,0.450645833333
1379,electroacoustic improvisation,0.294895348837
1380,steelpan,0.77656
1381,belorush,0.530063829787
1382,fussball,0.535367346939
1383,oratory,0.606127659574
1384,deep east coast hip hop,0.777469387755
1385,grisly death metal,0.307471428571
1386,traditional reggae,0.772627906977
1387,spanish indie rock,0.378916666667
1388,sunset lounge,0.66711627907
1389,early music ensemble,0.460326086957
1390,contemporary classical,0.2612
1391,lowercase,0.216284444444
1392,punk ska,0.49444
1393,deep progressive house,0.719733333333
1394,indian rock,0.558875
1395,clarinet,0.420736842105
1396,deep jazz piano,0.446468085106
1397,deep melodic death metal,0.346252
1398,hardcore breaks,0.62197826087
1399,skinhead oi,0.409304347826
1400,vintage swing,0.647282608696
1401,hatecore,0.3785
1402,glitch beats,0.4986
1403,villancicos,0.669555555556
1404,deep classic garage rock,0.484680851064
1405,deep indie pop,0.554340425532
1406,neo soul-jazz,0.634170212766
1407,deep pop emo,0.453755555556
1408,traditional rockabilly,0.575340425532
1409,deep nordic folk,0.291895744681
1410,klapa,0.577511111111
1411,deep swedish rock,0.424346938776
1412,crossover prog,0.409577777778
1413,football,0.519270833333
1414,organic ambient,0.409991489362
1415,soda pop,0.489897959184
1416,deep chill-out,0.563391304348
1417,deep hardcore,0.609630434783
1418,deep filthstep,0.569159090909
1419,wrock,0.548755102041
1420,norwegian punk,0.473708333333
1421,deep northern soul,0.54829787234
1422,experimental dubstep,0.648086956522
1423,deep free jazz,0.450684
1424,raw black metal,0.264054
1425,thai indie,0.598533333333
1426,classic psychedelic rock,0.488808510638
1427,gamelan,0.508020408163
1428,deep surf music,0.421510638298
1429,dubstep product,0.63870212766
1430,goa trance,0.548454545455
1431,deep italo disco,0.705222222222
1432,deep thrash metal,0.423625
1433,deep g funk,0.758630434783
1434,accordeon,0.542653061224
1435,charred death,0.360009090909
1436,ambient dub techno,0.664638297872
1437,slovenian rock,0.52714893617
1438,maghreb,0.594446808511
1439,re:techno,0.721611111111
1440,malagasy folk,0.613130434783
1441,hard stoner rock,0.400326086957
1442,dark progressive house,0.724666666667
1443,zeuhl,0.418866666667
1444,neo honky tonk,0.602244897959
1445,tanzlmusi,0.5969375
1446,deep dub techno,0.665760869565
1447,j-punk,0.440510204082
1448,noise,0.36066
1449,chill groove,0.656487804878
1450,tibetan,0.485644444444
1451,deep punk rock,0.378386363636
1452,deep power-pop punk,0.432354166667
1453,j-poppunk,0.467022727273
1454,italo beats,0.6933
1455,deep space rock,0.308234042553
1456,deep motown,0.553895833333
1457,kc indie,0.50054
1458,new jack smooth,0.659958333333
1459,deep nz indie,0.554765957447
1460,alternative metalcore,0.454413043478
1461,chinese opera,0.583377777778
1462,vintage rockabilly,0.58132
1463,deep eurodance,0.644265306122
1464,deep cello,0.301455102041
1465,chill-out trance,0.604666666667
1466,german street punk,0.440739130435
1467,terrorcore,0.593897435897
1468,doomcore,0.545326086957
1469,twin cities indie,0.566
1470,french folk,0.559653061224
1471,glitter trance,0.5965625
1472,nu electro,0.736422222222
1473,indie emo rock,0.405926829268
1474,deep classical piano,0.377583333333
1475,ceilidh,0.513833333333
1476,alternative hardcore,0.341209302326
1477,jangle rock,0.500166666667
1478,skweee,0.693260869565
1479,bulgarian folk,0.249877083333
1480,deep neo-synthpop,0.555760869565
1481,rhythm and boogie,0.5584375
1482,swedish jazz orkester,0.537897959184
1483,deep hardcore punk,0.40523255814
1484,chinese experimental,0.571782608696
1485,jazz composition,0.50287804878
1486,modern downshift,0.433979166667
1487,ethereal gothic,0.4515
1488,ghoststep,0.637527777778
1489,anime cv,0.54546
1490,modern free jazz,0.445543478261
1491,vintage schlager,0.620826086957
1492,song poem,0.557775510204
1493,neo-traditional country,0.587804347826
1494,deep orgcore,0.393733333333
1495,cryptic black metal,0.228935
1496,cinematic dubstep,0.653692307692
1497,vintage country folk,0.578306122449
1498,vintage gospel,0.463085106383
1499,gothic doom,0.350043478261
1500,deep symphonic black metal,0.3431
1501,vintage reggae,0.743285714286
1502,deep german jazz,0.479857142857
1503,twee indie pop,0.470769230769
1504,saxophone,0.333556097561
1505,dark electro-industrial,0.63016
1506,deep delta blues,0.557387755102
1507,caucasian folk,0.353539583333
1508,chip hop,0.511574468085
1509,deep breakcore,0.611717391304
1510,deep deep tech house,0.781914285714
1511,deep string quartet,0.33653
1512,necrogrind,0.349923333333
1513,central asian folk,0.405261702128
1514,drone psych,0.316808571429
1515,vintage swoon,0.524163265306
1516,rock noise,0.48626
1517,smooth urban r&b,0.57688372093
1518,deep latin jazz,0.560153846154
1519,vintage western,0.6045
