,genre,tempo
0,modern rock,125.8007
1,tropical house,112.59064
2,pop rap,122.75922449
3,pop,113.8999
4,post-teen pop,114.80606
5,rap,126.87532
6,rock,127.67078
7,dance pop,116.2386
8,trap music,128.8105
9,edm,110.86134
10,alternative rock,118.883755102
11,latin,115.52078
12,pop rock,118.46838
13,dwn trap,130.5829375
14,alternative metal,130.85738
15,neo mellow,117.74702
16,r&b,116.63294
17,southern hip hop,128.6346
18,hip hop,131.68508
19,classic rock,127.5867
20,mellow gold,124.9064
21,indie rock,122.23996
22,album rock,126.17588
23,viral pop,115.83624
24,reggaeton,123.05612
25,soft rock,126.45942
26,post-grunge,131.90342
27,indie r&b,112.8019
28,latin pop,110.87098
29,indie pop,119.52066
30,pop punk,126.46378
31,indietronica,111.89302
32,permanent wave,119.626458333
33,electro house,124.32122
34,tropical,118.56662
35,urban contemporary,113.7735
36,indie folk,118.00362
37,folk-pop,121.28752
38,singer-songwriter,126.5596
39,nu metal,131.67868
40,hard rock,124.7244
41,hip pop,121.824893617
42,contemporary country,118.49462
43,indie poptimism,115.899914894
44,big room,123.982021277
45,rap metal,124.05326
46,gangster rap,121.48754
47,canadian pop,120.58388
48,country road,115.00114
49,country,119.5087
50,folk rock,126.05938
51,garage rock,120.870204082
52,house,118.47178
53,grupera,135.625265306
54,latin hip hop,124.522021277
55,stomp and holler,118.670959184
56,underground hip hop,127.21152
57,chamber pop,119.50244
58,dirty south rap,129.993755102
59,rock en espanol,124.71072
60,regional mexican,128.54478
61,progressive house,120.93154
62,roots rock,119.85162
63,blues-rock,119.02614
64,funk rock,112.20008
65,alternative dance,120.81576
66,modern country rock,124.09918
67,dance rock,124.44208
68,trap latino,130.47275
69,europop,119.40424
70,new wave,124.99796
71,neo soul,114.2995
72,synthpop,120.52204
73,new wave pop,125.55152
74,adult standards,118.35802
75,banda,132.4888
76,latin alternative,127.42476
77,neo-psychedelic,123.93738
78,soul,109.69646
79,classic funk rock,119.24038
80,quiet storm,113.32388
81,emo,133.43604
82,psychedelic rock,122.78196
83,norteno,133.15256
84,spanish pop,119.62424
85,deep pop r&b,118.973021739
86,progressive electro house,126.8984
87,deep indie r&b,104.84994
88,rap rock,122.32498
89,art rock,125.27498
90,new rave,123.11174
91,latin arena pop,128.84148
92,escape room,114.66656
93,motown,119.7479
94,regional mexican pop,130.11846
95,screamo,138.23148
96,shimmer pop,111.67554
97,electronic,114.94856
98,brostep,132.78766
99,metal,132.92
100,new romantic,124.89748
101,teen pop,118.468
102,disco,113.70938
103,deep big room,123.518040816
104,indie anthem-folk,115.18162
105,pop reggaeton,120.18064
106,reggaeton flow,135.50456
107,crunk,124.64102
108,funk,115.9641
109,vapor soul,118.77736
110,trap francais,124.362543478
111,acoustic pop,124.26718
112,metropopolis,114.77684
113,deep tropical house,112.74858
114,west coast rap,119.081
115,deep german hip hop,114.10944898
116,metalcore,134.70084
117,punk,137.7673
118,deep funk carioca,122.39906
119,electronic trap,129.1772
120,focus,103.64414
121,new americana,116.68276
122,east coast hip hop,115.37652
123,folk,119.36674
124,francoton,119.966065217
125,sertanejo universitario,125.2165
126,hardcore hip hop,114.465375
127,southern rock,124.03452
128,brill building pop,115.43306
129,german hip hop,109.59455102
130,christian alternative rock,128.6371
131,jazz blues,115.27978
132,worship,128.07856
133,groove metal,121.33488
134,ranchera,127.72134
135,boy band,116.98366
136,piano rock,124.498836735
137,talent show,117.14778
138,freak folk,124.52582
139,swedish pop,119.49902
140,chillwave,117.68566
141,british blues,118.03712
142,modern blues,116.38672
143,vocal jazz,111.65552
144,argentine rock,125.02594
145,g funk,111.476081633
146,christian music,125.4391
147,redneck,128.2458
148,vegas indie,129.046081633
149,new jack swing,117.763163265
150,swedish idol pop,119.208408163
151,bass trap,130.89168
152,compositional ambient,107.79008
153,mpb,121.00232
154,country rock,123.08
155,dance-punk,128.64024
156,memphis soul,120.32136
157,ccm,125.30918
158,deep underground hip hop,120.29404
159,soundtrack,110.56418
160,cumbia pop,119.9912
161,noise pop,121.543959184
162,rock-and-roll,121.35954
163,soul blues,122.05266
164,k-pop,113.498367347
165,indie psych-rock,117.12268
166,protopunk,126.21922
167,moombahton,129.76824
168,lo-fi,115.1558
169,dream pop,127.414591837
170,anthem worship,130.25048
171,german pop,125.03402
172,electric blues,124.00802
173,outlaw country,109.58972
174,melodic metalcore,130.7361
175,detroit hip hop,115.02892
176,hollywood,116.29796
177,deep dutch hip hop,118.360804348
178,christian rock,129.16296
179,southern soul,121.16876
180,deep groove house,122.78666
181,korean pop,113.57798
182,chicago soul,118.549244898
183,indiecoustica,118.699571429
184,deep german pop rock,120.72874
185,cantautor,121.90486
186,glam metal,123.43966
187,pagode,122.5777
188,britpop,132.30274
189,italian arena pop,116.79534
190,traditional country,117.60866
191,glam rock,126.30826
192,alternative hip hop,109.75144
193,funk metal,112.8154
194,mariachi,129.25784
195,deep australian indie,116.26882
196,classify,106.6535
197,underground pop rap,116.11212
198,scorecore,106.672666667
199,italian pop,121.75388
200,samba,119.81986
201,tracestep,130.27278
202,complextro,127.94266
203,deep pop edm,116.72838
204,downtempo,122.551816327
205,trip hop,124.43208
206,grime,118.26802
207,british invasion,127.21338
208,speed metal,134.83266
209,channel pop,113.37784
210,classical,98.4749333333
211,catstep,131.96452
212,lilith,118.230877551
213,bachata,128.68632
214,bossa nova,113.08266
215,deep house,118.37482
216,skate punk,137.1889
217,melancholia,110.75716
218,vapor twitch,118.90526
219,lift kit,125.210285714
220,disco house,122.9626
221,symphonic rock,122.20354
222,comic,123.26162
223,pop emo,135.829212766
224,anti-folk,111.8786
225,grunge,122.190866667
226,duranguense,127.13318
227,australian dance,124.46966
228,traditional folk,116.09064
229,bubblegum pop,118.57522
230,otacore,118.73666
231,chillhop,94.7276122449
232,hoerspiel,102.021081633
233,australian alternative rock,124.75042
234,reggae fusion,114.31354
235,sertanejo,131.73072
236,la indie,112.9911
237,jazz,107.57178
238,rockabilly,118.5544
239,cumbia,116.61942
240,nueva cancion,111.32838
241,progressive rock,125.06494
242,texas country,124.94012
243,nu jazz,122.345734694
244,video game music,110.094186047
245,romantic,98.4749333333
246,roots reggae,118.79632
247,slow core,114.7808
248,swedish folk pop,123.54952
249,space rock,122.9287
250,madchester,128.06536
251,power metal,137.51612
252,progressive metal,137.7507
253,dancehall,113.209346939
254,nu gaze,117.40328
255,alt-indie rock,127.61928
256,french pop,113.34908
257,world worship,123.25798
258,reggae,119.85034
259,deep trap,125.440040816
260,opm,116.68246
261,alternative country,113.53056
262,deep danish pop,118.14088
263,mandopop,131.73682
264,spanish rock,132.084530612
265,industrial metal,125.79114
266,deep southern trap,131.01214
267,forro,146.53572
268,sky room,126.84806
269,brazilian hip hop,122.61266
270,nashville sound,117.4814
271,indie garage rock,112.65477551
272,taiwanese pop,131.73682
273,bolero,122.73856
274,thrash metal,130.14204
275,merseybeat,121.14172
276,danish pop,115.78898
277,lounge,116.06618
278,trance,128.36716
279,finnish dance pop,120.863958333
280,jam band,131.57976
281,deep latin hip hop,122.459571429
282,chamber psych,122.60498
283,jazz funk,112.9849
284,deep taiwanese pop,131.85084
285,turkish pop,111.06942
286,cool jazz,107.7376
287,post-punk,124.91488
288,salsa,113.78124
289,eurodance,129.8279
290,preverb,116.5887
291,brooklyn indie,124.272367347
292,c-pop,131.73682
293,swedish alternative rock,133.67634
294,minimal,103.05264
295,german techno,126.766693878
296,pixie,128.25448
297,chilean rock,120.91242
298,deep cumbia sonidera,126.89414
299,candy pop,131.264306122
300,filter house,117.74294
301,post-screamo,132.58014
302,punk blues,125.48554
303,vocal house,123.455040816
304,deep euro house,121.9595
305,deep new americana,107.62358
306,bow pop,125.6342
307,french hip hop,113.02368
308,alternative emo,133.55058
309,axe,124.555734694
310,big beat,127.000571429
311,cabaret,113.5784
312,finnish pop,123.614918367
313,progressive trance,128.43628
314,chanson,112.98016
315,swedish indie rock,128.71532
316,industrial rock,121.58082
317,merengue,122.39044
318,etherpop,119.427367347
319,garage psych,131.50488
320,jazz fusion,104.6501
321,power pop,128.31186
322,ninja,115.87552
323,cantopop,132.35377551
324,uk post-punk,127.135142857
325,melodic death metal,128.44996
326,deep swedish hip hop,113.3223
327,country dawn,131.451204082
328,bubblegum dance,127.5543
329,show tunes,112.633489796
330,post rock,107.00768
331,dutch hip hop,118.123040816
332,vallenato,122.04402
333,shiver pop,116.47584
334,italian hip hop,117.11974
335,dutch pop,118.316061224
336,post-disco,117.57114
337,bebop,108.73134
338,deep regional mexican,121.7263
339,spanish pop rock,128.30755102
340,modern classical,108.499045455
341,swedish eurodance,133.00412
342,contemporary post-bop,107.74848
343,minimal techno,122.54458
344,irish rock,127.10526
345,dutch house,130.446978723
346,turkish rock,122.063632653
347,easy listening,113.35272
348,swedish hip hop,123.542
349,danspunk,137.340387755
350,australian pop,118.6881
351,indonesian pop,122.51258
352,canadian indie,115.503979592
353,wrestling,129.049040816
354,microhouse,124.397469388
355,hip house,121.36624
356,cumbia villera,116.063204082
357,west coast trap,121.80008
358,texas blues,119.72504
359,celtic rock,131.96524
360,broadway,116.33214
361,pinoy alternative,118.57266
362,french indietronica,117.2826
363,blues,123.88916
364,acid jazz,120.063521739
365,anthem emo,129.580959184
366,chillstep,128.00012
367,movie tunes,116.15278
368,tech house,123.19172
369,uk funky,127.518816327
370,norwegian indie,120.648306122
371,progressive bluegrass,119.4391
372,classic swedish pop,120.447270833
373,traditional blues,118.60148
374,soul jazz,110.61688
375,stoner rock,128.32446
376,melodic hardcore,131.93926
377,experimental rock,116.97162
378,turntablism,119.03504
379,norwegian pop,122.74718
380,minimal dub,119.875530612
381,fourth world,99.688244898
382,electro,124.64164
383,swing,106.56716
384,latin christian,127.90616
385,dreamo,126.67148
386,indie jazz,109.0268
387,rock gaucho,124.25042
388,french rock,115.463326531
389,post-hardcore,131.77504
390,epicore,116.621791667
391,azontobeats,110.98974
392,zapstep,141.84486
393,deep chiptune,117.26708
394,sheffield indie,128.20314
395,uplifting trance,132.49374
396,noise rock,121.342170213
397,progressive post-hardcore,137.66566
398,hard bop,106.93942
399,antiviral pop,121.778040816
400,aussietronica,117.6569
401,indie punk,129.257
402,death core,136.663395833
403,electro latino,113.9862
404,ambient,97.619122449
405,reggae rock,120.18386
406,country blues,114.6114
407,anime,140.79652
408,deep funk,111.78562
409,new age,109.81484
410,french reggae,106.517266667
411,j-pop,128.1199
412,groove room,119.12286
413,lovers rock,111.81316
414,deep melodic euro house,117.42658
415,death metal,120.53282
416,nu disco,114.04977551
417,indie rockism,124.609387755
418,electro swing,120.131836735
419,country gospel,114.74606
420,neo classical metal,132.9389
421,mexican indie,135.640204082
422,uk garage,125.280918367
423,gothic metal,131.16604
424,stride,109.95024
425,industrial,123.53668
426,canadian metal,135.9197
427,future funk,108.77194
428,christian uplift,121.6868
429,brazilian gospel,130.113875
430,german metal,120.91516
431,swedish indie pop,124.53398
432,gauze pop,121.39746
433,turkish jazz,111.17888
434,christian hip hop,127.761591837
435,latin jazz,106.21162
436,stoner metal,132.46696
437,experimental,124.5563125
438,ska,128.16312
439,french indie pop,119.713645833
440,deep ccm,122.37466
441,merengue urbano,125.57142
442,classic norwegian pop,120.35755102
443,pub rock,126.98572
444,memphis blues,117.34338
445,ska punk,128.74316
446,suomi rock,130.696604167
447,afrobeats,107.8371
448,hyphy,105.98944898
449,liquid funk,149.07506
450,swedish synthpop,120.5658
451,chicago blues,117.4769
452,drill,130.39528
453,vaporwave,117.29334
454,neue deutsche harte,128.16856
455,louvor,113.805061224
456,world,116.632244898
457,dub,118.34568
458,smooth jazz,105.69164
459,drum and bass,149.8634
460,memphis hip hop,128.31994
461,j-rock,145.20836
462,new orleans blues,119.31174
463,new weird america,114.115520833
464,german pop rock,124.01826
465,old school hip hop,112.865081633
466,relaxative,103.53652
467,trova,108.31162
468,big band,114.45046
469,hardcore punk,144.59434
470,stomp pop,128.366
471,bass music,121.36862
472,flamenco,115.097851064
473,indonesian indie,113.007734694
474,comedy,100.52
475,baroque,95.9874482759
476,viking metal,138.19034
477,russelater,125.114714286
478,djent,128.214957447
479,mambo,105.96564
480,acoustic blues,117.00344
481,spanish indie pop,131.599918367
482,swedish metal,126.81014
483,delta blues,119.11524
484,norwegian rock,123.57212
485,deep texas country,120.438571429
486,gospel,110.303
487,christian relaxative,116.215934783
488,doo-wop,130.47524
489,icelandic pop,122.04652
490,latin metal,121.53144
491,cowboy western,114.22258
492,piedmont blues,125.96752
493,deep swedish indie pop,130.204276596
494,wonky,109.2656
495,hardstyle,140.04506
496,classical period,107.6828
497,minimal tech house,120.762510204
498,cumbia sonidera,123.59106
499,operatic pop,106.58548
500,meditation,85.20818
501,pop house,128.70886
502,dangdut,126.847102041
503,turkish folk,112.524530612
504,hands up,139.544938776
505,deep disco house,121.983714286
506,celtic,107.39854
507,desi,114.7512
508,shoegaze,122.43942
509,tejano,138.96428
510,boogaloo,110.69918
511,argentine reggae,121.11872
512,nwobhm,130.85688
513,deep hardstyle,144.367
514,dansband,122.7066
515,indian pop,115.49146
516,danish pop rock,123.968938776
517,japanese r&b,127.40044898
518,electropowerpop,132.0979
519,gothic symphonic metal,129.0146
520,intelligent dance music,133.18998
521,healing,89.4202
522,sleep,59.12258
523,finnish hip hop,110.2851
524,desi hip hop,119.230571429
525,schlager,126.525816327
526,melbourne bounce,128.73878
527,contemporary jazz,110.59244
528,drone,99.57604
529,symphonic metal,134.63686
530,spanish punk,132.899489796
531,filthstep,130.84578
532,louisiana blues,117.32964
533,children's music,124.080979592
534,cubaton,117.869469388
535,velha guarda,106.4537
536,electroclash,120.547020408
537,jangle pop,124.95882
538,brazilian indie,112.35755102
539,chicano rap,105.470061224
540,spanish hip hop,99.4334081633
541,uk drill,120.98856
542,folk punk,125.23798
543,k-hop,118.6663
544,retro electro,121.662877551
545,alternative r&b,116.17714
546,afrobeat,114.542
547,polish pop,113.362530612
548,opera,112.05865
549,british folk,116.613534884
550,nu-cumbia,107.47052
551,a cappella,114.745979592
552,j-dance,132.408367347
553,alternative pop rock,125.14788
554,j-rap,122.422040816
555,boston rock,124.2586
556,future garage,126.817816327
557,crossover thrash,132.50162
558,mathcore,131.31326
559,classic danish pop,119.340142857
560,german indie,119.7834
561,glitch,118.57666
562,coverchill,118.63246
563,jazz metal,129.95216
564,environmental,82.7850416667
565,reading,103.330875
566,filmi,116.20004
567,rumba,104.871583333
568,azonto,117.863959184
569,levenslied,125.809530612
570,polynesian pop,113.46112
571,glitch hop,119.103591837
572,melodipop,115.575979167
573,arabesk,119.173183673
574,zolo,118.1019
575,northern soul,125.70706
576,underground rap,114.6575
577,spanish new wave,125.9649
578,vapor pop,116.500363636
579,brazilian punk,129.5461
580,piano blues,119.64582
581,abstract hip hop,114.772387755
582,deep turkish pop,119.89444
583,christian dance,127.23774
584,neoclassical,117.39572
585,norwegian hip hop,123.2677
586,liedermacher,132.65744
587,discofox,132.312875
588,australian hip hop,116.95246
589,folk metal,136.11392
590,canadian country,124.333152174
591,strut,121.7069375
592,breakbeat,133.4827
593,sludge metal,130.18202
594,italo dance,131.310204082
595,bluegrass,125.33206
596,new tribe,115.9226
597,neo-singer-songwriter,110.25728
598,finnish metal,131.329914894
599,danseband,126.162195652
600,fluxwork,124.706204082
601,hardcore techno,138.17852
602,jump blues,126.13378
603,welsh rock,136.267428571
604,technical death metal,116.154693878
605,german punk,135.524591837
606,fingerstyle,116.892795918
607,float house,117.557265306
608,sleaze rock,121.78062
609,australian country,126.73064
610,deep uplifting trance,131.464102041
611,alternative ccm,125.395708333
612,folklore argentino,114.17754
613,kiwi rock,115.51984
614,alternative pop,128.30368
615,grave wave,128.16358
616,swamp blues,119.87976
617,electro jazz,109.58276
618,rock steady,117.274
619,slow game,117.36034
620,j-metal,137.16458
621,post-metal,119.589142857
622,techno,122.12754
623,no wave,127.9025
624,russian pop,123.14732
625,stomp and flutter,123.8094
626,portland indie,112.520836735
627,dutch rock,121.159734694
628,doom metal,122.92002
629,modern performance,113.93308
630,pagan black metal,118.5689375
631,black metal,123.2982
632,jump up,152.29586
633,pop flamenco,120.457102041
634,hard alternative,131.8304
635,christian metal,134.76772
636,kirtan,109.7382
637,neurofunk,153.13536
638,polish hip hop,119.555469388
639,drift,98.9657
640,dark jazz,109.93934
641,peruvian rock,119.937
642,deathgrind,119.44444
643,italian indie pop,138.26138
644,ectofolk,121.65144
645,symphonic black metal,120.64704
646,classic italian pop,119.15832
647,turkish hip hop,115.1398125
648,cuban rumba,111.68722
649,brega,113.636
650,deep norteno,114.877979592
651,happy hardcore,161.96826
652,carnaval,126.576489362
653,belgian rock,121.29006
654,chicago house,121.1551
655,medieval rock,128.579204082
656,irish folk,120.313266667
657,jungle,154.49238
658,chamame,125.9191
659,scottish rock,130.74142
660,rap chileno,97.32584
661,classic chinese pop,121.49614
662,dark wave,127.44558
663,progressive uplifting trance,133.040022222
664,orgcore,144.729844444
665,austindie,116.32924
666,idol,125.60826
667,chicago indie,119.7267
668,medieval,110.47514
669,avant-garde jazz,108.62282
670,eurovision,121.529591837
671,bay area indie,119.91606
672,romantico,119.67376
673,western swing,117.68852
674,russian rock,119.24748
675,japanese city pop,129.46626
676,new orleans jazz,114.70552
677,j-idol,126.09098
678,italian disco,123.47314
679,harmonica blues,113.93598
680,arab pop,113.81742
681,puerto rican rock,117.971918367
682,dubstep,140.08266
683,classic finnish pop,128.701866667
684,malaysian pop,117.923489796
685,outsider house,117.10232
686,mexican rock-and-roll,114.25592
687,portuguese rock,111.227122449
688,post-doom metal,126.23072
689,colombian rock,113.86426
690,sertanejo tradicional,117.844612245
691,brutal death metal,125.43102
692,soul flow,119.95384
693,salsa international,116.958795918
694,seattle indie,116.40528
695,avantgarde metal,118.3657
696,hardcore,135.50332
697,nasheed,123.726102041
698,gbvfi,127.72004
699,psychedelic doom,121.47936
700,celtic punk,133.65302
701,grindcore,123.672367347
702,quebecois,112.12318
703,austropop,133.899
704,brazilian ccm,113.169367347
705,funky tech house,124.06792
706,riddim,111.529326531
707,psychedelic trance,135.26712
708,speed garage,125.401916667
709,baile funk,126.746530612
710,classic russian rock,118.642795918
711,freestyle,119.766659574
712,j-poprock,126.88068
713,italian pop rock,124.811
714,ebm,130.97794
715,math pop,126.16114
716,barnmusik,116.934387755
717,spanish noise pop,130.6524375
718,warm drone,96.9026938776
719,soca,121.64758
720,nursery,121.70242
721,ethereal wave,118.99086
722,nintendocore,131.49806
723,african gospel,121.74966
724,garage pop,134.4647
725,world meditation,86.6555
726,destroy techno,123.68614
727,balearic,118.671020408
728,progressive deathcore,129.98512
729,math rock,123.2305
730,laiko,116.95212
731,acid house,120.911183673
732,albuquerque indie,119.44566
733,mande pop,112.90078
734,polish punk,122.777458333
735,russiavision,119.7471
736,deep latin christian,124.21882
737,indie dream pop,117.32766
738,kindermusik,116.576318182
739,emo punk,139.577292683
740,entehno,117.02132
741,bassline,129.51914
742,k-indie,111.04484
743,classic finnish rock,129.897979167
744,substep,135.52108
745,electrofox,108.80198
746,drill and bass,119.560408163
747,turbo folk,119.709693878
748,british alternative rock,130.79686
749,ambeat,102.72928
750,ska revival,133.847122449
751,deep minimal techno,124.426755556
752,bmore,132.754285714
753,british indie rock,137.42924
754,canterbury scene,119.68058
755,musica para ninos,120.81234
756,romanian pop,117.23404
757,chill lounge,111.741040816
758,rock catala,127.421893617
759,free jazz,118.16324
760,argentine indie,119.918571429
761,deep comedy,97.37726
762,twee pop,123.83934
763,classic garage rock,125.081959184
764,volksmusik,128.13626087
765,post-post-hardcore,130.388
766,electro-industrial,132.4101
767,gypsy jazz,123.65326
768,oi,133.38274
769,latin electronica,112.40358
770,straight edge,135.48994
771,christian hardcore,133.04116
772,kabarett,107.400276596
773,kraut rock,106.19082
774,steampunk,129.44232
775,singaporean pop,122.322857143
776,swedish hard rock,131.341061224
777,world fusion,125.13804
778,slovak pop,123.134040816
779,dansktop,115.666673469
780,surf music,133.1298
781,thai idol,122.89636
782,gabba,148.441166667
783,gothic rock,132.42577551
784,chaotic hardcore,122.62132
785,nu age,105.69568
786,bhangra,116.51482
787,canzone napoletana,110.01986
788,retro metal,125.787326531
789,cello,116.93784
790,mandible,106.0942
791,ballroom,116.50438
792,ye ye,114.15104
793,tango,116.144469388
794,swedish jazz,109.854265306
795,dixieland,109.55632
796,old-time,126.364083333
797,laboratorio,106.802387755
798,mashup,123.934428571
799,christelijk,114.113521739
800,freakbeat,126.4094
801,punjabi,116.818795918
802,alternative roots rock,123.22846
803,futurepop,129.89302
804,vancouver indie,120.51286
805,christian punk,134.29404
806,choro,109.52808
807,african rock,131.3524
808,deep talent show,126.63102
809,e6fi,126.4557
810,drone metal,115.21344898
811,nordic house,131.99322449
812,electro bailando,122.84146
813,early music,102.66682
814,psychobilly,132.33634
815,hawaiian,114.9563
816,horror punk,131.24444
817,andean,110.288
818,russian hip hop,118.693020408
819,detroit techno,122.556102041
820,progressive psytrance,135.229959184
821,comedy rock,126.14722449
822,thai pop,120.19024
823,psychill,126.910244898
824,orchestral,104.8008
825,tribal house,124.838229167
826,atmospheric black metal,124.60788
827,progressive trance house,125.3518125
828,deep indian pop,118.257591837
829,jazz trio,112.21514
830,classical performance,95.53712
831,persian pop,117.81456
832,fado,106.02942
833,classical piano,98.4144761905
834,uk hip hop,114.359122449
835,voidgaze,123.85586
836,danish hip hop,119.127918367
837,zouk riddim,139.82128
838,israeli rock,117.37614
839,czech rock,133.423959184
840,swedish reggae,124.825829787
841,exotica,124.07194
842,praise,114.29392
843,theme,111.81202
844,hungarian rock,131.97766
845,athens indie,121.33332
846,neo-trad metal,131.64448
847,dub techno,122.764673469
848,norwegian metal,124.82855102
849,venezuelan rock,124.63802
850,choral,94.4109130435
851,aggrotech,129.48312
852,neo-progressive,123.406979592
853,turkish alternative,125.685583333
854,hungarian pop,127.558886364
855,classic colombian pop,117.94388
856,kizomba,125.01274
857,avant-garde,91.39914
858,columbus ohio indie,122.633
859,czech folk,129.031638298
860,anime score,106.71968
861,visual kei,133.14196
862,mizrahi,119.08342
863,barnemusikk,118.16618
864,abstract beats,116.376612245
865,italian metal,118.81738
866,popgaze,133.396489796
867,indian folk,113.20164
868,deep latin alternative,121.079541667
869,power-pop punk,139.96864
870,ok indie,121.471
871,deep chill,112.548354167
872,classic turkish pop,107.96396
873,french movie tunes,115.095673469
874,bubble trance,132.062693878
875,goregrind,129.105285714
876,j-indie,133.73174
877,vintage italian soundtrack,99.40564
878,melodic hard rock,125.19402
879,deep tech house,123.290708333
880,dark cabaret,123.93986
881,shibuya-kei,120.616270833
882,deep pop punk,133.421416667
883,folkmusik,117.4386
884,power blues-rock,122.07684
885,rai,114.443387755
886,p funk,117.62138
887,swedish punk,136.903086957
888,russian punk,122.00926
889,spanish reggae,113.07784
890,black thrash,132.79956
891,fidget house,126.92255102
892,shimmer psych,114.10278
893,musica nativista,119.162357143
894,albanian pop,119.51154
895,horrorcore,125.22862
896,basque rock,136.096085106
897,violin,100.798545455
898,nu skool breaks,129.9186
899,melodic power metal,130.61564
900,turkish classical,110.766918367
901,highlife,113.99236
902,belly dance,126.65458
903,string quartet,119.24226
904,classic belgian pop,117.061326531
905,indie psych-pop,126.733040816
906,southern gospel,123.046612245
907,chiptune,123.73436
908,soukous,121.3906
909,lds,98.8070408163
910,instrumental post rock,109.758326531
911,irish country,122.044040816
912,brass band,123.62016
913,classic polish pop,122.693531915
914,bouncy house,167.23798
915,vintage swedish pop,111.305191489
916,timba,107.79798
917,classic peruvian pop,118.581693878
918,renaissance,98.91666
919,acid techno,132.88116
920,norwegian gospel,107.3817
921,yugoslav rock,119.039326531
922,dominican pop,121.33086
923,classic icelandic pop,109.181489362
924,arab folk,105.421895833
925,southern soul blues,103.16646
926,perth indie,120.63796
927,neue deutsche welle,137.00377551
928,swiss rock,123.35596
929,zouk,144.13536
930,deep melodic metalcore,124.12946
931,sega,121.052979592
932,mod revival,136.19976
933,pakistani pop,111.35455102
934,deep soul house,116.85764
935,french folk pop,122.445416667
936,deep christian rock,105.37818
937,c86,130.3451
938,rio de la plata,118.36
939,native american,93.9741632653
940,college a cappella,119.21634
941,uk dub,128.34122449
942,jazz bass,114.95436
943,miami bass,127.62634
944,ambient idm,114.42162
945,polish reggae,130.778734694
946,nordic folk,111.04392
947,hauntology,118.84166
948,vienna indie,129.798875
949,swamp pop,116.1869
950,modern uplift,134.6314375
951,catalan folk,124.599104167
952,chanson quebecois,112.010083333
953,girl group,118.02784
954,brazilian composition,110.75575
955,digital hardcore,122.73604
956,hip hop tuga,115.935617021
957,hip hop quebecois,122.150645833
958,deep neofolk,118.558285714
959,vintage french electronic,124.862918367
960,samba-enredo,120.399
961,vocaloid,140.12344898
962,italian jazz,104.10608
963,croatian pop,122.109479167
964,spanish folk,122.51038
965,hard minimal techno,132.90522449
966,vintage tango,116.09678
967,desert blues,122.01724
968,garage punk,131.63374
969,bounce,125.983113636
970,hiplife,114.8356875
971,mexican son,127.917291667
972,german oi,131.208142857
973,classical guitar,105.061326531
974,drumfunk,146.166
975,czech hip hop,123.438391304
976,appalachian folk,118.526408163
977,vietnamese pop,121.31162
978,balkan brass,123.90266
979,free improvisation,111.263148936
980,riot grrrl,141.37656
981,rosary,111.50548
982,electronica,112.58332
983,underground latin hip hop,111.791104167
984,karneval,133.393042553
985,serialism,94.1646530612
986,cante flamenco,112.501574468
987,tico,115.703877551
988,boogie-woogie,117.62486
989,morna,114.74896
990,ecuadoria,117.770387755
991,traditional rock 'n roll,118.17486
992,estonian pop,130.19068
993,tin pan alley,109.50796
994,german show tunes,119.9696
995,disco polo,128.61594
996,portuguese pop,116.52573913
997,mbalax,122.572530612
998,harpsichord,101.82958
999,deep soundtrack,90.92564
1000,polish indie,125.323571429
1001,cyber metal,126.695816327
1002,kids dance party,120.17624
1003,metal guitar,128.35902
1004,thrash core,132.64274
1005,outsider,116.816918367
1006,full on,139.641625
1007,composition d,93.219125
1008,deep liquid,164.062959184
1009,kompa,144.42042
1010,new age piano,100.6578
1011,heavy alternative,141.113959184
1012,jumpstyle,144.95956
1013,electropunk,123.02442
1014,classic czech pop,125.178023256
1015,stomp and whittle,124.5032
1016,slovak hip hop,119.238222222
1017,beats,127.367
1018,brutal deathcore,129.43312
1019,finnish indie,125.853041667
1020,makossa,123.095020408
1021,qawwali,116.05998
1022,kwaito house,121.555673469
1023,witch house,118.19044898
1024,j-ambient,104.771914286
1025,atmospheric post rock,114.97434
1026,zillertal,129.096543478
1027,gothic alternative,140.20622
1028,funk carioca,127.115854167
1029,latvian pop,120.827680851
1030,crust punk,131.41932
1031,oshare kei,127.079145833
1032,blackgaze,125.615938776
1033,psych gaze,119.117163265
1034,grunge pop,136.892714286
1035,orquesta tropical,130.447204082
1036,ghazal,104.12188
1037,classic venezuelan pop,126.767163265
1038,rva indie,122.26446
1039,irish indie,108.52442
1040,denver indie,125.51204
1041,world chill,117.550102041
1042,deep gothic post-punk,137.23574
1043,ethiopian pop,120.511061224
1044,deep rai,113.112652174
1045,electro dub,125.996478261
1046,traditional ska,131.24574
1047,hungarian hip hop,112.322022222
1048,fake,118.05378
1049,beatdown,122.33626
1050,deep acoustic pop,121.905
1051,drone folk,113.947265306
1052,canadian hip hop,106.168204082
1053,louisville indie,124.59634
1054,dirty texas rap,129.537571429
1055,neofolk,115.551979592
1056,neo-rockabilly,128.58784
1057,judaica,123.4658
1058,deep flow,123.560157895
1059,japanese psychedelic,118.1364
1060,ragtime,117.143714286
1061,anarcho-punk,133.62512
1062,workout,127.55864
1063,austrian hip hop,119.388270833
1064,guidance,107.66142
1065,traditional british folk,113.031979592
1066,calypso,113.89492
1067,orquesta tipica,119.1728
1068,swiss hip hop,121.9544375
1069,geek rock,122.022265306
1070,deep adult standards,106.96762
1071,blaskapelle,127.384531915
1072,classic french pop,118.1404
1073,nwothm,127.917306122
1074,deep smooth jazz,112.88748
1075,deep dance pop,116.87255102
1076,dark black metal,125.698346939
1077,abstract,113.3015
1078,tone,94.3976041667
1079,neo-synthpop,127.13554
1080,minimal melodic techno,123.065212766
1081,nerdcore,115.58848
1082,ukulele,118.3287
1083,kurdish folk,122.07622449
1084,ukrainian rock,117.627244898
1085,kayokyoku,110.148673469
1086,new beat,127.68275
1087,lithumania,115.961625
1088,modern southern rock,122.34124
1089,euroska,132.7163125
1090,k-rock,122.152122449
1091,classic soundtrack,101.78284
1092,zouglou,123.942816327
1093,australian indie,127.14204
1094,indie emo,122.828816327
1095,lo star,125.2845
1096,atmospheric post-metal,118.21042
1097,broken beat,111.29654
1098,acousmatic,95.44214
1099,minimal wave,126.679571429
1100,solipsynthm,118.426428571
1101,swedish prog,117.95746
1102,alternative americana,126.941081633
1103,darkstep,151.701755102
1104,nl folk,127.27582
1105,marching band,115.892795918
1106,lounge house,123.135234043
1107,semba,120.721958333
1108,underground power pop,130.3165
1109,psychedelic blues-rock,128.065875
1110,crack rock steady,118.93602
1111,vegan straight edge,114.594734694
1112,motivation,94.58636
1113,schranz,125.722836735
1114,traditional swing,125.669291667
1115,chalga,124.649591837
1116,musiikkia lapsille,122.576478261
1117,footwork,127.08812
1118,breakcore,112.282428571
1119,yoik,114.898
1120,leeds indie,125.589571429
1121,tribute,122.85
1122,funky breaks,114.950510204
1123,indian classical,123.329916667
1124,didgeridoo,115.529744681
1125,classic dutch pop,129.364897959
1126,slc indie,132.7521
1127,deep contemporary country,125.769530612
1128,danish indie,117.442833333
1129,belgian indie,119.394833333
1130,jazz brass,107.827612245
1131,deep brazilian pop,108.855042553
1132,corrosion,128.33102
1133,black death,119.73822
1134,japanese jazztronica,131.00022
1135,electro trash,122.253469388
1136,classic afrobeat,108.4649
1137,gothic americana,127.307244898
1138,slavic metal,127.9765
1139,dark hardcore,169.188065217
1140,scratch,111.591714286
1141,traditional scottish folk,131.928918367
1142,hebrew pop,119.29532
1143,garage punk blues,122.88298
1144,hindustani classical,121.124541667
1145,indie singer-songwriter,118.50296
1146,deep german punk,125.738934783
1147,deep disco,120.68254
1148,electronicore,131.312795918
1149,zydeco,129.63808
1150,usbm,129.0113
1151,string folk,106.945061224
1152,beach music,122.656652174
1153,luk thung,121.973795918
1154,michigan indie,122.78286
1155,south african jazz,119.95162
1156,islamic recitation,114.435183673
1157,spanish invasion,123.414375
1158,russian alternative,132.788625
1159,deep orchestral,105.21012766
1160,mallet,127.455104167
1161,dark ambient,92.3784285714
1162,ragga jungle,143.435166667
1163,progressive alternative,117.52316
1164,fast melodic punk,144.100673913
1165,martial industrial,121.706131579
1166,deep discofox,134.164265306
1167,enka,109.291375
1168,kwaito,117.087795918
1169,porro,119.3453
1170,power violence,123.01804
1171,finnish hardcore,122.874704545
1172,neurostep,141.281479167
1173,classic russian pop,132.193897959
1174,vapor house,133.340061224
1175,deep melodic hard rock,134.519
1176,downtempo fusion,125.3462
1177,ostrock,121.878695652
1178,spanish classical,112.348744681
1179,monastic,99.5909387755
1180,string band,122.99436
1181,ambient psychill,127.262877551
1182,faroese pop,123.854346939
1183,musica per bambini,128.325666667
1184,rebetiko,115.9325
1185,romanian rock,120.058659574
1186,panpipe,110.7670625
1187,afrikaans,127.355041667
1188,abstract idm,121.324979592
1189,deep psychobilly,129.45058
1190,ugandan pop,117.71352
1191,bass trip,115.15726
1192,power electronics,115.73694
1193,french punk,135.578122449
1194,library music,120.413265306
1195,j-reggae,116.162108696
1196,russian folk,116.09222
1197,musique pour enfants,118.952918367
1198,hard house,135.787958333
1199,concert piano,91.3796122449
1200,trash rock,126.669208333
1201,wind ensemble,100.4216
1202,deep liquid bass,157.358446809
1203,deep jazz guitar,109.882510204
1204,norwegian jazz,108.705358974
1205,neo metal,122.637591837
1206,gospel reggae,113.956791667
1207,traditional soul,125.73324
1208,persian traditional,110.38034
1209,coupe decale,127.291204082
1210,italian progressive rock,126.963102041
1211,manele,140.163787234
1212,magyar,122.442113636
1213,melodic progressive metal,122.510456522
1214,japanoise,117.306326531
1215,bay area hip hop,115.01768
1216,german ccm,118.960326087
1217,bossa nova jazz,114.703166667
1218,deep opera,98.0779111111
1219,greek indie,119.780020408
1220,consort,104.754714286
1221,chaotic black metal,127.136604167
1222,classic schlager,125.232456522
1223,rap metalcore,133.258
1224,slam death metal,127.620041667
1225,deep ambient,93.7916
1226,nz indie,122.978604167
1227,polyphony,101.230836735
1228,deep progressive trance,128.5241875
1229,galego,126.261125
1230,indie fuzzpop,121.129387755
1231,experimental psych,120.59366
1232,iskelma,116.676574468
1233,italian folk,120.617130435
1234,tekno,140.146658537
1235,shanty,116.33994
1236,dark psytrance,144.5684
1237,breton folk,106.3715
1238,jig and reel,111.756653061
1239,military band,101.846770833
1240,technical brutal death metal,128.326428571
1241,armenian folk,119.6173
1242,gamecore,115.47206
1243,tzadik,110.7285
1244,neo-pagan,114.08416
1245,go-go,137.839632653
1246,deep folk metal,130.492604167
1247,contemporary composition,108.587083333
1248,deep canadian indie,137.33168
1249,liturgical,102.833836735
1250,speedcore,132.082630435
1251,depressive black metal,126.022693878
1252,accordion,126.918319149
1253,skinhead reggae,117.103095238
1254,bulgarian rock,117.030106383
1255,harp,99.3146956522
1256,ambient fusion,122.02325
1257,funeral doom,116.915340909
1258,pipe band,118.474428571
1259,remix,141.44144898
1260,screamocore,139.101204082
1261,danish jazz,120.417877551
1262,future ambient,116.721166667
1263,deep soft rock,108.947734694
1264,spoken word,99.92704
1265,klezmer,122.28102381
1266,j-core,146.370553191
1267,deep german indie,124.634357143
1268,minimal dubstep,137.4975
1269,deep sunset lounge,129.476477273
1270,bemani,110.457285714
1271,indorock,125.274854167
1272,flick hop,109.407
1273,indie shoegaze,122.295354167
1274,vintage chanson,102.749170213
1275,greek house,118.783893617
1276,punta,119.866938776
1277,doujin,127.77572
1278,corsican folk,117.304191489
1279,nepali,109.11426
1280,screamo punk,122.79632
1281,ghettotech,130.619489796
1282,west african jazz,122.268270833
1283,college marching band,128.34744898
1284,kuduro,133.015688889
1285,neo-industrial rock,138.060612245
1286,greek hip hop,109.191520833
1287,barbershop,111.7589
1288,jazz orchestra,127.514755102
1289,benga,126.669122449
1290,brass ensemble,114.883458333
1291,stl indie,123.032387755
1292,deep happy hardcore,168.613708333
1293,hard glam,138.062061224
1294,blues-rock guitar,122.637382979
1295,mantra,124.485565217
1296,british dance band,112.676288889
1297,guitar case,129.145306122
1298,african percussion,127.062916667
1299,dallas indie,126.982765957
1300,geek folk,118.6528
1301,carnatic,124.963978261
1302,deep darkpsy,154.393066667
1303,triangle indie,126.51198
1304,cumbia funk,109.837520833
1305,thrash-groove metal,128.980586957
1306,outer hip hop,105.584217391
1307,throat singing,121.228958333
1308,swedish pop punk,134.732577778
1309,sinhala,112.998234043
1310,dark minimal techno,126.313577778
1311,chinese traditional,106.7463
1312,deep deep house,122.386
1313,italian punk,128.132159091
1314,unblack metal,129.89993617
1315,deep vocal jazz,114.573042553
1316,cornetas y tambores,103.362913043
1317,jug band,119.548625
1318,indie pop rock,127.99955102
1319,power noise,134.144478261
1320,capoeira,102.631212766
1321,commons,121.259744681
1322,post-disco soul,113.584291667
1323,halloween,120.087479167
1324,contemporary folk,118.356020408
1325,finnish jazz,119.347318182
1326,chinese indie rock,128.919234043
1327,byzantine,94.332755102
1328,zim,122.001065217
1329,black sludge,122.814387755
1330,vintage jazz,132.568408163
1331,dubsteppe,127.398085106
1332,deep psytrance,129.616591837
1333,street punk,129.549173913
1334,breaks,134.20312766
1335,drama,103.872208333
1336,abstractro,111.809102041
1337,deep new wave,125.999479167
1338,gospel blues,129.369479167
1339,light music,103.620489362
1340,deep southern soul,111.90944898
1341,deep indie rock,118.728428571
1342,mexican traditional,127.246816327
1343,gothic post-punk,130.052877551
1344,cajun,133.75462
1345,northern irish indie,121.92787234
1346,british brass band,102.669595745
1347,deep indie singer-songwriter,116.844391304
1348,noise punk,132.892166667
1349,traditional funk,123.870574468
1350,polish jazz,100.663020833
1351,baroque ensemble,108.07792
1352,deep ragga,107.314956522
1353,demoscene,122.421673913
1354,japanese traditional,102.4971
1355,deep downtempo fusion,121.567708333
1356,heavy gothic rock,128.480395833
1357,bangla,120.949659574
1358,covertrance,125.460795455
1359,deep vocal house,127.070688889
1360,deep freestyle,120.501395833
1361,classical organ,95.8023191489
1362,deep full on,138.859818182
1363,makina,135.299468085
1364,c64,127.9805625
1365,spytrack,110.477612245
1366,classical flute,105.851653061
1367,musique concrete,97.4353617021
1368,grim death metal,115.165043478
1369,polka,126.33522449
1370,slash punk,124.7870625
1371,muziek voor kinderen,124.473807692
1372,deep jazz fusion,121.199826087
1373,classic eurovision,121.53548
1374,chamber choir,96.534875
1375,skiffle,115.614361702
1376,poetry,100.289041667
1377,deep funk house,122.262978723
1378,fallen angel,134.5899375
1379,electroacoustic improvisation,103.941976744
1380,steelpan,125.70704
1381,belorush,125.546382979
1382,fussball,137.15244898
1383,oratory,105.398617021
1384,deep east coast hip hop,110.897469388
1385,grisly death metal,129.142020408
1386,traditional reggae,127.932465116
1387,spanish indie rock,136.033520833
1388,sunset lounge,122.545023256
1389,early music ensemble,109.235869565
1390,contemporary classical,101.934367347
1391,lowercase,98.9875333333
1392,punk ska,116.36384
1393,deep progressive house,122.781822222
1394,indian rock,121.011354167
1395,clarinet,106.595842105
1396,deep jazz piano,105.527553191
1397,deep melodic death metal,132.77608
1398,hardcore breaks,140.600652174
1399,skinhead oi,126.820173913
1400,vintage swing,117.378673913
1401,hatecore,133.518886364
1402,glitch beats,122.160933333
1403,villancicos,115.110866667
1404,deep classic garage rock,118.992021277
1405,deep indie pop,123.408042553
1406,neo soul-jazz,112.540744681
1407,deep pop emo,144.125288889
1408,traditional rockabilly,122.844382979
1409,deep nordic folk,100.090291667
1410,klapa,114.600311111
1411,deep swedish rock,135.282959184
1412,crossover prog,129.508066667
1413,football,118.847770833
1414,organic ambient,120.948787234
1415,soda pop,114.678653061
1416,deep chill-out,121.799695652
1417,deep hardcore,147.055021739
1418,deep filthstep,135.130181818
1419,wrock,124.37244898
1420,norwegian punk,122.905875
1421,deep northern soul,121.460659574
1422,experimental dubstep,127.576782609
1423,deep free jazz,115.15384
1424,raw black metal,129.60958
1425,thai indie,129.190911111
1426,classic psychedelic rock,124.444446809
1427,gamelan,109.79055102
1428,deep surf music,139.162787234
1429,dubstep product,131.977340426
1430,goa trance,138.070363636
1431,deep italo disco,122.534844444
1432,deep thrash metal,120.317041667
1433,deep g funk,110.51123913
1434,accordeon,124.904306122
1435,charred death,114.295818182
1436,ambient dub techno,124.358255319
1437,slovenian rock,133.884085106
1438,maghreb,122.253914894
1439,re:techno,128.169111111
1440,malagasy folk,121.337434783
1441,hard stoner rock,114.207978261
1442,dark progressive house,124.550088889
1443,zeuhl,121.802533333
1444,neo honky tonk,122.68577551
1445,tanzlmusi,112.026166667
1446,deep dub techno,119.960434783
1447,j-punk,136.108326531
1448,noise,125.396622222
1449,chill groove,113.02202439
1450,tibetan,116.097488889
1451,deep punk rock,143.800931818
1452,deep power-pop punk,130.52525
1453,j-poppunk,132.153795455
1454,italo beats,137.56975
1455,deep space rock,121.24493617
1456,deep motown,112.932166667
1457,kc indie,129.4842
1458,new jack smooth,117.567645833
1459,deep nz indie,129.197170213
1460,alternative metalcore,122.16273913
1461,chinese opera,115.245977778
1462,vintage rockabilly,117.69722
1463,deep eurodance,127.874857143
1464,deep cello,105.887591837
1465,chill-out trance,127.751791667
1466,german street punk,132.689782609
1467,terrorcore,150.147358974
1468,doomcore,137.266152174
1469,twin cities indie,121.41075
1470,french folk,119.374918367
1471,glitter trance,128.622541667
1472,nu electro,128.827933333
1473,indie emo rock,121.967268293
1474,deep classical piano,109.447645833
1475,ceilidh,125.19925
1476,alternative hardcore,114.657976744
1477,jangle rock,117.566104167
1478,skweee,132.787565217
1479,bulgarian folk,104.1556875
1480,deep neo-synthpop,128.485826087
1481,rhythm and boogie,122.674145833
1482,swedish jazz orkester,118.942632653
1483,deep hardcore punk,125.321837209
1484,chinese experimental,122.338
1485,jazz composition,114.62695122
1486,modern downshift,134.149541667
1487,ethereal gothic,126.711847826
1488,ghoststep,135.664972222
1489,anime cv,141.43242
1490,modern free jazz,103.490347826
1491,vintage schlager,122.291130435
1492,song poem,123.502387755
1493,neo-traditional country,117.795456522
1494,deep orgcore,125.494288889
1495,cryptic black metal,136.632475
1496,cinematic dubstep,128.207666667
1497,vintage country folk,119.538755102
1498,vintage gospel,106.185978723
1499,gothic doom,125.480586957
1500,deep symphonic black metal,134.129530612
1501,vintage reggae,110.111714286
1502,deep german jazz,118.423163265
1503,twee indie pop,117.765307692
1504,saxophone,101.392146341
1505,dark electro-industrial,128.07312
1506,deep delta blues,117.143530612
1507,caucasian folk,110.672958333
1508,chip hop,128.481083333
1509,deep breakcore,129.331369565
1510,deep deep tech house,128.057657143
1511,deep string quartet,105.18572
1512,necrogrind,122.6754
1513,central asian folk,114.428276596
1514,drone psych,107.530685714
1515,vintage swoon,113.667877551
1516,rock noise,123.03442
1517,smooth urban r&b,113.985162791
1518,deep latin jazz,119.943512821
1519,vintage western,116.54325
