genre,acousticness
modern rock,0.09835026
tropical house,0.1218956
pop rap,0.150306816327
pop,0.1758476
post-teen pop,0.2084922
rap,0.14520918
rock,0.113103332
dance pop,0.1547644
trap music,0.1337901
edm,0.1341292
alternative rock,0.0521287387755
latin,0.1731368
pop rock,0.24491124
dwn trap,0.1459084375
alternative metal,0.022730336
neo mellow,0.3834132
r&b,0.1924912
southern hip hop,0.1606557
hip hop,0.14099428
classic rock,0.183441632
mellow gold,0.21592988
indie rock,0.13141604
album rock,0.19656002
viral pop,0.3368672
reggaeton,0.2035708
soft rock,0.21453254
post-grunge,0.025863536
indie r&b,0.4437952
latin pop,0.2121496
indie pop,0.17391748
pop punk,0.038683852
indietronica,0.12433524
permanent wave,0.0771762625
electro house,0.08587976
tropical,0.2301188
urban contemporary,0.294365
indie folk,0.4816054
folk-pop,0.4774748
singer-songwriter,0.41431146
nu metal,0.013905774
hard rock,0.093270404
hip pop,0.250107404255
contemporary country,0.15574418
indie poptimism,0.222808085106
big room,0.116841021277
rap metal,0.022375214
gangster rap,0.1182484
canadian pop,0.2215594
country road,0.15126378
country,0.17690194
folk rock,0.30481486
garage rock,0.0818645183673
house,0.12754142
grupera,0.455979591837
latin hip hop,0.218234680851
stomp and holler,0.40073244898
underground hip hop,0.16472812
chamber pop,0.6159626
dirty south rap,0.11445122449
rock en espanol,0.2784994
regional mexican,0.561186
progressive house,0.133813466
roots rock,0.2609303
blues-rock,0.140264018
funk rock,0.09906636
alternative dance,0.108178676
modern country rock,0.1351821
dance rock,0.1905736
trap latino,0.279012045455
europop,0.126728
new wave,0.1582195
neo soul,0.3740424
synthpop,0.170591388
new wave pop,0.17862856
adult standards,0.5703
banda,0.48386
latin alternative,0.2995876
neo-psychedelic,0.128927408
soul,0.3431458
classic funk rock,0.20855844
quiet storm,0.2700282
emo,0.022428262
psychedelic rock,0.29836246
norteno,0.44678
spanish pop,0.259386
deep pop r&b,0.301690826087
progressive electro house,0.083390322
deep indie r&b,0.52507496
rap rock,0.017792818
art rock,0.256824744
new rave,0.066637688
latin arena pop,0.3439694
escape room,0.2091844
motown,0.3269038
regional mexican pop,0.534438
screamo,0.02369578
shimmer pop,0.10113928
electronic,0.14093442
brostep,0.09008994
metal,0.0540911172
new romantic,0.1657986
teen pop,0.18548
disco,0.258444
deep big room,0.120928489796
indie anthem-folk,0.5871526
pop reggaeton,0.1946726
reggaeton flow,0.2624626
crunk,0.1260454
funk,0.25212986
vapor soul,0.3823306
trap francais,0.250604782609
acoustic pop,0.4473738
metropopolis,0.22025208
deep tropical house,0.14970112
west coast rap,0.1324901
deep german hip hop,0.168020653061
metalcore,0.007369572
punk,0.033401138
deep funk carioca,0.31400112
electronic trap,0.11189358
focus,0.9664
new americana,0.5610764
east coast hip hop,0.18048602
folk,0.469516
francoton,0.195496086957
sertanejo universitario,0.35097
hardcore hip hop,0.1454005
southern rock,0.18427672
brill building pop,0.479352
german hip hop,0.207101742857
christian alternative rock,0.12799556
jazz blues,0.70652
worship,0.14356452
groove metal,0.0027429816
ranchera,0.382494
boy band,0.1596262
piano rock,0.204279428571
talent show,0.2022674
freak folk,0.421043262
swedish pop,0.17418508
chillwave,0.112751058
british blues,0.24338228
modern blues,0.4057158
vocal jazz,0.7891
argentine rock,0.20583362
g funk,0.122458367347
christian music,0.13431764
redneck,0.10733622
vegas indie,0.0696512244898
new jack swing,0.190324979592
swedish idol pop,0.213716469388
bass trap,0.14399756
compositional ambient,0.88798
mpb,0.5992718
country rock,0.2650604
dance-punk,0.108202064
memphis soul,0.4396076
ccm,0.15144592
deep underground hip hop,0.25200984
soundtrack,0.77423
cumbia pop,0.1768414
noise pop,0.165978959184
rock-and-roll,0.50848226
soul blues,0.4448988
k-pop,0.118767918367
indie psych-rock,0.1674448
protopunk,0.26164788
moombahton,0.05814164
lo-fi,0.29354984
dream pop,0.329433285714
anthem worship,0.14728058
german pop,0.326057128
electric blues,0.3340646
outlaw country,0.29082918
melodic metalcore,0.005178858
detroit hip hop,0.183992
hollywood,0.531312158
deep dutch hip hop,0.168081717391
christian rock,0.1463435
southern soul,0.4464416
deep groove house,0.03665436
korean pop,0.20019206
chicago soul,0.423323265306
indiecoustica,0.393180408163
deep german pop rock,0.219057128
cantautor,0.408278
glam metal,0.06681614
pagode,0.56976
britpop,0.092176368
italian arena pop,0.2601996
traditional country,0.33429
glam rock,0.2555523
alternative hip hop,0.1619064
funk metal,0.0416019582
mariachi,0.437792
deep australian indie,0.34865048
classify,0.95336
underground pop rap,0.15238274
scorecore,0.623590127083
italian pop,0.3567336
samba,0.577296
tracestep,0.15676446
complextro,0.06234974
deep pop edm,0.1651062
downtempo,0.310824897959
trip hop,0.2786164
grime,0.2196802
british invasion,0.26840006
speed metal,0.0113170132
channel pop,0.656956
classical,0.975133333333
catstep,0.09996286
lilith,0.410666610204
bachata,0.389494
bossa nova,0.8241
deep house,0.0818015
skate punk,0.024817602
melancholia,0.68768
vapor twitch,0.26593366
lift kit,0.119170591837
disco house,0.053947912
symphonic rock,0.3141888
comic,0.227299008
pop emo,0.0618731021277
anti-folk,0.4256624
grunge,0.110032183556
duranguense,0.30361
australian dance,0.11715214
traditional folk,0.532264
bubblegum pop,0.388206
otacore,0.21856161
chillhop,0.550997959184
hoerspiel,0.651448979592
australian alternative rock,0.17229352
reggae fusion,0.1336235
sertanejo,0.404536
la indie,0.06311178
jazz,0.88348
rockabilly,0.533904
cumbia,0.2002772
nueva cancion,0.6020456
progressive rock,0.2944372
texas country,0.14108758
nu jazz,0.273171408163
video game music,0.446847685581
romantic,0.975133333333
roots reggae,0.1533544
slow core,0.73918027
swedish folk pop,0.3812136
space rock,0.32128926
madchester,0.082905236
power metal,0.0115188092
progressive metal,0.0127289706
dancehall,0.180821530612
nu gaze,0.243574634
alt-indie rock,0.051267904
french pop,0.47611
world worship,0.1753116
reggae,0.1417644
deep trap,0.112483591837
opm,0.548144
alternative country,0.429298
deep danish pop,0.2088742
mandopop,0.495584
spanish rock,0.237792520408
industrial metal,0.004385564
deep southern trap,0.10089426
forro,0.335906
sky room,0.04104934
brazilian hip hop,0.17211448
nashville sound,0.381346
indie garage rock,0.381978836735
taiwanese pop,0.495584
bolero,0.532996
thrash metal,0.0090465542
merseybeat,0.3094814
danish pop,0.34091048
lounge,0.69096
trance,0.04334458
finnish dance pop,0.105697825
jam band,0.3403842
deep latin hip hop,0.229212346939
chamber psych,0.32481228
jazz funk,0.4552702
deep taiwanese pop,0.490424
turkish pop,0.13866344
cool jazz,0.89168
post-punk,0.129146488
salsa,0.430604
eurodance,0.074832142
preverb,0.2698710246
brooklyn indie,0.171409889796
c-pop,0.495584
swedish alternative rock,0.040686998
minimal,0.93702
german techno,0.073443644898
pixie,0.060128604
chilean rock,0.3429704
deep cumbia sonidera,0.2807132
candy pop,0.060382077551
filter house,0.132249973
post-screamo,0.004439074
punk blues,0.106420986
vocal house,0.0556150122449
deep euro house,0.0874990014
deep new americana,0.562972
bow pop,0.40732561
french hip hop,0.2800037
alternative emo,0.126689286
axe,0.385046938776
big beat,0.148479367347
cabaret,0.84014
finnish pop,0.177627487755
progressive trance,0.032239334
chanson,0.6276748
swedish indie rock,0.276208288
industrial rock,0.048034056
merengue,0.410924
etherpop,0.262390612245
garage psych,0.14442611
jazz fusion,0.8144858
power pop,0.12457104
ninja,0.13174516
cantopop,0.505074897959
uk post-punk,0.147499563265
melodic death metal,0.0105757808
deep swedish hip hop,0.1613184
country dawn,0.29017755102
bubblegum dance,0.07869248
show tunes,0.681897959184
post rock,0.58120776
dutch hip hop,0.256102428571
vallenato,0.2197308
shiver pop,0.299391422
italian hip hop,0.18174362
dutch pop,0.316884204082
post-disco,0.1271714
bebop,0.90058
deep regional mexican,0.42944
spanish pop rock,0.342820408163
modern classical,0.960045454545
swedish eurodance,0.06595304
contemporary post-bop,0.87676
minimal techno,0.104540584
irish rock,0.126044108
dutch house,0.049841106383
turkish rock,0.243372040816
easy listening,0.6985
swedish hip hop,0.24172444
danspunk,0.130736777143
australian pop,0.202507468
indonesian pop,0.4967186
canadian indie,0.141618918367
wrestling,0.0301495367347
microhouse,0.254205938776
hip house,0.029680382
cumbia villera,0.233642857143
west coast trap,0.1355902
texas blues,0.3234562
celtic rock,0.11567918
broadway,0.514384
pinoy alternative,0.4767246
french indietronica,0.288886
blues,0.4336092
acid jazz,0.268031732609
anthem emo,0.104504657143
chillstep,0.17918132
movie tunes,0.6389
tech house,0.043408626
uk funky,0.10619522449
norwegian indie,0.329481428571
progressive bluegrass,0.592594
classic swedish pop,0.494902083333
traditional blues,0.487122
soul jazz,0.83912
stoner rock,0.0795733912
melodic hardcore,0.027421094
experimental rock,0.26500251
turntablism,0.1282422
norwegian pop,0.2435726
minimal dub,0.188183252857
fourth world,0.930816326531
electro,0.1236679188
swing,0.8728
latin christian,0.277625646
dreamo,0.2097970536
indie jazz,0.380886
rock gaucho,0.28994054
french rock,0.384844244898
post-hardcore,0.0472551782
epicore,0.314588125
azontobeats,0.2764744
zapstep,0.021813738
deep chiptune,0.2863851834
sheffield indie,0.072176806
uplifting trance,0.018196714
noise rock,0.189365202128
progressive post-hardcore,0.0303659596
hard bop,0.88834
antiviral pop,0.132975793878
aussietronica,0.21937966
indie punk,0.138780682
death core,0.000902864583333
electro latino,0.178109
ambient,0.91293877551
reggae rock,0.12278485
country blues,0.4424332
anime,0.094094838
deep funk,0.26171206
new age,0.828292
french reggae,0.160292844444
j-pop,0.083714876
groove room,0.05665816
lovers rock,0.1369872
deep melodic euro house,0.12113533
death metal,0.0016182238
nu disco,0.118977414286
indie rockism,0.0403184387755
electro swing,0.217373653061
country gospel,0.4896582
neo classical metal,0.0517461252
mexican indie,0.125257204082
uk garage,0.127359469388
gothic metal,0.0186690842
stride,0.87194
industrial,0.10259421
canadian metal,0.018998054
future funk,0.6467802
christian uplift,0.3070916
brazilian gospel,0.357278354167
german metal,0.02998166
swedish indie pop,0.32996886
gauze pop,0.27505534
turkish jazz,0.38293
christian hip hop,0.104999714286
latin jazz,0.60904
stoner metal,0.0568012924
experimental,0.247514102083
ska,0.123453146
french indie pop,0.3489820625
deep ccm,0.16883888
merengue urbano,0.2808052
classic norwegian pop,0.360803265306
pub rock,0.13601253
memphis blues,0.60201
ska punk,0.081552892
suomi rock,0.06668203375
afrobeats,0.2306904
hyphy,0.121704183673
liquid funk,0.02845076
swedish synthpop,0.122284
chicago blues,0.5298386
drill,0.19255246
vaporwave,0.3877574474
neue deutsche harte,0.008025326
louvor,0.527389795918
world,0.562860612245
dub,0.1771988
smooth jazz,0.316074
drum and bass,0.0436451628
memphis hip hop,0.09157154
j-rock,0.045146116
new orleans blues,0.520262
new weird america,0.439931458333
german pop rock,0.24497348
old school hip hop,0.0882681428571
relaxative,0.885754
trova,0.6142216
big band,0.88274
hardcore punk,0.036272314
stomp pop,0.1445621828
bass music,0.24497914
flamenco,0.698229787234
indonesian indie,0.478644081633
comedy,0.77102
baroque,0.974448275862
viking metal,0.003120355
russelater,0.128544
djent,0.0174449538298
mambo,0.508544
acoustic blues,0.652704
spanish indie pop,0.285986040816
swedish metal,0.0037389344
delta blues,0.6189366
norwegian rock,0.3552347906
deep texas country,0.135683367347
gospel,0.1975592
christian relaxative,0.655442173913
doo-wop,0.65514
icelandic pop,0.42306486
latin metal,0.070613288
cowboy western,0.600042
piedmont blues,0.662862
deep swedish indie pop,0.326615638298
wonky,0.26042158
hardstyle,0.054343994
classical period,0.9712
minimal tech house,0.0745586953061
cumbia sonidera,0.2392486
operatic pop,0.79318
meditation,0.545941
pop house,0.0822101
dangdut,0.389774081633
turkish folk,0.445563265306
hands up,0.087171244898
deep disco house,0.0598989918367
celtic,0.83268
desi,0.2342066
shoegaze,0.22675035
tejano,0.318314
boogaloo,0.474964
argentine reggae,0.2116446
nwobhm,0.015379312
deep hardstyle,0.0357148163265
dansband,0.225799111111
indian pop,0.2206606
danish pop rock,0.297344208163
japanese r&b,0.1547233
electropowerpop,0.045912546
gothic symphonic metal,0.0448797144
intelligent dance music,0.265355132
healing,0.877354
sleep,0.352586982
finnish hip hop,0.22502188
desi hip hop,0.25489755102
schlager,0.330051836735
melbourne bounce,0.03045758
contemporary jazz,0.765416
drone,0.815588
symphonic metal,0.018274758
spanish punk,0.0872386430612
filthstep,0.03088936
louisiana blues,0.5911954
children's music,0.276386791837
cubaton,0.289260816327
velha guarda,0.614568
electroclash,0.0944430289796
jangle pop,0.13515287
brazilian indie,0.467154693878
chicano rap,0.203208816327
spanish hip hop,0.311789795918
uk drill,0.236668
folk punk,0.318231228
k-hop,0.1684626
retro electro,0.0685572973469
alternative r&b,0.22538632
afrobeat,0.1826399
polish pop,0.274156530612
opera,0.86505
british folk,0.549606744186
nu-cumbia,0.26996
a cappella,0.379041632653
j-dance,0.107539716327
alternative pop rock,0.126938146
j-rap,0.165140632653
boston rock,0.11040615
future garage,0.218423061224
crossover thrash,0.0392733168
mathcore,0.0014399044
classic danish pop,0.171966189796
german indie,0.25136622
glitch,0.170329816
coverchill,0.54742
jazz metal,0.0125439142
environmental,0.322067276667
reading,0.6244375
filmi,0.3028252
rumba,0.627397916667
azonto,0.19279
levenslied,0.257357081633
polynesian pop,0.233434
glitch hop,0.0527292857143
melodipop,0.264912083333
arabesk,0.259609734694
zolo,0.1200214
northern soul,0.498054
underground rap,0.26125048
spanish new wave,0.24287108
vapor pop,0.32681805
brazilian punk,0.062653577
piano blues,0.77116
abstract hip hop,0.246096530612
deep turkish pop,0.16791274
christian dance,0.164985502
neoclassical,0.90284
norwegian hip hop,0.09926436
liedermacher,0.2875961
discofox,0.135954583333
australian hip hop,0.2285962
folk metal,0.0127053412
canadian country,0.193347195652
strut,0.107970541667
breakbeat,0.00933309
sludge metal,0.0164979122
italo dance,0.0777616326531
bluegrass,0.622768
new tribe,0.5271234
neo-singer-songwriter,0.4393354
finnish metal,0.0068198406383
danseband,0.25862626087
fluxwork,0.384091428571
hardcore techno,0.0258067
jump blues,0.627392
welsh rock,0.100724726939
technical death metal,0.00100628469388
german punk,0.01385742
fingerstyle,0.701632653061
float house,0.196335959184
sleaze rock,0.030592484
australian country,0.1937504
deep uplifting trance,0.0243898
alternative ccm,0.226465333333
folklore argentino,0.664396
kiwi rock,0.23349494
alternative pop,0.09229709
grave wave,0.17876706
swamp blues,0.44284934
electro jazz,0.28672656
rock steady,0.1687718
slow game,0.17182778
j-metal,0.0328720576
post-metal,0.102617218571
techno,0.0652569982
no wave,0.215786198
russian pop,0.1624774
stomp and flutter,0.731442
portland indie,0.295086306122
dutch rock,0.320633040816
doom metal,0.0498978768
modern performance,0.87032
pagan black metal,0.0399261441667
black metal,0.0003079758
jump up,0.024234178
pop flamenco,0.449916326531
hard alternative,0.0051958916
christian metal,0.0105368102
kirtan,0.745694
neurofunk,0.024984032
polish hip hop,0.234059408163
drift,0.90854
dark jazz,0.574253172
peruvian rock,0.383829
deathgrind,0.001075805
italian indie pop,0.363272
ectofolk,0.57539
symphonic black metal,0.000494056
classic italian pop,0.62979
turkish hip hop,0.190543958333
cuban rumba,0.553732
brega,0.396162653061
deep norteno,0.299840816327
happy hardcore,0.01808588
carnaval,0.203656744681
belgian rock,0.21096862
chicago house,0.06019594
medieval rock,0.143689787755
irish folk,0.574035555556
jungle,0.036459718
chamame,0.385048
scottish rock,0.18333004
rap chileno,0.1812264
classic chinese pop,0.594919
dark wave,0.0511899084
progressive uplifting trance,0.0111123133333
orgcore,0.0197190802222
austindie,0.37510064
idol,0.2162376
chicago indie,0.370940322
medieval,0.3706526
avant-garde jazz,0.76654
eurovision,0.212513693878
bay area indie,0.21522882
romantico,0.5487304
western swing,0.677506
russian rock,0.2108048
japanese city pop,0.17098556
new orleans jazz,0.8081
j-idol,0.136442874
italian disco,0.14207804
harmonica blues,0.578332
arab pop,0.2695544
puerto rican rock,0.289547081633
dubstep,0.04825352
classic finnish pop,0.284733955556
malaysian pop,0.477960408163
outsider house,0.32597314
mexican rock-and-roll,0.5165204
portuguese rock,0.32250755102
post-doom metal,0.0547057804
colombian rock,0.2150542
sertanejo tradicional,0.417963265306
brutal death metal,0.003112284
soul flow,0.218970536
salsa international,0.499371428571
seattle indie,0.33086812
avantgarde metal,0.0720310166
hardcore,0.0142658378
nasheed,0.57263877551
gbvfi,0.10934429
psychedelic doom,0.0455916286
celtic punk,0.057373664
grindcore,0.00129778938776
quebecois,0.3732012
austropop,0.2222608
brazilian ccm,0.527193877551
funky tech house,0.024907588
riddim,0.185590816327
psychedelic trance,0.06961822
speed garage,0.06765431875
baile funk,0.234709795918
classic russian rock,0.197351979592
freestyle,0.115135574468
j-poprock,0.113202974
italian pop rock,0.168074510204
ebm,0.0211989806
math pop,0.183841792
barnmusik,0.67512244898
spanish noise pop,0.26871041875
warm drone,0.915428571429
soca,0.1248948
nursery,0.755072
ethereal wave,0.373405112
nintendocore,0.0479394264
african gospel,0.271089
garage pop,0.1131911016
world meditation,0.91688
destroy techno,0.0419690522
balearic,0.144765971429
progressive deathcore,0.001657943
math rock,0.140458845417
laiko,0.24983492
acid house,0.117735897959
albuquerque indie,0.297043666
mande pop,0.532348
polish punk,0.22525446875
russiavision,0.1282666
deep latin christian,0.515138
indie dream pop,0.3883609226
kindermusik,0.407863636364
emo punk,0.0635543002439
entehno,0.290686
bassline,0.0722542
k-indie,0.462685708
classic finnish rock,0.245390439583
substep,0.2334924
electrofox,0.456270484
drill and bass,0.34850325102
turbo folk,0.159494040816
british alternative rock,0.0140341964
ambeat,0.315290716
ska revival,0.142909306122
deep minimal techno,0.0420664668889
bmore,0.0501945591837
british indie rock,0.182351532
canterbury scene,0.4631757
musica para ninos,0.68494
romanian pop,0.08483688
chill lounge,0.34123877551
rock catala,0.286492553191
free jazz,0.74524
argentine indie,0.373740204082
deep comedy,0.81692
twee pop,0.236882376
classic garage rock,0.276104478571
volksmusik,0.374306086957
post-post-hardcore,0.0082252714
electro-industrial,0.0165788398
gypsy jazz,0.81632
oi,0.0285506122
latin electronica,0.1424808
straight edge,0.0234651614
christian hardcore,0.0064756354
kabarett,0.565607446809
kraut rock,0.66304632
steampunk,0.289113272
singaporean pop,0.580499979592
swedish hard rock,0.0609754310204
world fusion,0.297401
slovak pop,0.192025918367
dansktop,0.293752040816
surf music,0.259474888
thai idol,0.3491954
gabba,0.110890165625
gothic rock,0.0343567281633
chaotic hardcore,0.0008188584
nu age,0.91368
bhangra,0.1646422
canzone napoletana,0.726332
retro metal,0.0999934406122
cello,0.63200548
mandible,0.655275112
ballroom,0.6452884
ye ye,0.442216
tango,0.865142857143
swedish jazz,0.814970285714
dixieland,0.80718
old-time,0.715954166667
laboratorio,0.571798061224
mashup,0.0813275102041
christelijk,0.450326869565
freakbeat,0.29139224
punjabi,0.193733877551
alternative roots rock,0.28799298
futurepop,0.028372144
vancouver indie,0.19231506
christian punk,0.065578916
choro,0.649326
african rock,0.1302494
deep talent show,0.27081954
e6fi,0.276971286
drone metal,0.12350873551
nordic house,0.0769662877551
electro bailando,0.1501308
early music,0.94032
psychobilly,0.055386432
hawaiian,0.662832
horror punk,0.166650824
andean,0.5429268
russian hip hop,0.245721020408
detroit techno,0.111352763265
progressive psytrance,0.0187731489796
comedy rock,0.312385510204
thai pop,0.29743122
psychill,0.161503210204
orchestral,0.8982
tribal house,0.0124413333333
atmospheric black metal,0.0330170944
progressive trance house,0.0489556
deep indian pop,0.355046734694
jazz trio,0.83158
classical performance,0.91096
persian pop,0.2866822
fado,0.668834
classical piano,0.951761904762
uk hip hop,0.199288959184
voidgaze,0.0925784488
danish hip hop,0.157498632653
zouk riddim,0.2799862
israeli rock,0.2700518
czech rock,0.200177618367
swedish reggae,0.138385957447
exotica,0.68609
praise,0.2020232
theme,0.518536
hungarian rock,0.0667509792
athens indie,0.207060208
neo-trad metal,0.0017316314
dub techno,0.371807428571
norwegian metal,0.0341480177551
venezuelan rock,0.1474776
choral,0.949434782609
aggrotech,0.0290760922
neo-progressive,0.155071816327
turkish alternative,0.1835750625
hungarian pop,0.211356920455
classic colombian pop,0.46163
kizomba,0.1836908
avant-garde,0.87864
columbus ohio indie,0.0772625204082
czech folk,0.302304893617
anime score,0.643049496
visual kei,0.0511595248
mizrahi,0.2321756
barnemusikk,0.693622
abstract beats,0.382280734694
italian metal,0.1025076216
popgaze,0.160572397959
indian folk,0.3836594
deep latin alternative,0.276875229167
power-pop punk,0.022717002
ok indie,0.354866592
deep chill,0.389941666667
classic turkish pop,0.5012486
french movie tunes,0.484410183673
bubble trance,0.0528276979592
goregrind,9.51918367347e-05
j-indie,0.038746698
vintage italian soundtrack,0.830662
melodic hard rock,0.050143284
deep tech house,0.01174615
dark cabaret,0.4033814
shibuya-kei,0.22999391875
deep pop punk,0.0284458125
folkmusik,0.427195084444
power blues-rock,0.171052204
rai,0.241394081633
p funk,0.22763072
swedish punk,0.0216950652174
russian punk,0.19854976
spanish reggae,0.262759
black thrash,0.002841944
fidget house,0.0185628571429
shimmer psych,0.2845373906
musica nativista,0.41682
albanian pop,0.136475
horrorcore,0.0936977
basque rock,0.104738684681
violin,0.951681818182
nu skool breaks,0.04555418
melodic power metal,0.014035611
turkish classical,0.772755102041
highlife,0.32346
belly dance,0.2419568
string quartet,0.69618
classic belgian pop,0.398
indie psych-pop,0.352899883673
southern gospel,0.405716734694
chiptune,0.2551514536
soukous,0.317224
lds,0.912428571429
instrumental post rock,0.526312979592
irish country,0.603072857143
brass band,0.097248094
classic polish pop,0.470833744681
bouncy house,0.03412198
vintage swedish pop,0.649427659574
timba,0.432712
classic peruvian pop,0.4917
renaissance,0.95414
acid techno,0.2736469
norwegian gospel,0.58662
yugoslav rock,0.319348367347
dominican pop,0.489124
classic icelandic pop,0.33409606383
arab folk,0.705573541667
southern soul blues,0.22435472
perth indie,0.2029916
neue deutsche welle,0.194984928571
swiss rock,0.19323372
zouk,0.305124
deep melodic metalcore,0.00532327
sega,0.157544061224
mod revival,0.061360274
pakistani pop,0.414951020408
deep soul house,0.11692276
french folk pop,0.512238541667
deep christian rock,0.4304542
c86,0.208031486
rio de la plata,0.411492914583
native american,0.878242081633
college a cappella,0.443182
uk dub,0.137795714286
jazz bass,0.462708
miami bass,0.04445128
ambient idm,0.51568224
polish reggae,0.173861326531
nordic folk,0.334849212
hauntology,0.52632364
vienna indie,0.395814604167
swamp pop,0.463716
modern uplift,0.0677190625
catalan folk,0.574675208333
chanson quebecois,0.477511875
girl group,0.469618
brazilian composition,0.915125
digital hardcore,0.0686001598
hip hop tuga,0.306188680851
hip hop quebecois,0.167735625
deep neofolk,0.533124489796
vintage french electronic,0.376015979592
samba-enredo,0.517308695652
vocaloid,0.090421344898
italian jazz,0.8673
croatian pop,0.282392708333
spanish folk,0.41724512
hard minimal techno,0.0178862040816
vintage tango,0.9
desert blues,0.5702682
garage punk,0.0614387082
bounce,0.136296818182
hiplife,0.2930125
mexican son,0.539472916667
german oi,0.0278905489796
classical guitar,0.971367346939
drumfunk,0.0476075918367
czech hip hop,0.161128695652
appalachian folk,0.768257142857
vietnamese pop,0.577528
balkan brass,0.297341
free improvisation,0.66314506383
riot grrrl,0.0513761458
rosary,0.82958
electronica,0.33561494
underground latin hip hop,0.142721875
karneval,0.0896474468085
serialism,0.908979591837
cante flamenco,0.650170212766
tico,0.263582653061
boogie-woogie,0.62274
morna,0.718398
ecuadoria,0.263307416327
traditional rock 'n roll,0.325453
estonian pop,0.2430254
tin pan alley,0.88542
german show tunes,0.65785
disco polo,0.04427096
portuguese pop,0.177214347826
mbalax,0.397414285714
harpsichord,0.88426
deep soundtrack,0.6194156
polish indie,0.223739081633
cyber metal,0.00514158346939
kids dance party,0.16937499
metal guitar,0.0911037164
thrash core,0.0278624446
outsider,0.591217510204
full on,0.00496678333333
composition d,0.937208333333
deep liquid,0.0182859244898
kompa,0.29282
new age piano,0.96852
heavy alternative,0.0207390489796
jumpstyle,0.0333302
electropunk,0.14837779
classic czech pop,0.308163525581
stomp and whittle,0.34015072
slovak hip hop,0.192093111111
beats,0.059622874898
brutal deathcore,0.0132636346
finnish indie,0.347628522917
makossa,0.316130612245
qawwali,0.422086
kwaito house,0.160283959184
witch house,0.182176569388
j-ambient,0.892628571429
atmospheric post rock,0.273930538
zillertal,0.442945652174
gothic alternative,0.0413739142
funk carioca,0.293593958333
latvian pop,0.225454914894
crust punk,0.0315774088
oshare kei,0.0830147708333
blackgaze,0.10938313449
psych gaze,0.0259241018367
grunge pop,0.0242902689796
orquesta tropical,0.336659183673
ghazal,0.72448
classic venezuelan pop,0.525912244898
rva indie,0.21564591
irish indie,0.39601
denver indie,0.1964901992
world chill,0.381586379592
deep gothic post-punk,0.09624124
ethiopian pop,0.377279591837
deep rai,0.260499347826
electro dub,0.0804188217391
traditional ska,0.18625076
hungarian hip hop,0.264864
fake,0.116887762
beatdown,0.010651361
deep acoustic pop,0.424555691837
drone folk,0.720826530612
canadian hip hop,0.173033163265
louisville indie,0.1971795452
dirty texas rap,0.126202653061
neofolk,0.284611275918
neo-rockabilly,0.3787748
judaica,0.34398496
deep flow,0.0848741842105
japanese psychedelic,0.1969297808
ragtime,0.920632653061
anarcho-punk,0.1030821834
workout,0.0742696
austrian hip hop,0.186881916667
guidance,0.7133278
traditional british folk,0.780755102041
calypso,0.7827
orquesta tipica,0.9088
swiss hip hop,0.155056416667
geek rock,0.216255730612
deep adult standards,0.78854
blaskapelle,0.799419148936
classic french pop,0.29127151
nwothm,0.0180574144898
deep smooth jazz,0.246517518
deep dance pop,0.120752265306
dark black metal,0.0235037769388
abstract,0.41247793125
tone,0.851494541667
neo-synthpop,0.07583698
minimal melodic techno,0.108671361702
nerdcore,0.14249682
ukulele,0.798916
kurdish folk,0.400859795918
ukrainian rock,0.245680204082
kayokyoku,0.593255102041
new beat,0.00819789
lithumania,0.250192291667
modern southern rock,0.1192034
euroska,0.0756561083333
k-rock,0.460593612245
classic soundtrack,0.57941
zouglou,0.213046530612
australian indie,0.187934121
indie emo,0.0883522326531
lo star,0.2296094
atmospheric post-metal,0.0312114822
broken beat,0.13933322
acousmatic,0.91096
minimal wave,0.142961700612
solipsynthm,0.089845
swedish prog,0.25273512
alternative americana,0.44125755102
darkstep,0.0089066977551
nl folk,0.42417264
marching band,0.744416326531
lounge house,0.405884893617
semba,0.386174583333
underground power pop,0.152642924
psychedelic blues-rock,0.144917595833
crack rock steady,0.06446789
vegan straight edge,0.181542312245
motivation,0.804828
schranz,0.0114862842857
traditional swing,0.268128104167
chalga,0.149913346939
musiikkia lapsille,0.492586086957
footwork,0.068827238
breakcore,0.258548547755
yoik,0.465374916667
leeds indie,0.16411014449
tribute,0.283384653061
funky breaks,0.0494003959184
indian classical,0.796666666667
didgeridoo,0.341387805106
classic dutch pop,0.232738428571
slc indie,0.1145380774
deep contemporary country,0.297890755102
danish indie,0.33306244375
belgian indie,0.301524375
jazz brass,0.727040816327
deep brazilian pop,0.664835319149
corrosion,0.035486658
black death,0.0069596764
japanese jazztronica,0.119175822
electro trash,0.0134685469388
classic afrobeat,0.2488056
gothic americana,0.41339755102
slavic metal,0.0497456968
dark hardcore,0.0982402826087
scratch,0.262576897959
traditional scottish folk,0.466245282245
hebrew pop,0.12924976
garage punk blues,0.39686457
hindustani classical,0.821270833333
indie singer-songwriter,0.6377586
deep german punk,0.0526036545652
deep disco,0.10112049
electronicore,0.0034158822449
zydeco,0.223072
usbm,0.1039962476
string folk,0.864836734694
beach music,0.4106
luk thung,0.535426530612
michigan indie,0.36188854
south african jazz,0.39223
islamic recitation,0.892387755102
spanish invasion,0.376411875
russian alternative,0.0575106722917
deep orchestral,0.969531914894
mallet,0.512300604167
dark ambient,0.83987755102
ragga jungle,0.101763645833
progressive alternative,0.01946951
fast melodic punk,0.00325463891304
martial industrial,0.362509398947
deep discofox,0.0987403061224
enka,0.638895833333
kwaito,0.131160653061
porro,0.351514
power violence,0.0038211688
finnish hardcore,0.0277574713636
neurostep,0.02000020625
classic russian pop,0.0923363061224
vapor house,0.103569673469
deep melodic hard rock,0.0120073
downtempo fusion,0.253646108
ostrock,0.267470545652
spanish classical,0.884510638298
monastic,0.95906122449
string band,0.5818748
ambient psychill,0.127553857143
faroese pop,0.455440408163
musica per bambini,0.5783984375
rebetiko,0.5721875
romanian rock,0.259426394043
panpipe,0.5118325
afrikaans,0.17163825
abstract idm,0.52199427551
deep psychobilly,0.10989987
ugandan pop,0.275126
bass trip,0.23092574
power electronics,0.188486
french punk,0.0864400938776
library music,0.476924489796
j-reggae,0.15263526087
russian folk,0.87136
musique pour enfants,0.764369387755
hard house,0.0323306458333
concert piano,0.981673469388
trash rock,0.270987520833
wind ensemble,0.96626
deep liquid bass,0.0446276744681
deep jazz guitar,0.893163265306
norwegian jazz,0.821846153846
neo metal,0.00513964040816
gospel reggae,0.208802708333
traditional soul,0.3053048
persian traditional,0.90232
coupe decale,0.233416326531
italian progressive rock,0.285977120408
manele,0.138502553191
magyar,0.452630681818
melodic progressive metal,0.016263426087
japanoise,0.25199701551
bay area hip hop,0.11674702
german ccm,0.333834065217
bossa nova jazz,0.548556395833
deep opera,0.953888888889
greek indie,0.265481673469
consort,0.942081632653
chaotic black metal,0.0471020779167
classic schlager,0.749863043478
rap metalcore,0.100143578
slam death metal,0.00222300375
deep ambient,0.853158
nz indie,0.18202891875
polyphony,0.941959183673
deep progressive trance,0.0302811285417
galego,0.254856145833
indie fuzzpop,0.30850904898
experimental psych,0.44837983
iskelma,0.776
italian folk,0.494497173913
tekno,0.0259293956098
shanty,0.765766
dark psytrance,0.0134678444444
breton folk,0.679663545455
jig and reel,0.799795918367
military band,0.9595
technical brutal death metal,0.00116072122449
armenian folk,0.278801518
gamecore,0.200830494
tzadik,0.739258333333
neo-pagan,0.5497749
go-go,0.110931510204
deep folk metal,0.02320074875
contemporary composition,0.895125
deep canadian indie,0.217432806
liturgical,0.98412244898
speedcore,0.0171605413043
depressive black metal,0.333725425306
accordion,0.667815425532
skinhead reggae,0.336976904762
bulgarian rock,0.176802702128
harp,0.823630434783
ambient fusion,0.144468833333
funeral doom,0.0121617088636
pipe band,0.211493630816
remix,0.0164323265306
screamocore,0.000520682857143
danish jazz,0.814346938776
future ambient,0.26913
deep soft rock,0.350009326531
spoken word,0.56191626
klezmer,0.629223809524
j-core,0.0521349276596
deep german indie,0.289531166667
minimal dubstep,0.0616758291667
deep sunset lounge,0.568353863636
bemani,0.733387755102
indorock,0.401571535417
flick hop,0.116775208333
indie shoegaze,0.071645724375
vintage chanson,0.928425531915
greek house,0.0595636808511
punta,0.176788979592
doujin,0.150427266
corsican folk,0.633546808511
nepali,0.685232
screamo punk,0.0360358272
ghettotech,0.0232177367347
west african jazz,0.563685979167
college marching band,0.705142857143
kuduro,0.0822361644444
neo-industrial rock,0.0534143010204
greek hip hop,0.13667625
barbershop,0.7958
jazz orchestra,0.358025102041
benga,0.300044693878
brass ensemble,0.925014583333
stl indie,0.316062428571
deep happy hardcore,0.018285575
hard glam,0.0240280157143
blues-rock guitar,0.355608382979
mantra,0.752565217391
british dance band,0.954911111111
guitar case,0.291979591837
african percussion,0.2166
dallas indie,0.184648234043
geek folk,0.5603834
carnatic,0.80452173913
deep darkpsy,0.00516670533333
triangle indie,0.1126040342
cumbia funk,0.353245833333
thrash-groove metal,0.0429311804348
outer hip hop,0.131774006522
throat singing,0.611269458333
swedish pop punk,0.0173735866667
sinhala,0.35281787234
dark minimal techno,0.0415132035556
chinese traditional,0.84688
deep deep house,0.0159108173913
italian punk,0.115384029545
unblack metal,0.00521953893617
deep vocal jazz,0.796574468085
cornetas y tambores,0.870260869565
jug band,0.815427083333
indie pop rock,0.111262385918
power noise,0.0747323369565
capoeira,0.690655319149
commons,0.373894
post-disco soul,0.170699791667
halloween,0.378425416667
contemporary folk,0.795306122449
finnish jazz,0.513148863636
chinese indie rock,0.241058959574
byzantine,0.984591836735
zim,0.477827391304
black sludge,0.00897491061224
vintage jazz,0.958163265306
dubsteppe,0.0584893617021
deep psytrance,0.0730721897959
street punk,0.00744967978261
breaks,0.0172308829787
drama,0.731479166667
abstractro,0.472340852449
deep new wave,0.113809916667
gospel blues,0.895895833333
light music,0.904170212766
deep southern soul,0.450364693878
deep indie rock,0.193510591837
mexican traditional,0.618489795918
gothic post-punk,0.103611950408
cajun,0.3000076
northern irish indie,0.246004922553
british brass band,0.938340425532
deep indie singer-songwriter,0.411814934783
noise punk,0.0355462147917
traditional funk,0.165756442553
polish jazz,0.78125375
baroque ensemble,0.92932
deep ragga,0.129370934783
demoscene,0.277308460435
japanese traditional,0.9601
deep downtempo fusion,0.25002425
heavy gothic rock,0.0379589664583
bangla,0.442162276596
covertrance,0.0443755
deep vocal house,0.0489846
deep freestyle,0.0550130625
classical organ,0.748640425532
deep full on,0.030456725
makina,0.0274920276596
c64,0.331495679167
spytrack,0.387353040816
classical flute,0.922489795918
musique concrete,0.862282746809
grim death metal,0.0181370271739
polka,0.54542244898
slash punk,0.121788629167
muziek voor kinderen,0.318502334615
deep jazz fusion,0.11946903913
classic eurovision,0.40722566
chamber choir,0.966208333333
skiffle,0.598810638298
poetry,0.7610625
deep funk house,0.0321155744681
fallen angel,0.0167789708333
electroacoustic improvisation,0.757888372093
steelpan,0.6001326
belorush,0.105467082979
fussball,0.119909036735
oratory,0.926489361702
deep east coast hip hop,0.094406
grisly death metal,0.00641789
traditional reggae,0.106170162791
spanish indie rock,0.0646219958333
sunset lounge,0.22290892093
early music ensemble,0.902217391304
contemporary classical,0.889714285714
lowercase,0.793940924444
punk ska,0.103603684
deep progressive house,0.0320981111111
indian rock,0.181479729167
clarinet,0.878421052632
deep jazz piano,0.818893617021
deep melodic death metal,0.0003154228
hardcore breaks,0.200408815217
skinhead oi,0.00890392826087
vintage swing,0.93052173913
hatecore,0.0449232447727
glitch beats,0.393111977778
villancicos,0.488486666667
deep classic garage rock,0.460362587234
deep indie pop,0.199652042553
neo soul-jazz,0.303773404255
deep pop emo,0.04487498
traditional rockabilly,0.622617021277
deep nordic folk,0.861916666667
klapa,0.421791111111
deep swedish rock,0.047254034898
crossover prog,0.231037186222
football,0.48548673125
organic ambient,0.496911680851
soda pop,0.592793877551
deep chill-out,0.24709
deep hardcore,0.0768457947826
deep filthstep,0.0204112613636
wrock,0.197277755102
norwegian punk,0.116462214167
deep northern soul,0.389085319149
experimental dubstep,0.04280445
deep free jazz,0.640304
raw black metal,0.1215881746
thai indie,0.301818601778
classic psychedelic rock,0.252507234043
gamelan,0.805534693878
deep surf music,0.151184906383
dubstep product,0.0263413255319
goa trance,0.0639271659091
deep italo disco,0.092093
deep thrash metal,0.00214315791667
deep g funk,0.0982043478261
accordeon,0.710551773469
charred death,0.00837527590909
ambient dub techno,0.383153723404
slovenian rock,0.142576308511
maghreb,0.240662914894
re:techno,0.00279999833333
malagasy folk,0.426278478261
hard stoner rock,0.0230460880435
dark progressive house,0.0313948142222
zeuhl,0.178255233111
neo honky tonk,0.347457326531
tanzlmusi,0.898020833333
deep dub techno,0.238617847826
j-punk,0.0427863142857
noise,0.150166228222
chill groove,0.267121226829
tibetan,0.548889333333
deep punk rock,0.0684925590909
deep power-pop punk,0.0194165902083
j-poppunk,0.00521546818182
italo beats,0.01194461
deep space rock,0.123498268085
deep motown,0.5161398125
kc indie,0.246878862
new jack smooth,0.190631041667
deep nz indie,0.214470025319
alternative metalcore,0.0163778593478
chinese opera,0.410344444444
vintage rockabilly,0.68084
deep eurodance,0.0732693938776
deep cello,0.941734693878
chill-out trance,0.178703020833
german street punk,0.0618452217391
terrorcore,0.0511795128205
doomcore,0.0604695891304
twin cities indie,0.360981875
french folk,0.837857142857
glitter trance,0.0301013729167
nu electro,0.021161916
indie emo rock,0.271359385366
deep classical piano,0.985229166667
ceilidh,0.436993541667
alternative hardcore,0.0171315795349
jangle rock,0.212317897917
skweee,0.10769201087
bulgarian folk,0.8776875
deep neo-synthpop,0.0578872054348
rhythm and boogie,0.6803125
swedish jazz orkester,0.894612244898
deep hardcore punk,0.0492667162791
chinese experimental,0.151473091304
jazz composition,0.637687804878
modern downshift,0.01813849375
ethereal gothic,0.16144295
ghoststep,0.0580472119444
anime cv,0.0419910248
modern free jazz,0.537471956522
vintage schlager,0.940739130435
song poem,0.715728571429
neo-traditional country,0.290621
deep orgcore,0.0928640253333
cryptic black metal,0.035347922
cinematic dubstep,0.0902791666667
vintage country folk,0.953367346939
vintage gospel,0.925276595745
gothic doom,0.0637617182609
deep symphonic black metal,0.0209486869388
vintage reggae,0.328979183673
deep german jazz,0.684265306122
twee indie pop,0.1191265
saxophone,0.969731707317
dark electro-industrial,0.044348888
deep delta blues,0.942224489796
caucasian folk,0.681063947917
chip hop,0.0774442104167
deep breakcore,0.103637591304
deep deep tech house,0.0267463942857
deep string quartet,0.95056
necrogrind,0.0300363313333
central asian folk,0.836978723404
drone psych,0.735407428571
vintage swoon,0.613841836735
rock noise,0.163318956
smooth urban r&b,0.324551790698
deep latin jazz,0.539294871795
vintage western,0.856
