genre,danceability
flare.genre
flare.genre.modern rock,0.57738
flare.genre.tropical house,0.66658
flare.genre.pop rap,0.752244897959
flare.genre.pop,0.67534
flare.genre.post-teen pop,0.66224
flare.genre.rap,0.76126
flare.genre.rock,0.49812
flare.genre.dance pop,0.66028
flare.genre.trap music,0.7861
flare.genre.edm,0.66358
flare.genre.alternative rock,0.513408163265
flare.genre.latin,0.72052
flare.genre.pop rock,0.5872
flare.genre.dwn trap,0.792125
flare.genre.alternative metal,0.5149
flare.genre.neo mellow,0.56554
flare.genre.r&b,0.66478
flare.genre.southern hip hop,0.75654
flare.genre.hip hop,0.74284
flare.genre.classic rock,0.52204
flare.genre.mellow gold,0.57614
flare.genre.indie rock,0.5522
flare.genre.album rock,0.53294
flare.genre.viral pop,0.62128
flare.genre.reggaeton,0.73462
flare.genre.soft rock,0.57012
flare.genre.post-grunge,0.51352
flare.genre.indie r&b,0.60606
flare.genre.latin pop,0.73072
flare.genre.indie pop,0.57624
flare.genre.pop punk,0.547
flare.genre.indietronica,0.63692
flare.genre.permanent wave,0.504770833333
flare.genre.electro house,0.66286
flare.genre.tropical,0.7375
flare.genre.urban contemporary,0.65596
flare.genre.indie folk,0.52366
flare.genre.folk-pop,0.54414
flare.genre.singer-songwriter,0.5951
flare.genre.nu metal,0.51912
flare.genre.hard rock,0.4589
flare.genre.hip pop,0.667872340426
flare.genre.contemporary country,0.58834
flare.genre.indie poptimism,0.635276595745
flare.genre.big room,0.641553191489
flare.genre.rap metal,0.54896
flare.genre.gangster rap,0.76094
flare.genre.canadian pop,0.65724
flare.genre.country road,0.58742
flare.genre.country,0.58628
flare.genre.folk rock,0.58884
flare.genre.garage rock,0.533265306122
flare.genre.house,0.70762
flare.genre.grupera,0.707387755102
flare.genre.latin hip hop,0.736340425532
flare.genre.stomp and holler,0.524795918367
flare.genre.underground hip hop,0.80384
flare.genre.chamber pop,0.51142
flare.genre.dirty south rap,0.738857142857
flare.genre.rock en espanol,0.67116
flare.genre.regional mexican,0.71838
flare.genre.progressive house,0.6425
flare.genre.roots rock,0.57044
flare.genre.blues-rock,0.53066
flare.genre.funk rock,0.57054
flare.genre.alternative dance,0.6264
flare.genre.modern country rock,0.5602
flare.genre.dance rock,0.6419
flare.genre.trap latino,0.741795454545
flare.genre.europop,0.6809
flare.genre.new wave,0.62186
flare.genre.neo soul,0.64696
flare.genre.synthpop,0.63182
flare.genre.new wave pop,0.62058
flare.genre.adult standards,0.49982
flare.genre.banda,0.70418
flare.genre.latin alternative,0.64588
flare.genre.neo-psychedelic,0.55396
flare.genre.soul,0.59218
flare.genre.classic funk rock,0.59606
flare.genre.quiet storm,0.6592
flare.genre.emo,0.52648
flare.genre.psychedelic rock,0.4961
flare.genre.norteno,0.71908
flare.genre.spanish pop,0.65088
flare.genre.deep pop r&b,0.609152173913
flare.genre.progressive electro house,0.6395
flare.genre.deep indie r&b,0.55222
flare.genre.rap rock,0.52034
flare.genre.art rock,0.54378
flare.genre.new rave,0.60086
flare.genre.latin arena pop,0.60962
flare.genre.escape room,0.73234
flare.genre.motown,0.62376
flare.genre.regional mexican pop,0.67922
flare.genre.screamo,0.44712
flare.genre.shimmer pop,0.55482
flare.genre.electronic,0.65008
flare.genre.brostep,0.56592
flare.genre.metal,0.44538
flare.genre.new romantic,0.6319
flare.genre.teen pop,0.67018
flare.genre.disco,0.69572
flare.genre.deep big room,0.652653061224
flare.genre.indie anthem-folk,0.49412
flare.genre.pop reggaeton,0.7298
flare.genre.reggaeton flow,0.75754
flare.genre.crunk,0.73202
flare.genre.funk,0.6621
flare.genre.vapor soul,0.62474
flare.genre.trap francais,0.778217391304
flare.genre.acoustic pop,0.53438
flare.genre.metropopolis,0.60118
flare.genre.deep tropical house,0.67786
flare.genre.west coast rap,0.71956
flare.genre.deep german hip hop,0.699571428571
flare.genre.metalcore,0.44674
flare.genre.punk,0.47528
flare.genre.deep funk carioca,0.7781
flare.genre.electronic trap,0.57518
flare.genre.focus,0.315248
flare.genre.new americana,0.53054
flare.genre.east coast hip hop,0.7068
flare.genre.folk,0.56598
flare.genre.francoton,0.731608695652
flare.genre.sertanejo universitario,0.63272
flare.genre.hardcore hip hop,0.733958333333
flare.genre.southern rock,0.53418
flare.genre.brill building pop,0.569
flare.genre.german hip hop,0.650469387755
flare.genre.christian alternative rock,0.47214
flare.genre.jazz blues,0.52914
flare.genre.worship,0.42932
flare.genre.groove metal,0.46706
flare.genre.ranchera,0.6119
flare.genre.boy band,0.65118
flare.genre.piano rock,0.52593877551
flare.genre.talent show,0.61704
flare.genre.freak folk,0.52666
flare.genre.swedish pop,0.6334
flare.genre.chillwave,0.54128
flare.genre.british blues,0.52226
flare.genre.modern blues,0.55058
flare.genre.vocal jazz,0.48082
flare.genre.argentine rock,0.60796
flare.genre.g funk,0.751469387755
flare.genre.christian music,0.4555
flare.genre.redneck,0.57236
flare.genre.vegas indie,0.523836734694
flare.genre.new jack swing,0.701591836735
flare.genre.swedish idol pop,0.665224489796
flare.genre.bass trap,0.58946
flare.genre.compositional ambient,0.313968
flare.genre.mpb,0.65362
flare.genre.country rock,0.56952
flare.genre.dance-punk,0.57986
flare.genre.memphis soul,0.64318
flare.genre.ccm,0.44778
flare.genre.deep underground hip hop,0.68952
flare.genre.soundtrack,0.313598
flare.genre.cumbia pop,0.71358
flare.genre.noise pop,0.519204081633
flare.genre.rock-and-roll,0.5572
flare.genre.soul blues,0.64056
flare.genre.k-pop,0.691897959184
flare.genre.indie psych-rock,0.60716
flare.genre.protopunk,0.45574
flare.genre.moombahton,0.6367
flare.genre.lo-fi,0.54444
flare.genre.dream pop,0.487565306122
flare.genre.anthem worship,0.42094
flare.genre.german pop,0.6947
flare.genre.electric blues,0.5347
flare.genre.outlaw country,0.58972
flare.genre.melodic metalcore,0.4542
flare.genre.detroit hip hop,0.71466
flare.genre.hollywood,0.53338
flare.genre.deep dutch hip hop,0.753152173913
flare.genre.christian rock,0.47986
flare.genre.southern soul,0.64208
flare.genre.deep groove house,0.67676
flare.genre.korean pop,0.67162
flare.genre.chicago soul,0.643673469388
flare.genre.indiecoustica,0.51112244898
flare.genre.deep german pop rock,0.6733
flare.genre.cantautor,0.57334
flare.genre.glam metal,0.48988
flare.genre.pagode,0.61754
flare.genre.britpop,0.48456
flare.genre.italian arena pop,0.6357
flare.genre.traditional country,0.57862
flare.genre.glam rock,0.53708
flare.genre.alternative hip hop,0.6976
flare.genre.funk metal,0.57818
flare.genre.mariachi,0.55644
flare.genre.deep australian indie,0.57446
flare.genre.classify,0.38198
flare.genre.underground pop rap,0.65632
flare.genre.scorecore,0.314291666667
flare.genre.italian pop,0.58822
flare.genre.samba,0.64778
flare.genre.tracestep,0.58878
flare.genre.complextro,0.58728
flare.genre.deep pop edm,0.62486
flare.genre.downtempo,0.585591836735
flare.genre.trip hop,0.6066
flare.genre.grime,0.67682
flare.genre.british invasion,0.46578
flare.genre.speed metal,0.40306
flare.genre.channel pop,0.54734
flare.genre.classical,0.351533333333
flare.genre.catstep,0.59374
flare.genre.lilith,0.536183673469
flare.genre.bachata,0.77208
flare.genre.bossa nova,0.53274
flare.genre.deep house,0.6909
flare.genre.skate punk,0.46108
flare.genre.melancholia,0.41446
flare.genre.vapor twitch,0.60646
flare.genre.lift kit,0.565632653061
flare.genre.disco house,0.69844
flare.genre.symphonic rock,0.48406
flare.genre.comic,0.60988
flare.genre.pop emo,0.531212765957
flare.genre.anti-folk,0.54106
flare.genre.grunge,0.417177777778
flare.genre.duranguense,0.67978
flare.genre.australian dance,0.57172
flare.genre.traditional folk,0.5915
flare.genre.bubblegum pop,0.58498
flare.genre.otacore,0.49718
flare.genre.chillhop,0.665795918367
flare.genre.hoerspiel,0.648714285714
flare.genre.australian alternative rock,0.556
flare.genre.reggae fusion,0.73818
flare.genre.sertanejo,0.64854
flare.genre.la indie,0.62386
flare.genre.jazz,0.49218
flare.genre.rockabilly,0.58084
flare.genre.cumbia,0.68186
flare.genre.nueva cancion,0.6387
flare.genre.progressive rock,0.46954
flare.genre.texas country,0.55956
flare.genre.nu jazz,0.665142857143
flare.genre.video game music,0.345395348837
flare.genre.romantic,0.351533333333
flare.genre.roots reggae,0.79398
flare.genre.slow core,0.48558
flare.genre.swedish folk pop,0.5449
flare.genre.space rock,0.45438
flare.genre.madchester,0.51306
flare.genre.power metal,0.42314
flare.genre.progressive metal,0.4196
flare.genre.dancehall,0.732775510204
flare.genre.nu gaze,0.52912
flare.genre.alt-indie rock,0.45764
flare.genre.french pop,0.6344
flare.genre.world worship,0.41144
flare.genre.reggae,0.80526
flare.genre.deep trap,0.795734693878
flare.genre.opm,0.55676
flare.genre.alternative country,0.51986
flare.genre.deep danish pop,0.6536
flare.genre.mandopop,0.52698
flare.genre.spanish rock,0.602897959184
flare.genre.industrial metal,0.54926
flare.genre.deep southern trap,0.72468
flare.genre.forro,0.56102
flare.genre.sky room,0.6216
flare.genre.brazilian hip hop,0.72696
flare.genre.nashville sound,0.6139
flare.genre.indie garage rock,0.537714285714
flare.genre.taiwanese pop,0.52698
flare.genre.bolero,0.50858
flare.genre.thrash metal,0.41434
flare.genre.merseybeat,0.51082
flare.genre.danish pop,0.6381
flare.genre.lounge,0.49898
flare.genre.trance,0.53784
flare.genre.finnish dance pop,0.6630625
flare.genre.jam band,0.51034
flare.genre.deep latin hip hop,0.760428571429
flare.genre.chamber psych,0.511
flare.genre.jazz funk,0.6117
flare.genre.deep taiwanese pop,0.52638
flare.genre.turkish pop,0.6898
flare.genre.cool jazz,0.48664
flare.genre.post-punk,0.5577
flare.genre.salsa,0.65556
flare.genre.eurodance,0.70686
flare.genre.preverb,0.51848
flare.genre.brooklyn indie,0.57406122449
flare.genre.c-pop,0.52698
flare.genre.swedish alternative rock,0.54462
flare.genre.minimal,0.327592
flare.genre.german techno,0.637632653061
flare.genre.pixie,0.53206
flare.genre.chilean rock,0.63
flare.genre.deep cumbia sonidera,0.65042
flare.genre.candy pop,0.569693877551
flare.genre.filter house,0.68552
flare.genre.post-screamo,0.46498
flare.genre.punk blues,0.486
flare.genre.vocal house,0.712673469388
flare.genre.deep euro house,0.7675
flare.genre.deep new americana,0.55526
flare.genre.bow pop,0.437718
flare.genre.french hip hop,0.76036
flare.genre.alternative emo,0.48302
flare.genre.axe,0.640897959184
flare.genre.big beat,0.619959183673
flare.genre.cabaret,0.4334
flare.genre.finnish pop,0.606755102041
flare.genre.progressive trance,0.53334
flare.genre.chanson,0.56514
flare.genre.swedish indie rock,0.5476
flare.genre.industrial rock,0.55736
flare.genre.merengue,0.73706
flare.genre.etherpop,0.555571428571
flare.genre.garage psych,0.47732
flare.genre.jazz fusion,0.49808
flare.genre.power pop,0.56244
flare.genre.ninja,0.54542
flare.genre.cantopop,0.524448979592
flare.genre.uk post-punk,0.506183673469
flare.genre.melodic death metal,0.44276
flare.genre.deep swedish hip hop,0.6852
flare.genre.country dawn,0.569020408163
flare.genre.bubblegum dance,0.71772
flare.genre.show tunes,0.456183673469
flare.genre.post rock,0.339726
flare.genre.dutch hip hop,0.73093877551
flare.genre.vallenato,0.69664
flare.genre.shiver pop,0.57034
flare.genre.italian hip hop,0.6509
flare.genre.dutch pop,0.64087755102
flare.genre.post-disco,0.77798
flare.genre.bebop,0.4695
flare.genre.deep regional mexican,0.74158
flare.genre.spanish pop rock,0.594285714286
flare.genre.modern classical,0.286170454545
flare.genre.swedish eurodance,0.68484
flare.genre.contemporary post-bop,0.48258
flare.genre.minimal techno,0.71958
flare.genre.irish rock,0.4935
flare.genre.dutch house,0.642553191489
flare.genre.turkish rock,0.628
flare.genre.easy listening,0.486
flare.genre.swedish hip hop,0.60126
flare.genre.danspunk,0.563244897959
flare.genre.australian pop,0.60142
flare.genre.indonesian pop,0.55376
flare.genre.canadian indie,0.559204081633
flare.genre.wrestling,0.503040816327
flare.genre.microhouse,0.629795918367
flare.genre.hip house,0.78862
flare.genre.cumbia villera,0.720142857143
flare.genre.west coast trap,0.73912
flare.genre.texas blues,0.53976
flare.genre.celtic rock,0.50654
flare.genre.broadway,0.56566
flare.genre.pinoy alternative,0.57926
flare.genre.french indietronica,0.68016
flare.genre.blues,0.57858
flare.genre.acid jazz,0.660956521739
flare.genre.anthem emo,0.497755102041
flare.genre.chillstep,0.51694
flare.genre.movie tunes,0.4498
flare.genre.tech house,0.7393
flare.genre.uk funky,0.65712244898
flare.genre.norwegian indie,0.578265306122
flare.genre.progressive bluegrass,0.53982
flare.genre.classic swedish pop,0.523395833333
flare.genre.traditional blues,0.61324
flare.genre.soul jazz,0.49574
flare.genre.stoner rock,0.3884
flare.genre.melodic hardcore,0.4422
flare.genre.experimental rock,0.4708
flare.genre.turntablism,0.7354
flare.genre.norwegian pop,0.55518
flare.genre.minimal dub,0.66412244898
flare.genre.fourth world,0.22728125
flare.genre.electro,0.70178
flare.genre.swing,0.49236
flare.genre.latin christian,0.50588
flare.genre.dreamo,0.43554
flare.genre.indie jazz,0.58086
flare.genre.rock gaucho,0.55886
flare.genre.french rock,0.627040816327
flare.genre.post-hardcore,0.42702
flare.genre.epicore,0.340677083333
flare.genre.azontobeats,0.76124
flare.genre.zapstep,0.57808
flare.genre.deep chiptune,0.50496
flare.genre.sheffield indie,0.4746
flare.genre.uplifting trance,0.53468
flare.genre.noise rock,0.478787234043
flare.genre.progressive post-hardcore,0.41706
flare.genre.hard bop,0.48098
flare.genre.antiviral pop,0.585918367347
flare.genre.aussietronica,0.57396
flare.genre.indie punk,0.42414
flare.genre.death core,0.432083333333
flare.genre.electro latino,0.73404
flare.genre.ambient,0.20785625
flare.genre.reggae rock,0.73016
flare.genre.country blues,0.57664
flare.genre.anime,0.4645
flare.genre.deep funk,0.67196
flare.genre.new age,0.327968
flare.genre.french reggae,0.757088888889
flare.genre.j-pop,0.56572
flare.genre.groove room,0.73844
flare.genre.lovers rock,0.79162
flare.genre.deep melodic euro house,0.76088
flare.genre.death metal,0.3582
flare.genre.nu disco,0.686265306122
flare.genre.indie rockism,0.559306122449
flare.genre.electro swing,0.748530612245
flare.genre.country gospel,0.626
flare.genre.neo classical metal,0.41154
flare.genre.mexican indie,0.597346938776
flare.genre.uk garage,0.700428571429
flare.genre.gothic metal,0.4562
flare.genre.stride,0.47854
flare.genre.industrial,0.55362
flare.genre.canadian metal,0.4668
flare.genre.future funk,0.64426
flare.genre.christian uplift,0.45094
flare.genre.brazilian gospel,0.434291666667
flare.genre.german metal,0.511
flare.genre.swedish indie pop,0.56002
flare.genre.gauze pop,0.59596
flare.genre.turkish jazz,0.57014
flare.genre.christian hip hop,0.70493877551
flare.genre.latin jazz,0.61766
flare.genre.stoner metal,0.37844
flare.genre.experimental,0.452958333333
flare.genre.ska,0.57876
flare.genre.french indie pop,0.670604166667
flare.genre.deep ccm,0.42928
flare.genre.merengue urbano,0.77248
flare.genre.classic norwegian pop,0.560204081633
flare.genre.pub rock,0.53972
flare.genre.memphis blues,0.64116
flare.genre.ska punk,0.47362
flare.genre.suomi rock,0.4634375
flare.genre.afrobeats,0.77102
flare.genre.hyphy,0.787224489796
flare.genre.liquid funk,0.54948
flare.genre.swedish synthpop,0.64956
flare.genre.chicago blues,0.6244
flare.genre.drill,0.688
flare.genre.vaporwave,0.56414
flare.genre.neue deutsche harte,0.56564
flare.genre.louvor,0.407897959184
flare.genre.world,0.611163265306
flare.genre.dub,0.78556
flare.genre.smooth jazz,0.68242
flare.genre.drum and bass,0.5179
flare.genre.memphis hip hop,0.81348
flare.genre.j-rock,0.43526
flare.genre.new orleans blues,0.64906
flare.genre.new weird america,0.521854166667
flare.genre.german pop rock,0.6189
flare.genre.old school hip hop,0.818612244898
flare.genre.relaxative,0.39138
flare.genre.trova,0.57802
flare.genre.big band,0.52162
flare.genre.hardcore punk,0.35624
flare.genre.stomp pop,0.53498
flare.genre.bass music,0.58162
flare.genre.flamenco,0.578404255319
flare.genre.indonesian indie,0.582979591837
flare.genre.comedy,0.53144
flare.genre.baroque,0.357310344828
flare.genre.viking metal,0.39318
flare.genre.russelater,0.701489795918
flare.genre.djent,0.459510638298
flare.genre.mambo,0.66056
flare.genre.acoustic blues,0.60104
flare.genre.spanish indie pop,0.578183673469
flare.genre.swedish metal,0.45632
flare.genre.delta blues,0.5802
flare.genre.norwegian rock,0.46228
flare.genre.deep texas country,0.550428571429
flare.genre.gospel,0.43118
flare.genre.christian relaxative,0.462739130435
flare.genre.doo-wop,0.53142
flare.genre.icelandic pop,0.431336
flare.genre.latin metal,0.4811
flare.genre.cowboy western,0.63612
flare.genre.piedmont blues,0.56452
flare.genre.deep swedish indie pop,0.533510638298
flare.genre.wonky,0.58412
flare.genre.hardstyle,0.52986
flare.genre.classical period,0.2964
flare.genre.minimal tech house,0.767673469388
flare.genre.cumbia sonidera,0.69452
flare.genre.operatic pop,0.30244
flare.genre.meditation,0.14106875
flare.genre.pop house,0.69006
flare.genre.dangdut,0.544
flare.genre.turkish folk,0.552326530612
flare.genre.hands up,0.655285714286
flare.genre.deep disco house,0.792326530612
flare.genre.celtic,0.37422
flare.genre.desi,0.67766
flare.genre.shoegaze,0.43132
flare.genre.tejano,0.63582
flare.genre.boogaloo,0.66112
flare.genre.argentine reggae,0.74498
flare.genre.nwobhm,0.32236
flare.genre.deep hardstyle,0.486020408163
flare.genre.dansband,0.590155555556
flare.genre.indian pop,0.6785
flare.genre.danish pop rock,0.586918367347
flare.genre.japanese r&b,0.592244897959
flare.genre.electropowerpop,0.57768
flare.genre.gothic symphonic metal,0.46724
flare.genre.intelligent dance music,0.55758
flare.genre.healing,0.220106
flare.genre.sleep,0.134353125
flare.genre.finnish hip hop,0.6735
flare.genre.desi hip hop,0.67187755102
flare.genre.schlager,0.552714285714
flare.genre.melbourne bounce,0.74
flare.genre.contemporary jazz,0.44166
flare.genre.drone,0.194384
flare.genre.symphonic metal,0.43284
flare.genre.spanish punk,0.479408163265
flare.genre.filthstep,0.61792
flare.genre.louisiana blues,0.6282
flare.genre.children's music,0.691591836735
flare.genre.cubaton,0.747040816327
flare.genre.velha guarda,0.57256
flare.genre.electroclash,0.662734693878
flare.genre.jangle pop,0.55754
flare.genre.brazilian indie,0.640469387755
flare.genre.chicano rap,0.758183673469
flare.genre.spanish hip hop,0.687591836735
flare.genre.uk drill,0.66866
flare.genre.folk punk,0.50774
flare.genre.k-hop,0.70674
flare.genre.retro electro,0.525285714286
flare.genre.alternative r&b,0.58576
flare.genre.afrobeat,0.62778
flare.genre.polish pop,0.612510204082
flare.genre.opera,0.287225
flare.genre.british folk,0.529325581395
flare.genre.nu-cumbia,0.63602
flare.genre.a cappella,0.551489795918
flare.genre.j-dance,0.606775510204
flare.genre.alternative pop rock,0.5633
flare.genre.j-rap,0.669571428571
flare.genre.boston rock,0.511702
flare.genre.future garage,0.635020408163
flare.genre.crossover thrash,0.3425
flare.genre.mathcore,0.40698
flare.genre.classic danish pop,0.560020408163
flare.genre.german indie,0.62514
flare.genre.glitch,0.534104
flare.genre.coverchill,0.7254
flare.genre.jazz metal,0.42578
flare.genre.environmental,0.1554775
flare.genre.reading,0.662
flare.genre.filmi,0.63838
flare.genre.rumba,0.573895833333
flare.genre.azonto,0.758918367347
flare.genre.levenslied,0.562755102041
flare.genre.polynesian pop,0.74388
flare.genre.glitch hop,0.546979591837
flare.genre.melodipop,0.620541666667
flare.genre.arabesk,0.62812244898
flare.genre.zolo,0.66378
flare.genre.northern soul,0.58262
flare.genre.underground rap,0.72204
flare.genre.spanish new wave,0.60716
flare.genre.vapor pop,0.559386363636
flare.genre.brazilian punk,0.43412
flare.genre.piano blues,0.60638
flare.genre.abstract hip hop,0.667224489796
flare.genre.deep turkish pop,0.69652
flare.genre.christian dance,0.6174
flare.genre.neoclassical,0.319456
flare.genre.norwegian hip hop,0.64892
flare.genre.liedermacher,0.60844
flare.genre.discofox,0.657354166667
flare.genre.australian hip hop,0.66936
flare.genre.folk metal,0.41548
flare.genre.canadian country,0.574130434783
flare.genre.strut,0.746125
flare.genre.breakbeat,0.55698
flare.genre.sludge metal,0.330022
flare.genre.italo dance,0.709857142857
flare.genre.bluegrass,0.5272
flare.genre.new tribe,0.55014
flare.genre.neo-singer-songwriter,0.56902
flare.genre.finnish metal,0.432063829787
flare.genre.danseband,0.600913043478
flare.genre.fluxwork,0.53893877551
flare.genre.hardcore techno,0.58842
flare.genre.jump blues,0.60354
flare.genre.welsh rock,0.480836734694
flare.genre.technical death metal,0.375755102041
flare.genre.german punk,0.506
flare.genre.fingerstyle,0.458673469388
flare.genre.float house,0.740755102041
flare.genre.sleaze rock,0.49364
flare.genre.australian country,0.5943
flare.genre.deep uplifting trance,0.549102040816
flare.genre.alternative ccm,0.442333333333
flare.genre.folklore argentino,0.54764
flare.genre.kiwi rock,0.65614
flare.genre.alternative pop,0.4571
flare.genre.grave wave,0.58852
flare.genre.swamp blues,0.5856
flare.genre.electro jazz,0.73992
flare.genre.rock steady,0.77732
flare.genre.slow game,0.68092
flare.genre.j-metal,0.45488
flare.genre.post-metal,0.296673469388
flare.genre.techno,0.7004
flare.genre.no wave,0.53094
flare.genre.russian pop,0.69656
flare.genre.stomp and flutter,0.4919
flare.genre.portland indie,0.603306122449
flare.genre.dutch rock,0.570918367347
flare.genre.doom metal,0.310302
flare.genre.modern performance,0.258688
flare.genre.pagan black metal,0.282425
flare.genre.black metal,0.28986
flare.genre.jump up,0.50006
flare.genre.pop flamenco,0.683244897959
flare.genre.hard alternative,0.44604
flare.genre.christian metal,0.35872
flare.genre.kirtan,0.386796
flare.genre.neurofunk,0.48126
flare.genre.polish hip hop,0.651265306122
flare.genre.drift,0.168404
flare.genre.dark jazz,0.392058
flare.genre.peruvian rock,0.64964
flare.genre.deathgrind,0.346416
flare.genre.italian indie pop,0.63634
flare.genre.ectofolk,0.5283
flare.genre.symphonic black metal,0.32848
flare.genre.classic italian pop,0.467
flare.genre.turkish hip hop,0.649645833333
flare.genre.cuban rumba,0.63508
flare.genre.brega,0.588040816327
flare.genre.deep norteno,0.686163265306
flare.genre.happy hardcore,0.52918
flare.genre.carnaval,0.628191489362
flare.genre.belgian rock,0.62994
flare.genre.chicago house,0.71668
flare.genre.medieval rock,0.444265306122
flare.genre.irish folk,0.553266666667
flare.genre.jungle,0.52358
flare.genre.chamame,0.61352
flare.genre.scottish rock,0.4827
flare.genre.rap chileno,0.6948
flare.genre.classic chinese pop,0.52272
flare.genre.dark wave,0.53882
flare.genre.progressive uplifting trance,0.5228
flare.genre.orgcore,0.430266666667
flare.genre.austindie,0.60962
flare.genre.idol,0.57204
flare.genre.chicago indie,0.57922
flare.genre.medieval,0.43462
flare.genre.avant-garde jazz,0.4775
flare.genre.eurovision,0.599428571429
flare.genre.bay area indie,0.50668
flare.genre.romantico,0.480128
flare.genre.western swing,0.63348
flare.genre.russian rock,0.6732
flare.genre.japanese city pop,0.61868
flare.genre.new orleans jazz,0.59636
flare.genre.j-idol,0.65212
flare.genre.italian disco,0.7339
flare.genre.harmonica blues,0.60682
flare.genre.arab pop,0.65606
flare.genre.puerto rican rock,0.650591836735
flare.genre.dubstep,0.62484
flare.genre.classic finnish pop,0.618866666667
flare.genre.malaysian pop,0.636244897959
flare.genre.outsider house,0.54476
flare.genre.mexican rock-and-roll,0.48746
flare.genre.portuguese rock,0.58487755102
flare.genre.post-doom metal,0.291282
flare.genre.colombian rock,0.70046
flare.genre.sertanejo tradicional,0.600857142857
flare.genre.brutal death metal,0.36816
flare.genre.soul flow,0.65092
flare.genre.salsa international,0.627163265306
flare.genre.seattle indie,0.46784
flare.genre.avantgarde metal,0.325606
flare.genre.hardcore,0.36124
flare.genre.nasheed,0.57706122449
flare.genre.gbvfi,0.45008
flare.genre.psychedelic doom,0.315522
flare.genre.celtic punk,0.38318
flare.genre.grindcore,0.305608163265
flare.genre.quebecois,0.56752
flare.genre.austropop,0.6221
flare.genre.brazilian ccm,0.463836734694
flare.genre.funky tech house,0.76104
flare.genre.riddim,0.651612244898
flare.genre.psychedelic trance,0.60322
flare.genre.speed garage,0.732916666667
flare.genre.baile funk,0.819775510204
flare.genre.classic russian rock,0.646244897959
flare.genre.freestyle,0.74629787234
flare.genre.j-poprock,0.52056
flare.genre.italian pop rock,0.568102040816
flare.genre.ebm,0.57316
flare.genre.math pop,0.46658
flare.genre.barnmusik,0.712224489796
flare.genre.spanish noise pop,0.4818125
flare.genre.warm drone,0.201916326531
flare.genre.soca,0.75276
flare.genre.nursery,0.60486
flare.genre.ethereal wave,0.275384
flare.genre.nintendocore,0.49916
flare.genre.african gospel,0.50488
flare.genre.garage pop,0.38042
flare.genre.world meditation,0.208432
flare.genre.destroy techno,0.69238
flare.genre.balearic,0.725244897959
flare.genre.progressive deathcore,0.41788
flare.genre.math rock,0.417916666667
flare.genre.laiko,0.66672
flare.genre.acid house,0.641081632653
flare.genre.albuquerque indie,0.56798
flare.genre.mande pop,0.6125
flare.genre.polish punk,0.599291666667
flare.genre.russiavision,0.71612
flare.genre.deep latin christian,0.51778
flare.genre.indie dream pop,0.52588
flare.genre.kindermusik,0.810318181818
flare.genre.emo punk,0.388853658537
flare.genre.entehno,0.64528
flare.genre.bassline,0.65534
flare.genre.k-indie,0.59824
flare.genre.classic finnish rock,0.456125
flare.genre.substep,0.53002
flare.genre.electrofox,0.55448
flare.genre.drill and bass,0.609959183673
flare.genre.turbo folk,0.68293877551
flare.genre.british alternative rock,0.47712
flare.genre.ambeat,0.69656
flare.genre.ska revival,0.688489795918
flare.genre.deep minimal techno,0.775155555556
flare.genre.bmore,0.73112244898
flare.genre.british indie rock,0.49508
flare.genre.canterbury scene,0.4599
flare.genre.musica para ninos,0.65642
flare.genre.romanian pop,0.71834
flare.genre.chill lounge,0.601591836735
flare.genre.rock catala,0.674127659574
flare.genre.free jazz,0.44956
flare.genre.argentine indie,0.623775510204
flare.genre.deep comedy,0.52894
flare.genre.twee pop,0.50084
flare.genre.classic garage rock,0.531142857143
flare.genre.volksmusik,0.547434782609
flare.genre.post-post-hardcore,0.45026
flare.genre.electro-industrial,0.56566
flare.genre.gypsy jazz,0.65648
flare.genre.oi,0.40824
flare.genre.latin electronica,0.69602
flare.genre.straight edge,0.37436
flare.genre.christian hardcore,0.41554
flare.genre.kabarett,0.670404255319
flare.genre.kraut rock,0.32884
flare.genre.steampunk,0.55562
flare.genre.singaporean pop,0.519959183673
flare.genre.swedish hard rock,0.450306122449
flare.genre.world fusion,0.61988
flare.genre.slovak pop,0.593551020408
flare.genre.dansktop,0.61
flare.genre.surf music,0.48416
flare.genre.thai idol,0.61632
flare.genre.gabba,0.4819375
flare.genre.gothic rock,0.511163265306
flare.genre.chaotic hardcore,0.30798
flare.genre.nu age,0.292156
flare.genre.bhangra,0.70896
flare.genre.canzone napoletana,0.3925
flare.genre.retro metal,0.323714285714
flare.genre.cello,0.351394
flare.genre.mandible,0.32963
flare.genre.ballroom,0.380748
flare.genre.ye ye,0.5211
flare.genre.tango,0.469346938776
flare.genre.swedish jazz,0.476795918367
flare.genre.dixieland,0.58238
flare.genre.old-time,0.553979166667
flare.genre.laboratorio,0.492279591837
flare.genre.mashup,0.661714285714
flare.genre.christelijk,0.433043478261
flare.genre.freakbeat,0.52052
flare.genre.punjabi,0.740469387755
flare.genre.alternative roots rock,0.4367
flare.genre.futurepop,0.56302
flare.genre.vancouver indie,0.54334
flare.genre.christian punk,0.52754
flare.genre.choro,0.6021
flare.genre.african rock,0.67472
flare.genre.deep talent show,0.56138
flare.genre.e6fi,0.41562
flare.genre.drone metal,0.326967346939
flare.genre.nordic house,0.682510204082
flare.genre.electro bailando,0.73998
flare.genre.early music,0.275384
flare.genre.psychobilly,0.47342
flare.genre.hawaiian,0.624
flare.genre.horror punk,0.4158
flare.genre.andean,0.55904
flare.genre.russian hip hop,0.693428571429
flare.genre.detroit techno,0.661489795918
flare.genre.progressive psytrance,0.673346938776
flare.genre.comedy rock,0.632102040816
flare.genre.thai pop,0.59796
flare.genre.psychill,0.564163265306
flare.genre.orchestral,0.286184
flare.genre.tribal house,0.741020833333
flare.genre.atmospheric black metal,0.259814
flare.genre.progressive trance house,0.6258125
flare.genre.deep indian pop,0.638632653061
flare.genre.jazz trio,0.46714
flare.genre.classical performance,0.269944
flare.genre.persian pop,0.7078
flare.genre.fado,0.55336
flare.genre.classical piano,0.278619047619
flare.genre.uk hip hop,0.687040816327
flare.genre.voidgaze,0.252578
flare.genre.danish hip hop,0.727081632653
flare.genre.zouk riddim,0.6553
flare.genre.israeli rock,0.69254
flare.genre.czech rock,0.61506122449
flare.genre.swedish reggae,0.68570212766
flare.genre.exotica,0.526926
flare.genre.praise,0.45102
flare.genre.theme,0.395912
flare.genre.hungarian rock,0.49362
flare.genre.athens indie,0.49746
flare.genre.neo-trad metal,0.4003
flare.genre.dub techno,0.571265306122
flare.genre.norwegian metal,0.359591836735
flare.genre.venezuelan rock,0.6633
flare.genre.choral,0.1905
flare.genre.aggrotech,0.57156
flare.genre.neo-progressive,0.460040816327
flare.genre.turkish alternative,0.5344375
flare.genre.hungarian pop,0.614181818182
flare.genre.classic colombian pop,0.71086
flare.genre.kizomba,0.66134
flare.genre.avant-garde,0.251706
flare.genre.columbus ohio indie,0.504040816327
flare.genre.czech folk,0.593659574468
flare.genre.anime score,0.30384
flare.genre.visual kei,0.4818
flare.genre.mizrahi,0.67294
flare.genre.barnemusikk,0.62684
flare.genre.abstract beats,0.632979591837
flare.genre.italian metal,0.44686
flare.genre.popgaze,0.471265306122
flare.genre.indian folk,0.5769
flare.genre.deep latin alternative,0.628083333333
flare.genre.power-pop punk,0.39258
flare.genre.ok indie,0.542
flare.genre.deep chill,0.629229166667
flare.genre.classic turkish pop,0.54114
flare.genre.french movie tunes,0.507857142857
flare.genre.bubble trance,0.629081632653
flare.genre.goregrind,0.318244897959
flare.genre.j-indie,0.47812
flare.genre.vintage italian soundtrack,0.23449
flare.genre.melodic hard rock,0.52928
flare.genre.deep tech house,0.759104166667
flare.genre.dark cabaret,0.56524
flare.genre.shibuya-kei,0.627291666667
flare.genre.deep pop punk,0.4815
flare.genre.folkmusik,0.469044444444
flare.genre.power blues-rock,0.52154
flare.genre.rai,0.651714285714
flare.genre.p funk,0.689
flare.genre.swedish punk,0.415152173913
flare.genre.russian punk,0.62196
flare.genre.spanish reggae,0.7025
flare.genre.black thrash,0.298038
flare.genre.fidget house,0.738571428571
flare.genre.shimmer psych,0.54934
flare.genre.musica nativista,0.682
flare.genre.albanian pop,0.7189
flare.genre.horrorcore,0.66326
flare.genre.basque rock,0.474170212766
flare.genre.violin,0.2922
flare.genre.nu skool breaks,0.6434
flare.genre.melodic power metal,0.47516
flare.genre.turkish classical,0.45306122449
flare.genre.highlife,0.69886
flare.genre.belly dance,0.65026
flare.genre.string quartet,0.49123
flare.genre.classic belgian pop,0.56606122449
flare.genre.indie psych-pop,0.486714285714
flare.genre.southern gospel,0.47987755102
flare.genre.chiptune,0.48644
flare.genre.soukous,0.63988
flare.genre.lds,0.329632653061
flare.genre.instrumental post rock,0.269963265306
flare.genre.irish country,0.531244897959
flare.genre.brass band,0.60548
flare.genre.classic polish pop,0.534872340426
flare.genre.bouncy house,0.5325
flare.genre.vintage swedish pop,0.548574468085
flare.genre.timba,0.7107
flare.genre.classic peruvian pop,0.676204081633
flare.genre.renaissance,0.241914
flare.genre.acid techno,0.6598
flare.genre.norwegian gospel,0.37948
flare.genre.yugoslav rock,0.641387755102
flare.genre.dominican pop,0.70778
flare.genre.classic icelandic pop,0.606191489362
flare.genre.arab folk,0.454058333333
flare.genre.southern soul blues,0.77282
flare.genre.perth indie,0.59294
flare.genre.neue deutsche welle,0.704448979592
flare.genre.swiss rock,0.55616
flare.genre.zouk,0.66258
flare.genre.deep melodic metalcore,0.38874
flare.genre.sega,0.695020408163
flare.genre.mod revival,0.4813
flare.genre.pakistani pop,0.572489795918
flare.genre.deep soul house,0.7551
flare.genre.french folk pop,0.675354166667
flare.genre.deep christian rock,0.4625
flare.genre.c86,0.47186
flare.genre.rio de la plata,0.690708333333
flare.genre.native american,0.355653061224
flare.genre.college a cappella,0.464
flare.genre.uk dub,0.779040816327
flare.genre.jazz bass,0.52402
flare.genre.miami bass,0.86012
flare.genre.ambient idm,0.45552
flare.genre.polish reggae,0.647408163265
flare.genre.nordic folk,0.40736
flare.genre.hauntology,0.3805
flare.genre.vienna indie,0.553125
flare.genre.swamp pop,0.59726
flare.genre.modern uplift,0.495333333333
flare.genre.catalan folk,0.587541666667
flare.genre.chanson quebecois,0.51125
flare.genre.girl group,0.51716
flare.genre.brazilian composition,0.415083333333
flare.genre.digital hardcore,0.548408163265
flare.genre.hip hop tuga,0.699042553191
flare.genre.hip hop quebecois,0.673
flare.genre.deep neofolk,0.555714285714
flare.genre.vintage french electronic,0.472432653061
flare.genre.samba-enredo,0.551108695652
flare.genre.vocaloid,0.523918367347
flare.genre.italian jazz,0.43258
flare.genre.croatian pop,0.637270833333
flare.genre.spanish folk,0.53924
flare.genre.hard minimal techno,0.810102040816
flare.genre.vintage tango,0.57828
flare.genre.desert blues,0.57636
flare.genre.garage punk,0.357044
flare.genre.bounce,0.774977272727
flare.genre.hiplife,0.767208333333
flare.genre.mexican son,0.639041666667
flare.genre.german oi,0.452979591837
flare.genre.classical guitar,0.421510204082
flare.genre.drumfunk,0.559306122449
flare.genre.czech hip hop,0.67702173913
flare.genre.appalachian folk,0.582040816327
flare.genre.vietnamese pop,0.61464
flare.genre.balkan brass,0.6909
flare.genre.free improvisation,0.407340425532
flare.genre.riot grrrl,0.44824
flare.genre.rosary,0.35478
flare.genre.electronica,0.6221
flare.genre.underground latin hip hop,0.714104166667
flare.genre.karneval,0.618127659574
flare.genre.serialism,0.247475510204
flare.genre.cante flamenco,0.566978723404
flare.genre.tico,0.629
flare.genre.boogie-woogie,0.61852
flare.genre.morna,0.64862
flare.genre.ecuadoria,0.661693877551
flare.genre.traditional rock 'n roll,0.55348
flare.genre.estonian pop,0.53988
flare.genre.tin pan alley,0.44988
flare.genre.german show tunes,0.4225
flare.genre.disco polo,0.70948
flare.genre.portuguese pop,0.724804347826
flare.genre.mbalax,0.619551020408
flare.genre.harpsichord,0.271892
flare.genre.deep soundtrack,0.182254
flare.genre.polish indie,0.571183673469
flare.genre.cyber metal,0.434571428571
flare.genre.kids dance party,0.77762
flare.genre.metal guitar,0.48216
flare.genre.thrash core,0.33534
flare.genre.outsider,0.514020408163
flare.genre.full on,0.595
flare.genre.composition d,0.212808333333
flare.genre.deep liquid,0.497
flare.genre.kompa,0.64418
flare.genre.new age piano,0.34206
flare.genre.heavy alternative,0.448408163265
flare.genre.jumpstyle,0.54866
flare.genre.electropunk,0.74588
flare.genre.classic czech pop,0.546372093023
flare.genre.stomp and whittle,0.52398
flare.genre.slovak hip hop,0.690977777778
flare.genre.beats,0.71412244898
flare.genre.brutal deathcore,0.40576
flare.genre.finnish indie,0.574354166667
flare.genre.makossa,0.668693877551
flare.genre.qawwali,0.54108
flare.genre.kwaito house,0.746469387755
flare.genre.witch house,0.489151020408
flare.genre.j-ambient,0.460428571429
flare.genre.atmospheric post rock,0.3696
flare.genre.zillertal,0.656956521739
flare.genre.gothic alternative,0.46888
flare.genre.funk carioca,0.8309375
flare.genre.latvian pop,0.669085106383
flare.genre.crust punk,0.30224
flare.genre.oshare kei,0.5088125
flare.genre.blackgaze,0.276655102041
flare.genre.psych gaze,0.433448979592
flare.genre.grunge pop,0.489081632653
flare.genre.orquesta tropical,0.705387755102
flare.genre.ghazal,0.49962
flare.genre.classic venezuelan pop,0.631081632653
flare.genre.rva indie,0.4581
flare.genre.irish indie,0.5915
flare.genre.denver indie,0.53294
flare.genre.world chill,0.555244897959
flare.genre.deep gothic post-punk,0.49496
flare.genre.ethiopian pop,0.604714285714
flare.genre.deep rai,0.66052173913
flare.genre.electro dub,0.698260869565
flare.genre.traditional ska,0.6753
flare.genre.hungarian hip hop,0.696422222222
flare.genre.fake,0.65996
flare.genre.beatdown,0.36656
flare.genre.deep acoustic pop,0.557448979592
flare.genre.drone folk,0.372795918367
flare.genre.canadian hip hop,0.742836734694
flare.genre.louisville indie,0.43364
flare.genre.dirty texas rap,0.748040816327
flare.genre.neofolk,0.430102040816
flare.genre.neo-rockabilly,0.5956
flare.genre.judaica,0.50256
flare.genre.deep flow,0.672947368421
flare.genre.japanese psychedelic,0.413004
flare.genre.ragtime,0.57587755102
flare.genre.anarcho-punk,0.42232
flare.genre.workout,0.74938
flare.genre.austrian hip hop,0.614541666667
flare.genre.guidance,0.56356
flare.genre.traditional british folk,0.495265306122
flare.genre.calypso,0.62558
flare.genre.orquesta tipica,0.60568
flare.genre.swiss hip hop,0.708833333333
flare.genre.geek rock,0.676408163265
flare.genre.deep adult standards,0.5372
flare.genre.blaskapelle,0.600276595745
flare.genre.classic french pop,0.66438
flare.genre.nwothm,0.372530612245
flare.genre.deep smooth jazz,0.66006
flare.genre.deep dance pop,0.661530612245
flare.genre.dark black metal,0.272687755102
flare.genre.abstract,0.477591666667
flare.genre.tone,0.175425
flare.genre.neo-synthpop,0.60206
flare.genre.minimal melodic techno,0.720234042553
flare.genre.nerdcore,0.73908
flare.genre.ukulele,0.66062
flare.genre.kurdish folk,0.610632653061
flare.genre.ukrainian rock,0.608816326531
flare.genre.kayokyoku,0.490265306122
flare.genre.new beat,0.626354166667
flare.genre.lithumania,0.707208333333
flare.genre.modern southern rock,0.51442
flare.genre.euroska,0.559208333333
flare.genre.k-rock,0.638734693878
flare.genre.classic soundtrack,0.38532
flare.genre.zouglou,0.719183673469
flare.genre.australian indie,0.54818
flare.genre.indie emo,0.600857142857
flare.genre.lo star,0.54896
flare.genre.atmospheric post-metal,0.34644
flare.genre.broken beat,0.73438
flare.genre.acousmatic,0.292294
flare.genre.minimal wave,0.611102040816
flare.genre.solipsynthm,0.615510204082
flare.genre.swedish prog,0.407748
flare.genre.alternative americana,0.537326530612
flare.genre.darkstep,0.50506122449
flare.genre.nl folk,0.60824
flare.genre.marching band,0.476285714286
flare.genre.lounge house,0.593404255319
flare.genre.semba,0.646479166667
flare.genre.underground power pop,0.49908
flare.genre.psychedelic blues-rock,0.402104166667
flare.genre.crack rock steady,0.43284
flare.genre.vegan straight edge,0.594530612245
flare.genre.motivation,0.568333333333
flare.genre.schranz,0.742979591837
flare.genre.traditional swing,0.640770833333
flare.genre.chalga,0.739469387755
flare.genre.musiikkia lapsille,0.660434782609
flare.genre.footwork,0.63858
flare.genre.breakcore,0.544285714286
flare.genre.yoik,0.446333333333
flare.genre.leeds indie,0.486530612245
flare.genre.tribute,0.465163265306
flare.genre.funky breaks,0.750551020408
flare.genre.indian classical,0.4618125
flare.genre.didgeridoo,0.514121276596
flare.genre.classic dutch pop,0.634653061224
flare.genre.slc indie,0.46882
flare.genre.deep contemporary country,0.581510204082
flare.genre.danish indie,0.565875
flare.genre.belgian indie,0.591020833333
flare.genre.jazz brass,0.495693877551
flare.genre.deep brazilian pop,0.606106382979
flare.genre.corrosion,0.55272
flare.genre.black death,0.220324
flare.genre.japanese jazztronica,0.6179
flare.genre.electro trash,0.666020408163
flare.genre.classic afrobeat,0.65776
flare.genre.gothic americana,0.551285714286
flare.genre.slavic metal,0.398566
flare.genre.dark hardcore,0.44102173913
flare.genre.scratch,0.719551020408
flare.genre.traditional scottish folk,0.422948979592
flare.genre.hebrew pop,0.67394
flare.genre.garage punk blues,0.58514
flare.genre.hindustani classical,0.411666666667
flare.genre.indie singer-songwriter,0.49488
flare.genre.deep german punk,0.479391304348
flare.genre.deep disco,0.73044
flare.genre.electronicore,0.416795918367
flare.genre.zydeco,0.65356
flare.genre.usbm,0.18868
flare.genre.string folk,0.337489795918
flare.genre.beach music,0.653739130435
flare.genre.luk thung,0.600979591837
flare.genre.michigan indie,0.54382
flare.genre.south african jazz,0.6058
flare.genre.islamic recitation,0.424387755102
flare.genre.spanish invasion,0.569541666667
flare.genre.russian alternative,0.543020833333
flare.genre.deep orchestral,0.302240425532
flare.genre.mallet,0.600541666667
flare.genre.dark ambient,0.157265306122
flare.genre.ragga jungle,0.663541666667
flare.genre.progressive alternative,0.48728
flare.genre.fast melodic punk,0.41002173913
flare.genre.martial industrial,0.391152631579
flare.genre.deep discofox,0.637959183673
flare.genre.enka,0.477229166667
flare.genre.kwaito,0.746265306122
flare.genre.porro,0.6833
flare.genre.power violence,0.280976
flare.genre.finnish hardcore,0.424227272727
flare.genre.neurostep,0.553666666667
flare.genre.classic russian pop,0.696326530612
flare.genre.vapor house,0.653387755102
flare.genre.deep melodic hard rock,0.411367346939
flare.genre.downtempo fusion,0.57356
flare.genre.ostrock,0.550673913043
flare.genre.spanish classical,0.382765957447
flare.genre.monastic,0.231734693878
flare.genre.string band,0.5768
flare.genre.ambient psychill,0.603959183673
flare.genre.faroese pop,0.529673469388
flare.genre.musica per bambini,0.688520833333
flare.genre.rebetiko,0.597229166667
flare.genre.romanian rock,0.644446808511
flare.genre.panpipe,0.427729166667
flare.genre.afrikaans,0.6645625
flare.genre.abstract idm,0.534224489796
flare.genre.deep psychobilly,0.50956
flare.genre.ugandan pop,0.75912
flare.genre.bass trip,0.64762
flare.genre.power electronics,0.7532
flare.genre.french punk,0.456163265306
flare.genre.library music,0.500142857143
flare.genre.j-reggae,0.672347826087
flare.genre.russian folk,0.39924
flare.genre.musique pour enfants,0.688816326531
flare.genre.hard house,0.6128125
flare.genre.concert piano,0.321657142857
flare.genre.trash rock,0.4439375
flare.genre.wind ensemble,0.170428
flare.genre.deep liquid bass,0.623021276596
flare.genre.deep jazz guitar,0.449979591837
flare.genre.norwegian jazz,0.421820512821
flare.genre.neo metal,0.447040816327
flare.genre.gospel reggae,0.66
flare.genre.traditional soul,0.52364
flare.genre.persian traditional,0.45002
flare.genre.coupe decale,0.715816326531
flare.genre.italian progressive rock,0.431489795918
flare.genre.manele,0.769765957447
flare.genre.magyar,0.556931818182
flare.genre.melodic progressive metal,0.369152173913
flare.genre.japanoise,0.369195918367
flare.genre.bay area hip hop,0.70636
flare.genre.german ccm,0.489782608696
flare.genre.bossa nova jazz,0.6196875
flare.genre.deep opera,0.236804444444
flare.genre.greek indie,0.650530612245
flare.genre.consort,0.262508163265
flare.genre.chaotic black metal,0.220939583333
flare.genre.classic schlager,0.579456521739
flare.genre.rap metalcore,0.57186
flare.genre.slam death metal,0.356208333333
flare.genre.deep ambient,0.157006
flare.genre.nz indie,0.520916666667
flare.genre.polyphony,0.225504081633
flare.genre.deep progressive trance,0.624208333333
flare.genre.galego,0.508958333333
flare.genre.indie fuzzpop,0.55206122449
flare.genre.experimental psych,0.419614
flare.genre.iskelma,0.455553191489
flare.genre.italian folk,0.599
flare.genre.tekno,0.639
flare.genre.shanty,0.67712
flare.genre.dark psytrance,0.601022222222
flare.genre.breton folk,0.403613636364
flare.genre.jig and reel,0.476612244898
flare.genre.military band,0.702020833333
flare.genre.technical brutal death metal,0.399489795918
flare.genre.armenian folk,0.60744
flare.genre.gamecore,0.50554
flare.genre.tzadik,0.292129166667
flare.genre.neo-pagan,0.52148
flare.genre.go-go,0.63193877551
flare.genre.deep folk metal,0.386104166667
flare.genre.contemporary composition,0.30915
flare.genre.deep canadian indie,0.523
flare.genre.liturgical,0.19092244898
flare.genre.speedcore,0.487630434783
flare.genre.depressive black metal,0.324169387755
flare.genre.accordion,0.521553191489
flare.genre.skinhead reggae,0.751642857143
flare.genre.bulgarian rock,0.673829787234
flare.genre.harp,0.424130434783
flare.genre.ambient fusion,0.623729166667
flare.genre.funeral doom,0.322777272727
flare.genre.pipe band,0.2923
flare.genre.remix,0.586959183673
flare.genre.screamocore,0.344081632653
flare.genre.danish jazz,0.419428571429
flare.genre.future ambient,0.542020833333
flare.genre.deep soft rock,0.620489795918
flare.genre.spoken word,0.6052
flare.genre.klezmer,0.550833333333
flare.genre.j-core,0.47885106383
flare.genre.deep german indie,0.581142857143
flare.genre.minimal dubstep,0.636875
flare.genre.deep sunset lounge,0.565522727273
flare.genre.bemani,0.414469387755
flare.genre.indorock,0.528958333333
flare.genre.flick hop,0.586145833333
flare.genre.indie shoegaze,0.3581875
flare.genre.vintage chanson,0.438744680851
flare.genre.greek house,0.750255319149
flare.genre.punta,0.685469387755
flare.genre.doujin,0.5102
flare.genre.corsican folk,0.523425531915
flare.genre.nepali,0.383668
flare.genre.screamo punk,0.320202
flare.genre.ghettotech,0.719102040816
flare.genre.west african jazz,0.6306875
flare.genre.college marching band,0.565
flare.genre.kuduro,0.7544
flare.genre.neo-industrial rock,0.502
flare.genre.greek hip hop,0.718541666667
flare.genre.barbershop,0.492668
flare.genre.jazz orchestra,0.511571428571
flare.genre.benga,0.643163265306
flare.genre.brass ensemble,0.388285416667
flare.genre.stl indie,0.475265306122
flare.genre.deep happy hardcore,0.5405625
flare.genre.hard glam,0.455448979592
flare.genre.blues-rock guitar,0.517234042553
flare.genre.mantra,0.591391304348
flare.genre.british dance band,0.531933333333
flare.genre.guitar case,0.499571428571
flare.genre.african percussion,0.767833333333
flare.genre.dallas indie,0.546574468085
flare.genre.geek folk,0.57522
flare.genre.carnatic,0.490065217391
flare.genre.deep darkpsy,0.553755555556
flare.genre.triangle indie,0.36962
flare.genre.cumbia funk,0.674541666667
flare.genre.thrash-groove metal,0.480304347826
flare.genre.outer hip hop,0.618586956522
flare.genre.throat singing,0.414383333333
flare.genre.swedish pop punk,0.347044444444
flare.genre.sinhala,0.647319148936
flare.genre.dark minimal techno,0.721777777778
flare.genre.chinese traditional,0.38332
flare.genre.deep deep house,0.790826086957
flare.genre.italian punk,0.480386363636
flare.genre.unblack metal,0.333365957447
flare.genre.deep vocal jazz,0.592191489362
flare.genre.cornetas y tambores,0.397239130435
flare.genre.jug band,0.597666666667
flare.genre.indie pop rock,0.528918367347
flare.genre.power noise,0.56952173913
flare.genre.capoeira,0.678489361702
flare.genre.commons,0.567574468085
flare.genre.post-disco soul,0.748541666667
flare.genre.halloween,0.54075
flare.genre.contemporary folk,0.486428571429
flare.genre.finnish jazz,0.544659090909
flare.genre.chinese indie rock,0.547723404255
flare.genre.byzantine,0.208320408163
flare.genre.zim,0.690456521739
flare.genre.black sludge,0.271642857143
flare.genre.vintage jazz,0.650285714286
flare.genre.dubsteppe,0.733723404255
flare.genre.deep psytrance,0.704571428571
flare.genre.street punk,0.384565217391
flare.genre.breaks,0.693744680851
flare.genre.drama,0.621458333333
flare.genre.abstractro,0.289391836735
flare.genre.deep new wave,0.611291666667
flare.genre.gospel blues,0.5750625
flare.genre.light music,0.304114893617
flare.genre.deep southern soul,0.608734693878
flare.genre.deep indie rock,0.579265306122
flare.genre.mexican traditional,0.683163265306
flare.genre.gothic post-punk,0.536775510204
flare.genre.cajun,0.5835
flare.genre.northern irish indie,0.53385106383
flare.genre.british brass band,0.29744893617
flare.genre.deep indie singer-songwriter,0.587934782609
flare.genre.noise punk,0.304289583333
flare.genre.traditional funk,0.545893617021
flare.genre.polish jazz,0.363574468085
flare.genre.baroque ensemble,0.3761
flare.genre.deep ragga,0.787369565217
flare.genre.demoscene,0.505130434783
flare.genre.japanese traditional,0.377694
flare.genre.deep downtempo fusion,0.638583333333
flare.genre.heavy gothic rock,0.459020833333
flare.genre.bangla,0.601553191489
flare.genre.covertrance,0.646886363636
flare.genre.deep vocal house,0.692311111111
flare.genre.deep freestyle,0.6654375
flare.genre.classical organ,0.182685106383
flare.genre.deep full on,0.578636363636
flare.genre.makina,0.639787234043
flare.genre.c64,0.565666666667
flare.genre.spytrack,0.536367346939
flare.genre.classical flute,0.392163265306
flare.genre.musique concrete,0.252553191489
flare.genre.grim death metal,0.275130434783
flare.genre.polka,0.649897959184
flare.genre.slash punk,0.48870625
flare.genre.muziek voor kinderen,0.641423076923
flare.genre.deep jazz fusion,0.511804347826
flare.genre.classic eurovision,0.6274
flare.genre.chamber choir,0.18283125
flare.genre.skiffle,0.603404255319
flare.genre.poetry,0.659770833333
flare.genre.deep funk house,0.829510638298
flare.genre.fallen angel,0.450645833333
flare.genre.electroacoustic improvisation,0.294895348837
flare.genre.steelpan,0.77656
flare.genre.belorush,0.530063829787
flare.genre.fussball,0.535367346939
flare.genre.oratory,0.606127659574
flare.genre.deep east coast hip hop,0.777469387755
flare.genre.grisly death metal,0.307471428571
flare.genre.traditional reggae,0.772627906977
flare.genre.spanish indie rock,0.378916666667
flare.genre.sunset lounge,0.66711627907
flare.genre.early music ensemble,0.460326086957
flare.genre.contemporary classical,0.2612
flare.genre.lowercase,0.216284444444
flare.genre.punk ska,0.49444
flare.genre.deep progressive house,0.719733333333
flare.genre.indian rock,0.558875
flare.genre.clarinet,0.420736842105
flare.genre.deep jazz piano,0.446468085106
flare.genre.deep melodic death metal,0.346252
flare.genre.hardcore breaks,0.62197826087
flare.genre.skinhead oi,0.409304347826
flare.genre.vintage swing,0.647282608696
flare.genre.hatecore,0.3785
flare.genre.glitch beats,0.4986
flare.genre.villancicos,0.669555555556
flare.genre.deep classic garage rock,0.484680851064
flare.genre.deep indie pop,0.554340425532
flare.genre.neo soul-jazz,0.634170212766
flare.genre.deep pop emo,0.453755555556
flare.genre.traditional rockabilly,0.575340425532
flare.genre.deep nordic folk,0.291895744681
flare.genre.klapa,0.577511111111
flare.genre.deep swedish rock,0.424346938776
flare.genre.crossover prog,0.409577777778
flare.genre.football,0.519270833333
flare.genre.organic ambient,0.409991489362
flare.genre.soda pop,0.489897959184
flare.genre.deep chill-out,0.563391304348
flare.genre.deep hardcore,0.609630434783
flare.genre.deep filthstep,0.569159090909
flare.genre.wrock,0.548755102041
flare.genre.norwegian punk,0.473708333333
flare.genre.deep northern soul,0.54829787234
flare.genre.experimental dubstep,0.648086956522
flare.genre.deep free jazz,0.450684
flare.genre.raw black metal,0.264054
flare.genre.thai indie,0.598533333333
flare.genre.classic psychedelic rock,0.488808510638
flare.genre.gamelan,0.508020408163
flare.genre.deep surf music,0.421510638298
flare.genre.dubstep product,0.63870212766
flare.genre.goa trance,0.548454545455
flare.genre.deep italo disco,0.705222222222
flare.genre.deep thrash metal,0.423625
flare.genre.deep g funk,0.758630434783
flare.genre.accordeon,0.542653061224
flare.genre.charred death,0.360009090909
flare.genre.ambient dub techno,0.664638297872
flare.genre.slovenian rock,0.52714893617
flare.genre.maghreb,0.594446808511
flare.genre.re:techno,0.721611111111
flare.genre.malagasy folk,0.613130434783
flare.genre.hard stoner rock,0.400326086957
flare.genre.dark progressive house,0.724666666667
flare.genre.zeuhl,0.418866666667
flare.genre.neo honky tonk,0.602244897959
flare.genre.tanzlmusi,0.5969375
flare.genre.deep dub techno,0.665760869565
flare.genre.j-punk,0.440510204082
flare.genre.noise,0.36066
flare.genre.chill groove,0.656487804878
flare.genre.tibetan,0.485644444444
flare.genre.deep punk rock,0.378386363636
flare.genre.deep power-pop punk,0.432354166667
flare.genre.j-poppunk,0.467022727273
flare.genre.italo beats,0.6933
flare.genre.deep space rock,0.308234042553
flare.genre.deep motown,0.553895833333
flare.genre.kc indie,0.50054
flare.genre.new jack smooth,0.659958333333
flare.genre.deep nz indie,0.554765957447
flare.genre.alternative metalcore,0.454413043478
flare.genre.chinese opera,0.583377777778
flare.genre.vintage rockabilly,0.58132
flare.genre.deep eurodance,0.644265306122
flare.genre.deep cello,0.301455102041
flare.genre.chill-out trance,0.604666666667
flare.genre.german street punk,0.440739130435
flare.genre.terrorcore,0.593897435897
flare.genre.doomcore,0.545326086957
flare.genre.twin cities indie,0.566
flare.genre.french folk,0.559653061224
flare.genre.glitter trance,0.5965625
flare.genre.nu electro,0.736422222222
flare.genre.indie emo rock,0.405926829268
flare.genre.deep classical piano,0.377583333333
flare.genre.ceilidh,0.513833333333
flare.genre.alternative hardcore,0.341209302326
flare.genre.jangle rock,0.500166666667
flare.genre.skweee,0.693260869565
flare.genre.bulgarian folk,0.249877083333
flare.genre.deep neo-synthpop,0.555760869565
flare.genre.rhythm and boogie,0.5584375
flare.genre.swedish jazz orkester,0.537897959184
flare.genre.deep hardcore punk,0.40523255814
flare.genre.chinese experimental,0.571782608696
flare.genre.jazz composition,0.50287804878
flare.genre.modern downshift,0.433979166667
flare.genre.ethereal gothic,0.4515
flare.genre.ghoststep,0.637527777778
flare.genre.anime cv,0.54546
flare.genre.modern free jazz,0.445543478261
flare.genre.vintage schlager,0.620826086957
flare.genre.song poem,0.557775510204
flare.genre.neo-traditional country,0.587804347826
flare.genre.deep orgcore,0.393733333333
flare.genre.cryptic black metal,0.228935
flare.genre.cinematic dubstep,0.653692307692
flare.genre.vintage country folk,0.578306122449
flare.genre.vintage gospel,0.463085106383
flare.genre.gothic doom,0.350043478261
flare.genre.deep symphonic black metal,0.3431
flare.genre.vintage reggae,0.743285714286
flare.genre.deep german jazz,0.479857142857
flare.genre.twee indie pop,0.470769230769
flare.genre.saxophone,0.333556097561
flare.genre.dark electro-industrial,0.63016
flare.genre.deep delta blues,0.557387755102
flare.genre.caucasian folk,0.353539583333
flare.genre.chip hop,0.511574468085
flare.genre.deep breakcore,0.611717391304
flare.genre.deep deep tech house,0.781914285714
flare.genre.deep string quartet,0.33653
flare.genre.necrogrind,0.349923333333
flare.genre.central asian folk,0.405261702128
flare.genre.drone psych,0.316808571429
flare.genre.vintage swoon,0.524163265306
flare.genre.rock noise,0.48626
flare.genre.smooth urban r&b,0.57688372093
flare.genre.deep latin jazz,0.560153846154
flare.genre.vintage western,0.6045
