genre,instrumentalness
modern rock,0.0179690972
tropical house,0.0065356368
pop rap,0.00265581428571
pop,0.005304745
post-teen pop,0.0049433432
rap,0.003102754
rock,0.0183878092
dance pop,0.0023085582
trap music,0.0068661584
edm,0.0089252408
alternative rock,0.0249883961224
latin,7.08726e-05
pop rock,0.0025181152
dwn trap,0.00868558166667
alternative metal,0.0029076834
neo mellow,0.0047968228
r&b,4.80142e-05
southern hip hop,0.0067002504
hip hop,0.002356909
classic rock,0.0283190944
mellow gold,0.0092828424
indie rock,0.0573551878
album rock,0.0130222656
viral pop,0.0026824258
reggaeton,7.07992e-05
soft rock,0.0065739696
post-grunge,0.00270173
indie r&b,0.0195776776
latin pop,4.8574e-06
indie pop,0.0311057588
pop punk,0.0025347832
indietronica,0.0930160344
permanent wave,0.0212767014583
electro house,0.0072334534
tropical,5.30174e-05
urban contemporary,0.0021499838
indie folk,0.0621568302
folk-pop,0.0212076068
singer-songwriter,0.0101269628
nu metal,0.0107397868
hard rock,0.0426710472
hip pop,0.00357623319149
contemporary country,0.001902595
indie poptimism,0.02199656
big room,0.0506359434043
rap metal,0.0042998626
gangster rap,3.82242e-05
canadian pop,0.000581712
country road,0.0019042382
country,0.0028667942
folk rock,0.0219947722
garage rock,0.0790322232653
house,0.0294886066
grupera,9.19208163265e-05
latin hip hop,5.62195744681e-05
stomp and holler,0.061090547551
underground hip hop,0.0068440854
chamber pop,0.1616083698
dirty south rap,0.000839946938776
rock en espanol,0.0065365514
regional mexican,2.96766e-05
progressive house,0.066190223
roots rock,0.0391210364
blues-rock,0.054398961
funk rock,0.0157439262
alternative dance,0.1178666026
modern country rock,0.0109468614
dance rock,0.0247108724
trap latino,0.000151617727273
europop,0.001784892
new wave,0.0348333648
neo soul,0.0012841528
synthpop,0.1523463308
new wave pop,0.0274167782
adult standards,0.0048187118
banda,3.41504e-05
latin alternative,0.0081321474
neo-psychedelic,0.103027935
soul,0.0013915264
classic funk rock,0.0208471908
quiet storm,0.0020613562
emo,3.72184e-05
psychedelic rock,0.0802390204
norteno,7.51832e-05
spanish pop,0.0017976546
deep pop r&b,0.0035034723913
progressive electro house,0.1217216512
deep indie r&b,0.0242768998
rap rock,0.0037311444
art rock,0.0634403426
new rave,0.1393305688
latin arena pop,1.26546e-05
escape room,0.0267122022
motown,0.0016437672
regional mexican pop,2.7523e-05
screamo,0.0081459362
shimmer pop,0.0349596996
electronic,0.2712443098
brostep,0.059269165
metal,0.0420352026
new romantic,0.0230181652
teen pop,5.965e-06
disco,0.0033239908
deep big room,0.0937010359184
indie anthem-folk,0.061210793
pop reggaeton,0.0001996082
reggaeton flow,0.0001052776
crunk,2.58422e-05
funk,0.03562648
vapor soul,0.0661392608
trap francais,0.00471144565217
acoustic pop,0.0116213976
metropopolis,0.028675335
deep tropical house,0.0459617048
west coast rap,9.69634e-05
deep german hip hop,0.0130551414286
metalcore,0.0067804882
punk,0.0005887476
deep funk carioca,0.0012082038
electronic trap,0.0852342492
focus,0.90182
new americana,0.0712044788
east coast hip hop,0.0016323962
folk,0.0080183422
francoton,0.00588133108696
sertanejo universitario,7.24202e-05
hardcore hip hop,0.0196218333333
southern rock,0.0257199482
brill building pop,0.0020693236
german hip hop,0.0417633871429
christian alternative rock,0.0002686596
jazz blues,0.113799545
worship,9.9831e-05
groove metal,0.0336479774
ranchera,0.000355766
boy band,0.0001238694
piano rock,0.00170069387755
talent show,0.0006326314
freak folk,0.1645230228
swedish pop,0.0066525236
chillwave,0.239863549
british blues,0.0664895332
modern blues,0.0631837046
vocal jazz,0.1467053834
argentine rock,0.0321657974
g funk,6.90295918367e-05
christian music,5.60556e-05
redneck,0.0005094252
vegas indie,0.0104652873469
new jack swing,0.0106566073469
swedish idol pop,0.00490787653061
bass trap,0.0476051072
compositional ambient,0.8726136
mpb,0.1298517002
country rock,0.0058871614
dance-punk,0.2110257086
memphis soul,0.018246698
ccm,5.65896e-05
deep underground hip hop,0.0013427754
soundtrack,0.7894398678
cumbia pop,0.0005137918
noise pop,0.149947205306
rock-and-roll,0.0367320874
soul blues,0.0152393896
k-pop,2.21234693878e-05
indie psych-rock,0.128772817
protopunk,0.080975795
moombahton,0.0727119576
lo-fi,0.0880496692
dream pop,0.28771291449
anthem worship,5.76496e-05
german pop,0.0171715574
electric blues,0.055671087
outlaw country,0.0081191886
melodic metalcore,0.013008856
detroit hip hop,5.0944e-05
hollywood,0.0027551518
deep dutch hip hop,0.0328351632609
christian rock,9.9636e-06
southern soul,0.0112087776
deep groove house,0.2227097132
korean pop,3.71362e-05
chicago soul,0.0130631891837
indiecoustica,0.0205365140816
deep german pop rock,0.0014557546
cantautor,0.002472219
glam metal,0.033872478
pagode,0.013807562
britpop,0.0762148178
italian arena pop,0.000818425
traditional country,0.0148788292
glam rock,0.0217227012
alternative hip hop,0.0211266328
funk metal,0.053594598
mariachi,0.0010790962
deep australian indie,0.065104289
classify,0.8101723828
underground pop rap,4.83244e-05
scorecore,0.758882445208
italian pop,0.0014080464
samba,0.1241021598
tracestep,0.147827988
complextro,0.1023577762
deep pop edm,0.0176018252
downtempo,0.242347367347
trip hop,0.40670621
grime,0.0141884252
british invasion,0.0476412466
speed metal,0.096608527
channel pop,0.0037127498
classical,0.838206666667
catstep,0.2152168214
lilith,0.00103605897959
bachata,8.2972e-06
bossa nova,0.2653111542
deep house,0.2180043554
skate punk,0.0178342172
melancholia,0.2990441256
vapor twitch,0.1443970172
lift kit,0.000729027346939
disco house,0.182234044
symphonic rock,0.1704345324
comic,0.017042632
pop emo,0.00816701680851
anti-folk,0.0922582292
grunge,0.0201483517778
duranguense,0.0006868936
australian dance,0.02637341
traditional folk,0.0050564658
bubblegum pop,0.0030192532
otacore,0.0330802188
chillhop,0.522541597959
hoerspiel,3.08920408163e-05
australian alternative rock,0.071382738
reggae fusion,0.0006372976
sertanejo,3.62e-05
la indie,0.0454444452
jazz,0.352454822
rockabilly,0.0147949308
cumbia,0.0101965864
nueva cancion,0.005951555
progressive rock,0.2085703744
texas country,0.0087702856
nu jazz,0.422120026327
video game music,0.593137373023
romantic,0.838206666667
roots reggae,0.019676759
slow core,0.2705701632
swedish folk pop,0.006989689
space rock,0.381002012
madchester,0.1136533368
power metal,0.0568675978
progressive metal,0.233274494
dancehall,0.0136332438776
nu gaze,0.1462492002
alt-indie rock,0.0694486404
french pop,0.0285078346
world worship,0.0009097336
reggae,0.0196761082
deep trap,1.48495918367e-05
opm,0.0010339978
alternative country,0.0309549532
deep danish pop,0.0153584698
mandopop,0.0012043626
spanish rock,0.00575558653061
industrial metal,0.151474501
deep southern trap,5.62692e-05
forro,0.007381551
sky room,0.1154734274
brazilian hip hop,0.0286017716
nashville sound,0.0040143944
indie garage rock,0.195989925306
taiwanese pop,0.0012043626
bolero,0.0004813482
thrash metal,0.1230190134
merseybeat,0.0127233172
danish pop,0.074074166
lounge,0.0198078322
trance,0.4049624954
finnish dance pop,0.000140602916667
jam band,0.098817189
deep latin hip hop,0.00109860673469
chamber psych,0.233609872
jazz funk,0.2271750842
deep taiwanese pop,0.0102043626
turkish pop,0.0021470108
cool jazz,0.424614822
post-punk,0.1969353008
salsa,0.0003276772
eurodance,0.2388023598
preverb,0.2050639234
brooklyn indie,0.16051113898
c-pop,0.0012043626
swedish alternative rock,0.0798463776
minimal,0.89614
german techno,0.197272411429
pixie,0.0092937342
chilean rock,0.0101807278
deep cumbia sonidera,0.0007831284
candy pop,0.0038132144898
filter house,0.3050824834
post-screamo,0.0067900456
punk blues,0.037382263
vocal house,0.172083461429
deep euro house,0.4365674886
deep new americana,0.0450376366
bow pop,0.3806264862
french hip hop,0.0243327542
alternative emo,0.0948009544
axe,0.000634615918367
big beat,0.412603917551
cabaret,0.0154715558
finnish pop,0.0143620659184
progressive trance,0.5011464834
chanson,0.008839909
swedish indie rock,0.090816099
industrial rock,0.1471803134
merengue,0.000428457
etherpop,0.000686078163265
garage psych,0.3095084084
jazz fusion,0.467946528
power pop,0.045072671
ninja,0.313423127
cantopop,0.00262716408163
uk post-punk,0.183021458163
melodic death metal,0.1803474362
deep swedish hip hop,0.0072411512
country dawn,0.000607663673469
bubblegum dance,0.100119969
show tunes,0.000163091020408
post rock,0.86072
dutch hip hop,0.0465874714286
vallenato,0.0008888108
shiver pop,0.0339467352
italian hip hop,0.0045293668
dutch pop,0.00731543632653
post-disco,0.0550905044
bebop,0.466028794
deep regional mexican,2.0462e-06
spanish pop rock,0.000182649591837
modern classical,0.907454545455
swedish eurodance,0.0394995018
contemporary post-bop,0.445131414
minimal techno,0.733574
irish rock,0.020549212
dutch house,0.136531449362
turkish rock,0.0252079042857
easy listening,0.0081245936
swedish hip hop,0.020509002
danspunk,0.0174519355102
australian pop,0.0673912182
indonesian pop,0.0060803762
canadian indie,0.0457095920408
wrestling,0.107524093061
microhouse,0.664216938776
hip house,0.1166820992
cumbia villera,0.00213080081633
west coast trap,0.0001321184
texas blues,0.124714932
celtic rock,0.0071083128
broadway,3.34548e-05
pinoy alternative,0.001198188
french indietronica,0.3191453742
blues,0.1409086638
acid jazz,0.446168884783
anthem emo,0.0679184816327
chillstep,0.2968367256
movie tunes,0.0001645006
tech house,0.785134
uk funky,0.0214124706122
norwegian indie,0.0442697573469
progressive bluegrass,0.031538351
classic swedish pop,0.0747533320833
traditional blues,0.1195856736
soul jazz,0.5004480884
stoner rock,0.0902589006
melodic hardcore,0.025073445
experimental rock,0.2712401806
turntablism,0.2060774072
norwegian pop,0.0283360306
minimal dub,0.289407234694
fourth world,0.883551020408
electro,0.2777100946
swing,0.2295934098
latin christian,0.000711826
dreamo,0.1508692796
indie jazz,0.3491758712
rock gaucho,0.0584012124
french rock,0.0869062414286
post-hardcore,0.0561665652
epicore,0.71510354375
azontobeats,0.0037270104
zapstep,0.19312112
deep chiptune,0.6377116408
sheffield indie,0.0548566964
uplifting trance,0.5427427248
noise rock,0.238401843617
progressive post-hardcore,0.1793891694
hard bop,0.50180676
antiviral pop,0.0238846673469
aussietronica,0.0856379684
indie punk,0.0660413644
death core,0.057128628125
electro latino,0.0005112552
ambient,0.888673469388
reggae rock,0.0093509654
country blues,0.0622738826
anime,0.0503839644
deep funk,0.321142641
new age,0.735584016
french reggae,0.00159180422222
j-pop,0.028269329
groove room,0.3090295344
lovers rock,0.0186966014
deep melodic euro house,0.780394
death metal,0.215850574
nu disco,0.193166439592
indie rockism,0.00470036367347
electro swing,0.240759024082
country gospel,0.0058386752
neo classical metal,0.2406535
mexican indie,0.0962910759184
uk garage,0.17288856102
gothic metal,0.0792570098
stride,0.5170424434
industrial,0.1982149048
canadian metal,0.0181403426
future funk,0.57435864
christian uplift,0.0038268896
brazilian gospel,0.000524674583333
german metal,0.111184982
swedish indie pop,0.1143392818
gauze pop,0.0127483876
turkish jazz,0.0868677242
christian hip hop,2.50606122449e-05
latin jazz,0.0586794374
stoner metal,0.1193606
experimental,0.32583813625
ska,0.0027780604
french indie pop,0.237036083542
deep ccm,0.0803114462
merengue urbano,0.0128443004
classic norwegian pop,0.0102488059184
pub rock,0.0275338794
memphis blues,0.119393249
ska punk,0.0026355154
suomi rock,0.073865405625
afrobeats,0.007949022
hyphy,0.0069454544898
liquid funk,0.1435975886
swedish synthpop,0.0284718478
chicago blues,0.1267489494
drill,0.0013208934
vaporwave,0.546409636
neue deutsche harte,0.1872207696
louvor,0.0288701353061
world,0.248151429592
dub,0.0180700518
smooth jazz,0.3571906416
drum and bass,0.1968517154
memphis hip hop,0.0025305734
j-rock,0.0577849584
new orleans blues,0.13732284
new weird america,0.235849970833
german pop rock,0.0002070234
old school hip hop,0.0280949430612
relaxative,0.853180816
trova,0.019302993
big band,0.3263096106
hardcore punk,0.0087177248
stomp pop,0.1015736678
bass music,0.4140522922
flamenco,0.517185195532
indonesian indie,0.0804840928571
comedy,1.6084e-06
baroque,0.836524137931
viking metal,0.2761446658
russelater,0.035778027551
djent,0.416205459574
mambo,0.0506894586
acoustic blues,0.0456217344
spanish indie pop,0.0571298453061
swedish metal,0.1602485172
delta blues,0.083314891
norwegian rock,0.103905477
deep texas country,0.00219578591837
gospel,0.0055126998
christian relaxative,0.435142030435
doo-wop,0.0177754188
icelandic pop,0.299917226
latin metal,0.0448264586
cowboy western,0.0049587092
piedmont blues,0.0510353228
deep swedish indie pop,0.163634146596
wonky,0.428557166
hardstyle,0.1030112574
classical period,0.438661
minimal tech house,0.742083877551
cumbia sonidera,0.009043315
operatic pop,0.0616510296
meditation,0.795735714286
pop house,0.022117015
dangdut,0.00332445285714
turkish folk,0.0184369
hands up,0.117268400408
deep disco house,0.672831179592
celtic,0.4919596176
desi,0.0066417942
shoegaze,0.4233556466
tejano,0.000293872
boogaloo,0.0218257942
argentine reggae,0.0029830348
nwobhm,0.0545969428
deep hardstyle,0.105190723673
dansband,0.0269180928889
indian pop,0.006640003
danish pop rock,0.0434027291837
japanese r&b,0.0418930587755
electropowerpop,0.0002457482
gothic symphonic metal,0.0409083566
intelligent dance music,0.821952
healing,0.795022774
sleep,0.683910204082
finnish hip hop,0.0001238484
desi hip hop,0.00746383897959
schlager,0.00181058265306
melbourne bounce,0.2301430276
contemporary jazz,0.706218
drone,0.85532
symphonic metal,0.0716021516
spanish punk,0.0416793718367
filthstep,0.1921392486
louisiana blues,0.059918117
children's music,0.00936410571429
cubaton,0.00158670102041
velha guarda,0.0264000178
electroclash,0.138833989184
jangle pop,0.0521792624
brazilian indie,0.0710833502041
chicano rap,0.00506995163265
spanish hip hop,0.000218257755102
uk drill,0.000533695
folk punk,0.023426002
k-hop,8.06672e-05
retro electro,0.450675390612
alternative r&b,0.0043296448
afrobeat,0.4323538276
polish pop,0.0357959840816
opera,0.0425966245
british folk,0.0856421581395
nu-cumbia,0.0185799752
a cappella,2.91044897959e-05
j-dance,0.0783064836735
alternative pop rock,0.0009564262
j-rap,0.0316428338776
boston rock,0.0872298914
future garage,0.446345089796
crossover thrash,0.1508499992
mathcore,0.2391384772
classic danish pop,0.0422964114286
german indie,0.064000306
glitch,0.3766007186
coverchill,0.0601790988
jazz metal,0.61325676
environmental,0.753317271458
reading,0.000121820833333
filmi,0.0025464294
rumba,0.65474803125
azonto,0.00123846387755
levenslied,0.00169960673469
polynesian pop,0.0027206792
glitch hop,0.25674526102
melodipop,0.00664143395833
arabesk,0.000261077755102
zolo,0.0816738266
northern soul,0.0019846308
underground rap,0.0093661178
spanish new wave,0.0041937468
vapor pop,0.0633349325
brazilian punk,0.0217249576
piano blues,0.1379921548
abstract hip hop,0.00954926877551
deep turkish pop,0.0004402482
christian dance,0.03139507
neoclassical,0.8148142
norwegian hip hop,0.0419373116
liedermacher,0.0067265014
discofox,0.000165046458333
australian hip hop,0.0542199704
folk metal,0.2007828136
canadian country,4.33641304348e-05
strut,0.00228574645833
breakbeat,0.2611001094
sludge metal,0.2946982064
italo dance,0.0607862320408
bluegrass,0.1184134486
new tribe,0.4836813624
neo-singer-songwriter,0.0002635898
finnish metal,0.175542948723
danseband,0.0103879743478
fluxwork,0.377541657755
hardcore techno,0.4042035074
jump blues,0.040006189
welsh rock,0.0252346028571
technical death metal,0.441309381837
german punk,0.0315610867347
fingerstyle,0.530546875102
float house,0.676017755102
sleaze rock,0.0084557284
australian country,5.20506e-05
deep uplifting trance,0.471812667347
alternative ccm,0.00456841041667
folklore argentino,0.0763845918
kiwi rock,0.0382187222
alternative pop,0.1270457358
grave wave,0.2513564822
swamp blues,0.064177772
electro jazz,0.481657986
rock steady,0.0523951306
slow game,5.755e-06
j-metal,0.0585453528
post-metal,0.592676183673
techno,0.7374672
no wave,0.230838581
russian pop,0.001426681
stomp and flutter,0.113210654
portland indie,0.195586701633
dutch rock,0.0579767159184
doom metal,0.3898540744
modern performance,0.8638462
pagan black metal,0.4367186875
black metal,0.4134885608
jump up,0.284994284
pop flamenco,0.00105064530612
hard alternative,0.00741955
christian metal,0.0463170618
kirtan,0.516416387
neurofunk,0.2454428096
polish hip hop,0.0222080740816
drift,0.8818
dark jazz,0.7492476242
peruvian rock,0.054627786
deathgrind,0.3592900222
italian indie pop,0.018426888
ectofolk,0.0009949592
symphonic black metal,0.390721998
classic italian pop,0.006769232
turkish hip hop,0.02152207375
cuban rumba,0.155328685
brega,0.0167715473469
deep norteno,0.0169272895918
happy hardcore,0.098669794
carnaval,0.000758642340426
belgian rock,0.157787162
chicago house,0.188334024
medieval rock,0.0310442561224
irish folk,0.073347138
jungle,0.226175397
chamame,0.00189104
scottish rock,0.0552451862
rap chileno,0.0338079562
classic chinese pop,0.001338104
dark wave,0.274947162
progressive uplifting trance,0.550736481333
orgcore,0.0659401253333
austindie,0.118829524
idol,0.0139190428
chicago indie,0.1384531006
medieval,0.489566622
avant-garde jazz,0.471033938
eurovision,0.000930599591837
bay area indie,0.1510665468
romantico,0.6535937
western swing,0.0166570074
russian rock,0.0155791218
japanese city pop,0.1717849238
new orleans jazz,0.3764180262
j-idol,0.0259067104
italian disco,0.122769278
harmonica blues,0.0876236054
arab pop,0.0044740104
puerto rican rock,8.19883673469e-05
dubstep,0.2233727596
classic finnish pop,0.0334606464444
malaysian pop,0.00773120346939
outsider house,0.5916848
mexican rock-and-roll,0.0087774886
portuguese rock,0.0791491516327
post-doom metal,0.6124758
colombian rock,0.044495501
sertanejo tradicional,2.59387755102e-07
brutal death metal,0.436292628
soul flow,0.0217714218
salsa international,0.0196773146939
seattle indie,0.0801175322
avantgarde metal,0.475134684
hardcore,0.1670589704
nasheed,0.0224004989796
gbvfi,0.107519487
psychedelic doom,0.35610422
celtic punk,0.045024355
grindcore,0.536718191837
quebecois,0.0315885742
austropop,0.0459379236
brazilian ccm,0.000682188163265
funky tech house,0.5802965434
riddim,2.1783877551e-05
psychedelic trance,0.61763126
speed garage,0.195642746458
baile funk,0.0249166677551
classic russian rock,0.0265783308163
freestyle,0.0656886993617
j-poprock,0.0076278364
italian pop rock,0.000838705918367
ebm,0.3079371268
math pop,0.3422970678
barnmusik,0.0226395167347
spanish noise pop,0.129933820417
warm drone,0.88293877551
soca,0.0001888544
nursery,0.3645965452
ethereal wave,0.4872035198
nintendocore,0.0597824608
african gospel,0.009427222
garage pop,0.166727573
world meditation,0.740174117
destroy techno,0.3562856
balearic,0.459024520408
progressive deathcore,0.1573357206
math rock,0.249762507917
laiko,1.02442e-05
acid house,0.589047271429
albuquerque indie,0.0473541196
mande pop,0.2862120678
polish punk,0.161303682708
russiavision,0.0018129312
deep latin christian,4.51282e-05
indie dream pop,0.402937498
kindermusik,0.00225800590909
emo punk,0.0845098685366
entehno,5.20898e-05
bassline,0.0572498546
k-indie,0.0454237508
classic finnish rock,0.105948612917
substep,0.3971076584
electrofox,0.353834408
drill and bass,0.630155023878
turbo folk,6.09975510204e-05
british alternative rock,0.0320672124
ambeat,0.5158074364
ska revival,0.100254991429
deep minimal techno,0.832377777778
bmore,0.0790341797959
british indie rock,0.0717547742
canterbury scene,0.389276428
musica para ninos,0.013780316
romanian pop,0.015801946
chill lounge,0.605771428571
rock catala,0.025872117234
free jazz,0.304390619
argentine indie,0.0432626804082
deep comedy,3.4624e-06
twee pop,0.1042729296
classic garage rock,0.0417558457143
volksmusik,0.0429203747826
post-post-hardcore,0.0300467928
electro-industrial,0.2679791968
gypsy jazz,0.650318503
oi,0.067337124
latin electronica,0.20408612
straight edge,0.1375420844
christian hardcore,0.0248208426
kabarett,0.0003273
kraut rock,0.684726568
steampunk,0.0620102106
singaporean pop,0.000529333469388
swedish hard rock,0.05562769
world fusion,0.5525041506
slovak pop,0.0214226432653
dansktop,0.0480331469388
surf music,0.4469986712
thai idol,0.0006026462
gabba,0.144592335417
gothic rock,0.28619789898
chaotic hardcore,0.3256958602
nu age,0.8787
bhangra,0.02519291
canzone napoletana,0.0123670536
retro metal,0.366875030204
cello,0.68995066
mandible,0.792086
ballroom,0.641012226
ye ye,0.0130521108
tango,0.429213789796
swedish jazz,0.701393867347
dixieland,0.1813352866
old-time,0.15306224625
laboratorio,0.273199282653
mashup,0.0377832312245
christelijk,0.0916568071739
freakbeat,0.0603564772
punjabi,0.0320858995918
alternative roots rock,0.1241742296
futurepop,0.1183715704
vancouver indie,0.1006672054
christian punk,0.0115504986
choro,0.1579840264
african rock,0.0543037366
deep talent show,0.003787125
e6fi,0.193621446
drone metal,0.693984285714
nordic house,0.245810778571
electro bailando,0.0014443488
early music,0.428005424
psychobilly,0.0730449608
hawaiian,0.2716956956
horror punk,0.1184451102
andean,0.2032579654
russian hip hop,0.00131531938776
detroit techno,0.653928723469
progressive psytrance,0.71884122449
comedy rock,0.000117515102041
thai pop,0.0006057774
psychill,0.623254174286
orchestral,0.738885576
tribal house,0.521563049375
atmospheric black metal,0.67700377
progressive trance house,0.61347759375
deep indian pop,0.00229016755102
jazz trio,0.718025832
classical performance,0.727408648
persian pop,0.0013741608
fado,0.10375868
classical piano,0.766289914286
uk hip hop,0.0629266053061
voidgaze,0.512209554
danish hip hop,0.0168304969388
zouk riddim,0.005801435
israeli rock,0.0019865164
czech rock,0.0669537912245
swedish reggae,0.0114297076596
exotica,0.5645854152
praise,1.18404e-05
theme,0.613323294
hungarian rock,0.0573432022
athens indie,0.150114435
neo-trad metal,0.0785509236
dub techno,0.77092114898
norwegian metal,0.359255877551
venezuelan rock,0.0314595756
choral,0.64661353913
aggrotech,0.2371778786
neo-progressive,0.138704143265
turkish alternative,0.014422220625
hungarian pop,0.0341678856818
classic colombian pop,0.0016702596
kizomba,0.0204272028
avant-garde,0.65392744
columbus ohio indie,0.0418718277551
czech folk,0.00052733212766
anime score,0.7073775566
visual kei,0.035009262
mizrahi,0.0001125658
barnemusikk,0.012388806
abstract beats,0.326557873061
italian metal,0.0497666584
popgaze,0.368484520408
indian folk,0.004603163
deep latin alternative,0.190596404167
power-pop punk,0.0512215298
ok indie,0.0645556986
deep chill,0.690973958333
classic turkish pop,0.0354792822
french movie tunes,0.0204034144898
bubble trance,0.568387293878
goregrind,0.544124285714
j-indie,0.0401191582
vintage italian soundtrack,0.7431388554
melodic hard rock,0.03129798
deep tech house,0.688445833333
dark cabaret,0.0695394162
shibuya-kei,0.181422854583
deep pop punk,0.00314747708333
folkmusik,0.247698539556
power blues-rock,0.02965381
rai,0.000836928571429
p funk,0.0354353678
swedish punk,0.04333047
russian punk,0.0297209014
spanish reggae,0.021805499
black thrash,0.4589588588
fidget house,0.257096761224
shimmer psych,0.2115856422
musica nativista,0.000181182142857
albanian pop,0.006140065
horrorcore,0.0001087116
basque rock,0.0360484512766
violin,0.682911427273
nu skool breaks,0.528052745
melodic power metal,0.063342115
turkish classical,0.252318999796
highlife,0.0737257826
belly dance,0.1122152746
string quartet,0.26288122
classic belgian pop,0.0050349477551
indie psych-pop,0.19129796551
southern gospel,0.0125027589796
chiptune,0.4662964432
soukous,0.00335084
lds,0.527276795918
instrumental post rock,0.865346938776
irish country,0.0011308622449
brass band,0.533689182
classic polish pop,0.0035656087234
bouncy house,0.059031754
vintage swedish pop,0.0212931659574
timba,0.0010572306
classic peruvian pop,0.0657177708163
renaissance,0.3901647572
acid techno,0.834702
norwegian gospel,0.0362057636
yugoslav rock,0.0105736485714
dominican pop,0.0202117068
classic icelandic pop,0.0558333551064
arab folk,0.181904832708
southern soul blues,0.001457315
perth indie,0.0391698638
neue deutsche welle,0.116498483061
swiss rock,0.2620148858
zouk,0.0035105128
deep melodic metalcore,0.0140946212
sega,0.0191332926531
mod revival,0.0398883104
pakistani pop,0.000557959795918
deep soul house,0.65165112
french folk pop,0.0122740175
deep christian rock,0.033014694
c86,0.2358985052
rio de la plata,0.0016517
native american,0.598840365306
college a cappella,0.0001766548
uk dub,0.176632361224
jazz bass,0.4882664706
miami bass,0.0400467954
ambient idm,0.721952836
polish reggae,0.0436806057143
nordic folk,0.5543368678
hauntology,0.628892222
vienna indie,0.0997123510417
swamp pop,0.021320903
modern uplift,0.00382678520833
catalan folk,0.0669512872917
chanson quebecois,0.035675684375
girl group,0.0290573298
brazilian composition,0.6445316875
digital hardcore,0.297690853
hip hop tuga,0.0930712995745
hip hop quebecois,0.016871110625
deep neofolk,0.0640645767347
vintage french electronic,0.464062662857
samba-enredo,0.0225674904348
vocaloid,0.183235577755
italian jazz,0.6640724
croatian pop,0.00547450770833
spanish folk,0.0112429002
hard minimal techno,0.671532653061
vintage tango,0.2753260968
desert blues,0.3361536448
garage punk,0.1997192632
bounce,0.0184874811364
hiplife,0.0144055027083
mexican son,0.020221769375
german oi,0.0338411128571
classical guitar,0.852371118367
drumfunk,0.62037072449
czech hip hop,0.000292131304348
appalachian folk,0.0482310055102
vietnamese pop,0.002187809
balkan brass,0.2478126324
free improvisation,0.501593265957
riot grrrl,0.140690523
rosary,0.3167713796
electronica,0.6100792832
underground latin hip hop,0.000291287291667
karneval,0.00154273042553
serialism,0.709313530612
cante flamenco,0.112454528511
tico,0.0307635673469
boogie-woogie,0.091118503
morna,0.0135407046
ecuadoria,0.000313986530612
traditional rock 'n roll,0.0431902558
estonian pop,0.0761564868
tin pan alley,0.3822786366
german show tunes,0.01968975175
disco polo,0.0113106776
portuguese pop,0.00168629195652
mbalax,0.0730240636735
harpsichord,0.635072326
deep soundtrack,0.7804613176
polish indie,0.052111734898
cyber metal,0.153009091429
kids dance party,0.0369043528
metal guitar,0.67274662
thrash core,0.337802688
outsider,0.188566856122
full on,0.727125
composition d,0.695981097917
deep liquid,0.408366910204
kompa,0.0128250988
new age piano,0.88696
heavy alternative,0.0102070636735
jumpstyle,0.1403527114
electropunk,0.3351938852
classic czech pop,0.00050383627907
stomp and whittle,0.0482294916
slovak hip hop,0.002678838
beats,0.669840934898
brutal deathcore,0.1598234794
finnish indie,0.472234594375
makossa,0.0225691557143
qawwali,0.0048406382
kwaito house,0.167789403061
witch house,0.362850656327
j-ambient,0.626323685714
atmospheric post rock,0.750657168
zillertal,0.260849669783
gothic alternative,0.012006754
funk carioca,0.000103115208333
latvian pop,0.0913194380851
crust punk,0.362188832
oshare kei,0.07588791375
blackgaze,0.718427755102
psych gaze,0.506673189592
grunge pop,0.0155541955102
orquesta tropical,0.00405453081633
ghazal,0.0308934722
classic venezuelan pop,0.00947346918367
rva indie,0.216438797
irish indie,0.1603721844
denver indie,0.1364786934
world chill,0.469257081633
deep gothic post-punk,0.3732973352
ethiopian pop,0.226414572857
deep rai,0.00481154608696
electro dub,0.416981908261
traditional ska,0.081537032
hungarian hip hop,0.00258818622222
fake,0.09143335
beatdown,0.188147008
deep acoustic pop,0.0765088844898
drone folk,0.765753408163
canadian hip hop,0.00123594020408
louisville indie,0.1374625244
dirty texas rap,0.000807512857143
neofolk,0.341534174082
neo-rockabilly,0.0185916496
judaica,0.015027176
deep flow,0.00606826947368
japanese psychedelic,0.4865642086
ragtime,0.69326361898
anarcho-punk,0.1183047704
workout,0.1768257806
austrian hip hop,0.197773903958
guidance,0.053179296
traditional british folk,0.0597190732653
calypso,0.024721502
orquesta tipica,0.2360188188
swiss hip hop,0.11853709125
geek rock,0.0555735989796
deep adult standards,0.0056232924
blaskapelle,0.620797554468
classic french pop,0.0066219458
nwothm,0.133397205714
deep smooth jazz,0.498394466
deep dance pop,0.0134097895918
dark black metal,0.624024489796
abstract,0.768368333333
tone,0.853358958333
neo-synthpop,0.1671987282
minimal melodic techno,0.66077566617
nerdcore,0.000611484
ukulele,0.3147307404
kurdish folk,0.000283541020408
ukrainian rock,0.0116248759184
kayokyoku,0.00205541
new beat,0.264000476042
lithumania,0.17624663875
modern southern rock,0.0079013394
euroska,0.0695390516667
k-rock,0.0510825326531
classic soundtrack,0.5681158158
zouglou,0.0160077997959
australian indie,0.3112767642
indie emo,0.309040031224
lo star,0.1387399514
atmospheric post-metal,0.69391176
broken beat,0.1921585656
acousmatic,0.72027146
minimal wave,0.372450455102
solipsynthm,0.0682732240816
swedish prog,0.406789258
alternative americana,0.0971030493878
darkstep,0.542264990816
nl folk,0.0007551408
marching band,0.770755230612
lounge house,0.530159748298
semba,0.0268449539583
underground power pop,0.002334581
psychedelic blues-rock,0.19884647
crack rock steady,0.0897395248
vegan straight edge,0.0832964461224
motivation,0.0136871338
schranz,0.817279591837
traditional swing,0.0495900614583
chalga,0.0276919273469
musiikkia lapsille,0.00857739826087
footwork,0.4093688072
breakcore,0.65628044898
yoik,0.223314893333
leeds indie,0.24254833551
tribute,0.194845522653
funky breaks,0.406984032857
indian classical,0.359889313333
didgeridoo,0.511582142553
classic dutch pop,0.0707315026531
slc indie,0.1065234884
deep contemporary country,0.000625933877551
danish indie,0.396055890208
belgian indie,0.122110435625
jazz brass,0.57880244898
deep brazilian pop,0.230386657234
corrosion,0.404462956
black death,0.6704418
japanese jazztronica,0.2678180922
electro trash,0.351686829388
classic afrobeat,0.1915190232
gothic americana,0.0201201114286
slavic metal,0.2760327376
dark hardcore,0.151549126087
scratch,0.316237346735
traditional scottish folk,0.179079494082
hebrew pop,0.0003982592
garage punk blues,0.0703836098
hindustani classical,0.375192507917
indie singer-songwriter,0.014959557
deep german punk,0.0753293621739
deep disco,0.2386045508
electronicore,0.0226423461224
zydeco,0.003334952
usbm,0.766948
string folk,0.596785504082
beach music,0.000301816521739
luk thung,0.041005367551
michigan indie,0.0523065292
south african jazz,0.2646474132
islamic recitation,1.35630612245e-05
spanish invasion,0.0154329625
russian alternative,0.058663380625
deep orchestral,0.849174170213
mallet,0.463746621458
dark ambient,0.882895918367
ragga jungle,0.0470832622917
progressive alternative,0.0017557798
fast melodic punk,0.0156272034783
martial industrial,0.459424413158
deep discofox,0.0134325983673
enka,0.0110411654167
kwaito,0.0958459408163
porro,0.0532907486
power violence,0.40752676
finnish hardcore,0.157359331818
neurostep,0.192469275833
classic russian pop,0.0178795142857
vapor house,0.325793461224
deep melodic hard rock,0.00720999693878
downtempo fusion,0.3343520418
ostrock,0.121557569783
spanish classical,0.423658254681
monastic,0.595813265306
string band,0.1653020356
ambient psychill,0.755104081633
faroese pop,0.131069890204
musica per bambini,0.0950367460417
rebetiko,0.0474823502083
romanian rock,0.0383437438298
panpipe,0.4041697125
afrikaans,0.004239989375
abstract idm,0.599841954082
deep psychobilly,0.0851953782
ugandan pop,0.0012091606
bass trip,0.3235558986
power electronics,0.0182245026
french punk,0.0644615265306
library music,0.582078979592
j-reggae,0.0456263636957
russian folk,0.1536566724
musique pour enfants,0.0687336938776
hard house,0.571314504792
concert piano,0.811428571429
trash rock,0.0453055229167
wind ensemble,0.5504251198
deep liquid bass,0.613150259574
deep jazz guitar,0.803649326531
norwegian jazz,0.595679871795
neo metal,0.0307804304082
gospel reggae,0.000323881458333
traditional soul,0.0563990278
persian traditional,0.2174814634
coupe decale,0.0168459120408
italian progressive rock,0.346649343469
manele,0.0029051006383
magyar,0.155344416364
melodic progressive metal,0.0371292080435
japanoise,0.425618042857
bay area hip hop,0.0069237886
german ccm,0.0199624745652
bossa nova jazz,0.38517444125
deep opera,0.096233104
greek indie,0.220085820816
consort,0.410586489796
chaotic black metal,0.680281458333
classic schlager,0.0583609306522
rap metalcore,0.003932759
slam death metal,0.63666046
deep ambient,0.85551742
nz indie,0.281230809792
polyphony,0.0963373761224
deep progressive trance,0.597683223333
galego,0.112934227083
indie fuzzpop,0.062008264898
experimental psych,0.5192565746
iskelma,0.129555840213
italian folk,0.0403669876087
tekno,0.351133886585
shanty,0.0004312896
dark psytrance,0.615892584444
breton folk,0.351845389318
jig and reel,0.25958411898
military band,0.0555626247917
technical brutal death metal,0.550831020408
armenian folk,0.002070719
gamecore,0.56412584
tzadik,0.556321586042
neo-pagan,0.0940972622
go-go,0.0282438212245
deep folk metal,0.221919195208
contemporary composition,0.587459456042
deep canadian indie,0.0425873436
liturgical,0.38341142898
speedcore,0.31227091413
depressive black metal,0.724341632653
accordion,0.515119234043
skinhead reggae,0.335730052143
bulgarian rock,0.017680423617
harp,0.806013043478
ambient fusion,0.712835629167
funeral doom,0.545621751818
pipe band,0.560365020408
remix,0.116713915714
screamocore,0.267246145714
danish jazz,0.621698406122
future ambient,0.411464302083
deep soft rock,0.0606987069388
spoken word,0.0040893498
klezmer,0.335691711429
j-core,0.332022939787
deep german indie,0.126773265714
minimal dubstep,0.47282848125
deep sunset lounge,0.731192531818
bemani,0.10337806551
indorock,0.301833673542
flick hop,0.01891811625
indie shoegaze,0.588315610417
vintage chanson,0.00700917531915
greek house,0.545695872766
punta,0.0152986167347
doujin,0.3159960762
corsican folk,0.290223729362
nepali,0.4106050726
screamo punk,0.40801428
ghettotech,0.268211682857
west african jazz,0.247152647708
college marching band,0.602028810408
kuduro,0.225286997778
neo-industrial rock,0.0531837487755
greek hip hop,0.0359964370833
barbershop,0.00102659
jazz orchestra,0.559562244898
benga,0.00500315857143
brass ensemble,0.8463
stl indie,0.0305909330612
deep happy hardcore,0.243850216458
hard glam,0.0349138789796
blues-rock guitar,0.0503367485106
mantra,0.002016525
british dance band,0.307527588889
guitar case,0.0490262930612
african percussion,0.117518953542
dallas indie,0.570042764468
geek folk,0.0051920908
carnatic,0.0781379623913
deep darkpsy,0.684155587333
triangle indie,0.137061634
cumbia funk,0.128670300208
thrash-groove metal,0.154139266304
outer hip hop,0.0147947647826
throat singing,0.186358455833
swedish pop punk,0.15392624
sinhala,0.0312032248936
dark minimal techno,0.8188
chinese traditional,0.5322223006
deep deep house,0.674005217391
italian punk,0.0561410545455
unblack metal,0.340322444681
deep vocal jazz,0.00402929170213
cornetas y tambores,0.705282644565
jug band,0.0863357354167
indie pop rock,0.118821552245
power noise,0.556316841304
capoeira,0.0104688610638
commons,0.329985182128
post-disco soul,0.0367153227083
halloween,0.304228882083
contemporary folk,0.00888171163265
finnish jazz,0.505192855227
chinese indie rock,0.0961475248936
byzantine,0.444466362245
zim,0.070907581087
black sludge,0.579269591837
vintage jazz,0.293435069184
dubsteppe,0.162533739149
deep psytrance,0.543227714286
street punk,0.061021738913
breaks,0.606824246809
drama,0.0253186858333
abstractro,0.76552244898
deep new wave,0.113323003958
gospel blues,0.026403929375
light music,0.74395032766
deep southern soul,0.0492604259184
deep indie rock,0.123910801224
mexican traditional,0.000169616938776
gothic post-punk,0.38913355551
cajun,0.0473272674
northern irish indie,0.270248679362
british brass band,0.808972340426
deep indie singer-songwriter,0.01092686
noise punk,0.314105308125
traditional funk,0.515608647234
polish jazz,0.561481354167
baroque ensemble,0.4427901448
deep ragga,0.000110851521739
demoscene,0.388331658913
japanese traditional,0.6201766
deep downtempo fusion,0.647786017083
heavy gothic rock,0.206393179583
bangla,0.00679870531915
covertrance,0.239923670227
deep vocal house,0.0336665608889
deep freestyle,0.133766735417
classical organ,0.626293714894
deep full on,0.3565197225
makina,0.43313562766
c64,0.0828554097917
spytrack,0.681330816327
classical flute,0.599444406939
musique concrete,0.660008706809
grim death metal,0.545128291304
polka,0.150618297551
slash punk,0.1804608075
muziek voor kinderen,0.169836727692
deep jazz fusion,0.725691365435
classic eurovision,0.0167013306
chamber choir,0.384455020833
skiffle,0.0872808493617
poetry,0.052848198125
deep funk house,0.511544924043
fallen angel,0.0301716745833
electroacoustic improvisation,0.736879215349
steelpan,0.63688698
belorush,0.037333897234
fussball,1.88012244898e-05
oratory,0.0659699059574
deep east coast hip hop,0.127408369796
grisly death metal,0.695540204082
traditional reggae,0.0665869053488
spanish indie rock,0.318605016875
sunset lounge,0.645367651163
early music ensemble,0.647163704348
contemporary classical,0.394540650408
lowercase,0.710745533333
punk ska,0.0295997546
deep progressive house,0.778044480444
indian rock,0.1932752575
clarinet,0.645991339474
deep jazz piano,0.827218723404
deep melodic death metal,0.3248249882
hardcore breaks,0.308432173913
skinhead oi,0.0652944193478
vintage swing,0.248811225435
hatecore,0.156566322727
glitch beats,0.793644444444
villancicos,0.00113886711111
deep classic garage rock,0.0721968223404
deep indie pop,0.163167441064
neo soul-jazz,0.00193043382979
deep pop emo,0.00373915688889
traditional rockabilly,0.0694789487234
deep nordic folk,0.329725920833
klapa,1.29324444444e-05
deep swedish rock,0.0389043722449
crossover prog,0.135319722889
football,0.309648322917
organic ambient,0.758580912979
soda pop,0.00268124040816
deep chill-out,0.564745300217
deep hardcore,0.351465986957
deep filthstep,0.450921162955
wrock,0.00547050102041
norwegian punk,0.064416895
deep northern soul,0.0767606302128
experimental dubstep,0.435980882609
deep free jazz,0.425123787
raw black metal,0.578781704
thai indie,0.0734460604444
classic psychedelic rock,0.0739229502128
gamelan,0.687659061224
deep surf music,0.707508346809
dubstep product,0.15501721766
goa trance,0.684818181818
deep italo disco,0.222067088889
deep thrash metal,0.222792166667
deep g funk,0.00691939673913
accordeon,0.099408075102
charred death,0.404635295455
ambient dub techno,0.757453191489
slovenian rock,0.0989067346809
maghreb,0.0609164568085
re:techno,0.853555555556
malagasy folk,0.0776743406522
hard stoner rock,0.266636795652
dark progressive house,0.82
zeuhl,0.416969772444
neo honky tonk,0.00722945612245
tanzlmusi,0.584395833333
deep dub techno,0.633195921739
j-punk,0.0398691104082
noise,0.351251693778
chill groove,0.594973583659
tibetan,0.169693953778
deep punk rock,0.148557323864
deep power-pop punk,0.052089868125
j-poppunk,0.0992265913636
italo beats,0.1710853525
deep space rock,0.576267500426
deep motown,0.1376728325
kc indie,0.1565113396
new jack smooth,0.000996767708333
deep nz indie,0.270348021277
alternative metalcore,0.0150738873913
chinese opera,0.00810461911111
vintage rockabilly,0.0314336434
deep eurodance,0.146004359388
deep cello,0.834236734694
chill-out trance,0.585903149583
german street punk,0.145768429783
terrorcore,0.519142820513
doomcore,0.7100725
twin cities indie,0.0502289429167
french folk,0.132833388776
glitter trance,0.669369416458
nu electro,0.6305145
indie emo rock,0.117381103902
deep classical piano,0.8873125
ceilidh,0.360783257292
alternative hardcore,0.0661056697674
jangle rock,0.281078603125
skweee,0.489421021739
bulgarian folk,0.113822149792
deep neo-synthpop,0.230680845435
rhythm and boogie,0.0265380579167
swedish jazz orkester,0.468066116327
deep hardcore punk,0.0409493553488
chinese experimental,0.422918369565
jazz composition,0.441735540488
modern downshift,0.0366196010417
ethereal gothic,0.305740067391
ghoststep,0.538681944444
anime cv,0.047458291
modern free jazz,0.379676330435
vintage schlager,0.366309445435
song poem,0.138667181633
neo-traditional country,0.0167134793478
deep orgcore,0.0217263486667
cryptic black metal,0.63116
cinematic dubstep,0.698573871795
vintage country folk,0.052896112449
vintage gospel,0.0139085885106
gothic doom,0.286685334783
deep symphonic black metal,0.214683808163
vintage reggae,0.183271602041
deep german jazz,0.439935659388
twee indie pop,0.227889887308
saxophone,0.763712195122
dark electro-industrial,0.4922880916
deep delta blues,0.218797253469
caucasian folk,0.214826511667
chip hop,0.121194402917
deep breakcore,0.401196166304
deep deep tech house,0.737382857143
deep string quartet,0.60074972
necrogrind,0.595503123333
central asian folk,0.280256446809
drone psych,0.557692760286
vintage swoon,0.0187105171429
rock noise,0.3956844092
smooth urban r&b,0.00184751860465
deep latin jazz,0.412300037949
vintage western,0.316870533125
