genre,liveness
modern rock,0.194182
tropical house,0.159704
pop rap,0.14773877551
pop,0.139236
post-teen pop,0.117082
rap,0.149626
rock,0.186612
dance pop,0.127394
trap music,0.161878
edm,0.176956
alternative rock,0.17546122449
latin,0.179124
pop rock,0.16882
dwn trap,0.1655875
alternative metal,0.209472
neo mellow,0.11995
r&b,0.15472
southern hip hop,0.164004
hip hop,0.198906
classic rock,0.201504
mellow gold,0.171092
indie rock,0.206058
album rock,0.192582
viral pop,0.127192
reggaeton,0.186796
soft rock,0.137726
post-grunge,0.227072
indie r&b,0.184622
latin pop,0.183754
indie pop,0.166042
pop punk,0.204812
indietronica,0.170712
permanent wave,0.181225
electro house,0.177448
tropical,0.197526
urban contemporary,0.134296
indie folk,0.145024
folk-pop,0.137828
singer-songwriter,0.166398
nu metal,0.228236
hard rock,0.189042
hip pop,0.228534042553
contemporary country,0.168944
indie poptimism,0.182759574468
big room,0.182953191489
rap metal,0.216046
gangster rap,0.175614
canadian pop,0.18613
country road,0.159976
country,0.134974
folk rock,0.184272
garage rock,0.205710204082
house,0.15053
grupera,0.165773469388
latin hip hop,0.169140425532
stomp and holler,0.179569387755
underground hip hop,0.16757
chamber pop,0.155262
dirty south rap,0.161120408163
rock en espanol,0.17773
regional mexican,0.151092
progressive house,0.191646
roots rock,0.141588
blues-rock,0.18551
funk rock,0.17607
alternative dance,0.22036
modern country rock,0.163374
dance rock,0.154148
trap latino,0.176536363636
europop,0.166694
new wave,0.164092
neo soul,0.19404
synthpop,0.190032
new wave pop,0.156104
adult standards,0.187212
banda,0.165954
latin alternative,0.229816
neo-psychedelic,0.203236
soul,0.177194
classic funk rock,0.165148
quiet storm,0.171746
emo,0.238818
psychedelic rock,0.159278
norteno,0.164274
spanish pop,0.201702
deep pop r&b,0.157819565217
progressive electro house,0.214744
deep indie r&b,0.16783
rap rock,0.183488
art rock,0.1762
new rave,0.20912
latin arena pop,0.17976
escape room,0.183036
motown,0.177534
regional mexican pop,0.140846
screamo,0.238374
shimmer pop,0.202338
electronic,0.19218
brostep,0.200406
metal,0.187496
new romantic,0.144812
teen pop,0.197316
disco,0.143896
deep big room,0.237585714286
indie anthem-folk,0.137782
pop reggaeton,0.166688
reggaeton flow,0.176962
crunk,0.187852
funk,0.156314
vapor soul,0.15642
trap francais,0.114634782609
acoustic pop,0.152988
metropopolis,0.140056
deep tropical house,0.146608
west coast rap,0.238474
deep german hip hop,0.175524489796
metalcore,0.248096
punk,0.210574
deep funk carioca,0.189188
electronic trap,0.152354
focus,0.112238
new americana,0.186606
east coast hip hop,0.224728
folk,0.141544
francoton,0.130956521739
sertanejo universitario,0.60774
hardcore hip hop,0.255035416667
southern rock,0.195108
brill building pop,0.18919
german hip hop,0.202806122449
christian alternative rock,0.16157
jazz blues,0.155276
worship,0.215578
groove metal,0.187554
ranchera,0.152918
boy band,0.142768
piano rock,0.197316326531
talent show,0.165082
freak folk,0.168534
swedish pop,0.173826
chillwave,0.190774
british blues,0.167692
modern blues,0.171242
vocal jazz,0.180438
argentine rock,0.23204
g funk,0.220844897959
christian music,0.201496
redneck,0.174774
vegas indie,0.196855102041
new jack swing,0.144155102041
swedish idol pop,0.136030612245
bass trap,0.187172
compositional ambient,0.122868
mpb,0.14969
country rock,0.183008
dance-punk,0.21346
memphis soul,0.190462
ccm,0.203848
deep underground hip hop,0.155156
soundtrack,0.163668
cumbia pop,0.204712
noise pop,0.154659183673
rock-and-roll,0.21806
soul blues,0.169428
k-pop,0.167185714286
indie psych-rock,0.15198
protopunk,0.421742
moombahton,0.24178
lo-fi,0.19491
dream pop,0.196367346939
anthem worship,0.192148
german pop,0.1465
electric blues,0.196972
outlaw country,0.196986
melodic metalcore,0.210792
detroit hip hop,0.236316
hollywood,0.16497
deep dutch hip hop,0.183604347826
christian rock,0.160272
southern soul,0.182902
deep groove house,0.160886
korean pop,0.171388
chicago soul,0.176316326531
indiecoustica,0.1357
deep german pop rock,0.147226
cantautor,0.138112
glam metal,0.242862
pagode,0.25806
britpop,0.206246
italian arena pop,0.175138
traditional country,0.223786
glam rock,0.225308
alternative hip hop,0.192498
funk metal,0.192012
mariachi,0.254048
deep australian indie,0.150332
classify,0.111284
underground pop rap,0.158578
scorecore,0.119672916667
italian pop,0.180604
samba,0.170504
tracestep,0.219154
complextro,0.212058
deep pop edm,0.194128
downtempo,0.135032653061
trip hop,0.170776
grime,0.167092
british invasion,0.409274
speed metal,0.154148
channel pop,0.12606
classical,0.152673333333
catstep,0.193814
lilith,0.163983673469
bachata,0.161996
bossa nova,0.164666
deep house,0.149458
skate punk,0.194268
melancholia,0.119186
vapor twitch,0.172754
lift kit,0.170883673469
disco house,0.174536
symphonic rock,0.273538
comic,0.26469
pop emo,0.192823404255
anti-folk,0.184036
grunge,0.222073333333
duranguense,0.152034
australian dance,0.118104
traditional folk,0.151476
bubblegum pop,0.183092
otacore,0.183738
chillhop,0.137028571429
hoerspiel,0.454897959184
australian alternative rock,0.130814
reggae fusion,0.167954
sertanejo,0.515908
la indie,0.203334
jazz,0.139664
rockabilly,0.19501
cumbia,0.125858
nueva cancion,0.13265
progressive rock,0.245762
texas country,0.178714
nu jazz,0.191846938776
video game music,0.141223255814
romantic,0.152673333333
roots reggae,0.143598
slow core,0.13826
swedish folk pop,0.152114
space rock,0.28697
madchester,0.162686
power metal,0.190822
progressive metal,0.177408
dancehall,0.145204081633
nu gaze,0.216336
alt-indie rock,0.190366
french pop,0.139542
world worship,0.312184
reggae,0.139738
deep trap,0.14777755102
opm,0.138056
alternative country,0.154394
deep danish pop,0.16492
mandopop,0.131718
spanish rock,0.150283673469
industrial metal,0.228552
deep southern trap,0.190876
forro,0.44351
sky room,0.214852
brazilian hip hop,0.217538
nashville sound,0.183626
indie garage rock,0.187963265306
taiwanese pop,0.131718
bolero,0.18072
thrash metal,0.146688
merseybeat,0.223808
danish pop,0.152716
lounge,0.195988
trance,0.267612
finnish dance pop,0.157114583333
jam band,0.159582
deep latin hip hop,0.204375510204
chamber psych,0.160906
jazz funk,0.164646
deep taiwanese pop,0.129418
turkish pop,0.192368
cool jazz,0.138124
post-punk,0.20026
salsa,0.17885
eurodance,0.196368
preverb,0.200554
brooklyn indie,0.178504081633
c-pop,0.131718
swedish alternative rock,0.177574
minimal,0.110476
german techno,0.180979591837
pixie,0.189374
chilean rock,0.211294
deep cumbia sonidera,0.148652
candy pop,0.195167346939
filter house,0.206074
post-screamo,0.248526
punk blues,0.18171
vocal house,0.172971428571
deep euro house,0.155838
deep new americana,0.173146
bow pop,0.164506
french hip hop,0.125394
alternative emo,0.161512
axe,0.355085714286
big beat,0.24643877551
cabaret,0.186774
finnish pop,0.140395918367
progressive trance,0.271616
chanson,0.160794
swedish indie rock,0.182202
industrial rock,0.209392
merengue,0.183998
etherpop,0.168932653061
garage psych,0.164692
jazz fusion,0.137698
power pop,0.185296
ninja,0.223688
cantopop,0.12432244898
uk post-punk,0.202795918367
melodic death metal,0.237404
deep swedish hip hop,0.210266
country dawn,0.174028571429
bubblegum dance,0.223964
show tunes,0.188548979592
post rock,0.136828
dutch hip hop,0.157865306122
vallenato,0.175752
shiver pop,0.20703
italian hip hop,0.14593
dutch pop,0.121657142857
post-disco,0.143136
bebop,0.143532
deep regional mexican,0.15623
spanish pop rock,0.224646938776
modern classical,0.117120454545
swedish eurodance,0.215654
contemporary post-bop,0.14104
minimal techno,0.148712
irish rock,0.181326
dutch house,0.249985106383
turkish rock,0.194446938776
easy listening,0.187234
swedish hip hop,0.168834
danspunk,0.222793877551
australian pop,0.168548
indonesian pop,0.14066
canadian indie,0.241285714286
wrestling,0.173924489796
microhouse,0.147108163265
hip house,0.149902
cumbia villera,0.169448979592
west coast trap,0.186314
texas blues,0.17977
celtic rock,0.18137
broadway,0.192914
pinoy alternative,0.149842
french indietronica,0.162524
blues,0.18577
acid jazz,0.169941304348
anthem emo,0.180732653061
chillstep,0.17844
movie tunes,0.226456
tech house,0.158676
uk funky,0.212465306122
norwegian indie,0.181551020408
progressive bluegrass,0.141658
classic swedish pop,0.18345
traditional blues,0.18824
soul jazz,0.14487
stoner rock,0.205934
melodic hardcore,0.226956
experimental rock,0.217284
turntablism,0.189126
norwegian pop,0.193224
minimal dub,0.158971428571
fourth world,0.107251020408
electro,0.24576
swing,0.151374
latin christian,0.41763
dreamo,0.178688
indie jazz,0.167466
rock gaucho,0.231364
french rock,0.198030612245
post-hardcore,0.218956
epicore,0.12179375
azontobeats,0.118958
zapstep,0.226302
deep chiptune,0.1673
sheffield indie,0.197534
uplifting trance,0.275624
noise rock,0.228563829787
progressive post-hardcore,0.202064
hard bop,0.146648
antiviral pop,0.192065306122
aussietronica,0.128312
indie punk,0.166764
death core,0.269952083333
electro latino,0.212728
ambient,0.104910204082
reggae rock,0.172976
country blues,0.148212
anime,0.208722
deep funk,0.227278
new age,0.144292
french reggae,0.1732
j-pop,0.24513
groove room,0.156926
lovers rock,0.127574
deep melodic euro house,0.147958
death metal,0.197012
nu disco,0.182563265306
indie rockism,0.173526530612
electro swing,0.168646938776
country gospel,0.15924
neo classical metal,0.213736
mexican indie,0.184806122449
uk garage,0.172212244898
gothic metal,0.195732
stride,0.150756
industrial,0.244564
canadian metal,0.170184
future funk,0.129666
christian uplift,0.213198
brazilian gospel,0.396877083333
german metal,0.20975
swedish indie pop,0.195572
gauze pop,0.177448
turkish jazz,0.190452
christian hip hop,0.232051020408
latin jazz,0.191376
stoner metal,0.230074
experimental,0.164566666667
ska,0.166524
french indie pop,0.166695833333
deep ccm,0.19578
merengue urbano,0.156304
classic norwegian pop,0.206851020408
pub rock,0.16234
memphis blues,0.192012
ska punk,0.2485
suomi rock,0.211995833333
afrobeats,0.133664
hyphy,0.167434693878
liquid funk,0.215322
swedish synthpop,0.162048
chicago blues,0.169148
drill,0.16226
vaporwave,0.232894
neue deutsche harte,0.226732
louvor,0.219224489796
world,0.159953061224
dub,0.103118
smooth jazz,0.117304
drum and bass,0.231434
memphis hip hop,0.203842
j-rock,0.209534
new orleans blues,0.161014
new weird america,0.12909375
german pop rock,0.189736
old school hip hop,0.203553061224
relaxative,0.126244
trova,0.230318
big band,0.154394
hardcore punk,0.252896
stomp pop,0.208998
bass music,0.172324
flamenco,0.169455319149
indonesian indie,0.139546938776
comedy,0.72112
baroque,0.151972413793
viking metal,0.226188
russelater,0.241202040816
djent,0.207931914894
mambo,0.174234
acoustic blues,0.180318
spanish indie pop,0.148026530612
swedish metal,0.22748
delta blues,0.149494
norwegian rock,0.161184
deep texas country,0.213465306122
gospel,0.284564
christian relaxative,0.124358695652
doo-wop,0.213194
icelandic pop,0.170426
latin metal,0.20642
cowboy western,0.156488
piedmont blues,0.160872
deep swedish indie pop,0.168534042553
wonky,0.236294
hardstyle,0.224656
classical period,0.13792
minimal tech house,0.140067346939
cumbia sonidera,0.135322
operatic pop,0.156606
meditation,0.341083673469
pop house,0.233968
dangdut,0.159775510204
turkish folk,0.201912244898
hands up,0.227224489796
deep disco house,0.135728571429
celtic,0.116832
desi,0.194258
shoegaze,0.188046
tejano,0.157802
boogaloo,0.161266
argentine reggae,0.23394
nwobhm,0.242712
deep hardstyle,0.267293877551
dansband,0.250524444444
indian pop,0.192538
danish pop rock,0.170783673469
japanese r&b,0.201544897959
electropowerpop,0.184888
gothic symphonic metal,0.261872
intelligent dance music,0.185874
healing,0.121042
sleep,0.494981632653
finnish hip hop,0.17038
desi hip hop,0.188463265306
schlager,0.201387755102
melbourne bounce,0.218466
contemporary jazz,0.171672
drone,0.130626
symphonic metal,0.223118
spanish punk,0.239916326531
filthstep,0.222662
louisiana blues,0.185444
children's music,0.214406122449
cubaton,0.184055102041
velha guarda,0.220822
electroclash,0.161857142857
jangle pop,0.190882
brazilian indie,0.172695918367
chicano rap,0.194771428571
spanish hip hop,0.192185714286
uk drill,0.190134
folk punk,0.22533
k-hop,0.234504
retro electro,0.209712244898
alternative r&b,0.214018
afrobeat,0.177886
polish pop,0.169434693878
opera,0.166415
british folk,0.11771627907
nu-cumbia,0.165466
a cappella,0.179308163265
j-dance,0.224648979592
alternative pop rock,0.165146
j-rap,0.180012244898
boston rock,0.165604
future garage,0.177395918367
crossover thrash,0.25272
mathcore,0.212446
classic danish pop,0.194651020408
german indie,0.13303
glitch,0.22158
coverchill,0.155428
jazz metal,0.217086
environmental,0.532145833333
reading,0.251129166667
filmi,0.212992
rumba,0.119070833333
azonto,0.135653061224
levenslied,0.241493877551
polynesian pop,0.13812
glitch hop,0.298948979592
melodipop,0.164077083333
arabesk,0.230444897959
zolo,0.210536
northern soul,0.184114
underground rap,0.168568
spanish new wave,0.17702
vapor pop,0.134402272727
brazilian punk,0.290494
piano blues,0.19065
abstract hip hop,0.168059183673
deep turkish pop,0.204896
christian dance,0.167686
neoclassical,0.154424
norwegian hip hop,0.188608
liedermacher,0.189556
discofox,0.3411875
australian hip hop,0.244312
folk metal,0.263254
canadian country,0.165804347826
strut,0.199504166667
breakbeat,0.270274
sludge metal,0.16322
italo dance,0.204524489796
bluegrass,0.165024
new tribe,0.175888
neo-singer-songwriter,0.172474
finnish metal,0.209546808511
danseband,0.189154347826
fluxwork,0.16117755102
hardcore techno,0.244812
jump blues,0.180096
welsh rock,0.218310204082
technical death metal,0.231669387755
german punk,0.186863265306
fingerstyle,0.127855102041
float house,0.146946938776
sleaze rock,0.2423
australian country,0.13882
deep uplifting trance,0.258293877551
alternative ccm,0.181858333333
folklore argentino,0.211266
kiwi rock,0.198782
alternative pop,0.171196
grave wave,0.21269
swamp blues,0.245756
electro jazz,0.228218
rock steady,0.14374
slow game,0.190324
j-metal,0.200816
post-metal,0.166859183673
techno,0.161118
no wave,0.169328
russian pop,0.194546
stomp and flutter,0.1335
portland indie,0.17793877551
dutch rock,0.177104081633
doom metal,0.182936
modern performance,0.133122
pagan black metal,0.207014583333
black metal,0.198708
jump up,0.25548
pop flamenco,0.15453877551
hard alternative,0.19875
christian metal,0.289868
kirtan,0.128166
neurofunk,0.218012
polish hip hop,0.219908163265
drift,0.11033
dark jazz,0.124006
peruvian rock,0.150918
deathgrind,0.232528
italian indie pop,0.127562
ectofolk,0.18207
symphonic black metal,0.212062
classic italian pop,0.22357
turkish hip hop,0.173825
cuban rumba,0.199302
brega,0.248124489796
deep norteno,0.195165306122
happy hardcore,0.287646
carnaval,0.217176595745
belgian rock,0.179318
chicago house,0.143924
medieval rock,0.196502040816
irish folk,0.246477777778
jungle,0.262578
chamame,0.190412
scottish rock,0.163684
rap chileno,0.221552
classic chinese pop,0.169068
dark wave,0.25112
progressive uplifting trance,0.3391
orgcore,0.223964444444
austindie,0.189182
idol,0.16863
chicago indie,0.212698
medieval,0.202272
avant-garde jazz,0.15578
eurovision,0.170406122449
bay area indie,0.172296
romantico,0.142228
western swing,0.175086
russian rock,0.20025
japanese city pop,0.179426
new orleans jazz,0.192192
j-idol,0.183804
italian disco,0.155612
harmonica blues,0.247282
arab pop,0.162808
puerto rican rock,0.20942244898
dubstep,0.193156
classic finnish pop,0.206551111111
malaysian pop,0.136428571429
outsider house,0.167148
mexican rock-and-roll,0.15813
portuguese rock,0.152683673469
post-doom metal,0.185362
colombian rock,0.17457
sertanejo tradicional,0.538636734694
brutal death metal,0.206112
soul flow,0.271962
salsa international,0.176293877551
seattle indie,0.155362
avantgarde metal,0.201316
hardcore,0.298338
nasheed,0.124728571429
gbvfi,0.162584
psychedelic doom,0.157102
celtic punk,0.209144
grindcore,0.2432
quebecois,0.173754
austropop,0.224852
brazilian ccm,0.315812244898
funky tech house,0.213476
riddim,0.197071428571
psychedelic trance,0.18302
speed garage,0.207164583333
baile funk,0.18663877551
classic russian rock,0.215848979592
freestyle,0.166687234043
j-poprock,0.188182
italian pop rock,0.169071428571
ebm,0.24673
math pop,0.184134
barnmusik,0.190689795918
spanish noise pop,0.165595833333
warm drone,0.121595918367
soca,0.145126
nursery,0.140066
ethereal wave,0.174804
nintendocore,0.238756
african gospel,0.200314
garage pop,0.20562
world meditation,0.118632
destroy techno,0.178642
balearic,0.182410204082
progressive deathcore,0.297388
math rock,0.216127083333
laiko,0.186542
acid house,0.174002040816
albuquerque indie,0.20405
mande pop,0.150554
polish punk,0.172225
russiavision,0.204946
deep latin christian,0.254276
indie dream pop,0.152812
kindermusik,0.135377272727
emo punk,0.210902439024
entehno,0.177144
bassline,0.232024
k-indie,0.163048
classic finnish rock,0.183366666667
substep,0.164632
electrofox,0.196002
drill and bass,0.163240816327
turbo folk,0.184614285714
british alternative rock,0.204218
ambeat,0.157544
ska revival,0.167089795918
deep minimal techno,0.173606666667
bmore,0.205769387755
british indie rock,0.158272
canterbury scene,0.179266
musica para ninos,0.164688
romanian pop,0.199872
chill lounge,0.173991836735
rock catala,0.153778723404
free jazz,0.157366
argentine indie,0.153589795918
deep comedy,0.80562
twee pop,0.179196
classic garage rock,0.190542857143
volksmusik,0.199745652174
post-post-hardcore,0.286436
electro-industrial,0.226482
gypsy jazz,0.139652
oi,0.233194
latin electronica,0.166838
straight edge,0.33371
christian hardcore,0.256944
kabarett,0.252263829787
kraut rock,0.143086
steampunk,0.205632
singaporean pop,0.146828571429
swedish hard rock,0.240318367347
world fusion,0.16884
slovak pop,0.164651020408
dansktop,0.147757142857
surf music,0.262788
thai idol,0.160422
gabba,0.2396125
gothic rock,0.229208163265
chaotic hardcore,0.29831
nu age,0.136086
bhangra,0.178076
canzone napoletana,0.28747
retro metal,0.168269387755
cello,0.17956
mandible,0.138518
ballroom,0.171316
ye ye,0.204006
tango,0.172542857143
swedish jazz,0.160902040816
dixieland,0.171498
old-time,0.187933333333
laboratorio,0.162212244898
mashup,0.205934693878
christelijk,0.275308695652
freakbeat,0.168682
punjabi,0.187012244898
alternative roots rock,0.191024
futurepop,0.191026
vancouver indie,0.18042
christian punk,0.21009
choro,0.226038
african rock,0.21141
deep talent show,0.155576
e6fi,0.198448
drone metal,0.170924489796
nordic house,0.177959183673
electro bailando,0.169184
early music,0.132108
psychobilly,0.258028
hawaiian,0.162648
horror punk,0.237272
andean,0.210004
russian hip hop,0.251048979592
detroit techno,0.152728571429
progressive psytrance,0.178116326531
comedy rock,0.21847755102
thai pop,0.17999
psychill,0.199928571429
orchestral,0.151584
tribal house,0.165552083333
atmospheric black metal,0.217054
progressive trance house,0.261060416667
deep indian pop,0.171744897959
jazz trio,0.169338
classical performance,0.160492
persian pop,0.216164
fado,0.128716
classical piano,0.145628571429
uk hip hop,0.205410204082
voidgaze,0.19402
danish hip hop,0.190428571429
zouk riddim,0.159514
israeli rock,0.18892
czech rock,0.223767346939
swedish reggae,0.214236170213
exotica,0.156122
praise,0.238684
theme,0.13994
hungarian rock,0.220034
athens indie,0.199046
neo-trad metal,0.199692
dub techno,0.154628571429
norwegian metal,0.190940816327
venezuelan rock,0.247664
choral,0.123682608696
aggrotech,0.228524
neo-progressive,0.202475510204
turkish alternative,0.1779875
hungarian pop,0.199956818182
classic colombian pop,0.135678
kizomba,0.140422
avant-garde,0.163082
columbus ohio indie,0.294983673469
czech folk,0.206372340426
anime score,0.145688
visual kei,0.196422
mizrahi,0.229196
barnemusikk,0.190998
abstract beats,0.20967755102
italian metal,0.31452
popgaze,0.193502040816
indian folk,0.193408
deep latin alternative,0.181572916667
power-pop punk,0.268046
ok indie,0.210398
deep chill,0.176527083333
classic turkish pop,0.211754
french movie tunes,0.228053061224
bubble trance,0.163385714286
goregrind,0.216987755102
j-indie,0.176294
vintage italian soundtrack,0.164984
melodic hard rock,0.212086
deep tech house,0.155620833333
dark cabaret,0.190842
shibuya-kei,0.175489583333
deep pop punk,0.17433125
folkmusik,0.1331
power blues-rock,0.253738
rai,0.2031
p funk,0.26705
swedish punk,0.229308695652
russian punk,0.160804
spanish reggae,0.18702
black thrash,0.24465
fidget house,0.193857142857
shimmer psych,0.195284
musica nativista,0.28135
albanian pop,0.153934
horrorcore,0.337848
basque rock,0.22835106383
violin,0.150113636364
nu skool breaks,0.211928
melodic power metal,0.245526
turkish classical,0.165842857143
highlife,0.201448
belly dance,0.14116
string quartet,0.1536
classic belgian pop,0.203779591837
indie psych-pop,0.16802244898
southern gospel,0.192175510204
chiptune,0.233982
soukous,0.168782
lds,0.114751020408
instrumental post rock,0.114295918367
irish country,0.212965306122
brass band,0.212308
classic polish pop,0.204534042553
bouncy house,0.239548
vintage swedish pop,0.182085106383
timba,0.217036
classic peruvian pop,0.184134693878
renaissance,0.114938
acid techno,0.153784
norwegian gospel,0.240412
yugoslav rock,0.202159183673
dominican pop,0.147592
classic icelandic pop,0.168965957447
arab folk,0.174447916667
southern soul blues,0.152756
perth indie,0.206124
neue deutsche welle,0.250081632653
swiss rock,0.21227
zouk,0.153334
deep melodic metalcore,0.354726
sega,0.205757142857
mod revival,0.170442
pakistani pop,0.133630612245
deep soul house,0.172096
french folk pop,0.1671125
deep christian rock,0.197458
c86,0.24171
rio de la plata,0.179375
native american,0.142114285714
college a cappella,0.154802
uk dub,0.201653061224
jazz bass,0.17705
miami bass,0.235116
ambient idm,0.118164
polish reggae,0.217834693878
nordic folk,0.235386
hauntology,0.175072
vienna indie,0.18434375
swamp pop,0.139638
modern uplift,0.169452083333
catalan folk,0.2458125
chanson quebecois,0.218364583333
girl group,0.236392
brazilian composition,0.127283333333
digital hardcore,0.239544
hip hop tuga,0.167982978723
hip hop quebecois,0.1864625
deep neofolk,0.157718367347
vintage french electronic,0.172797959184
samba-enredo,0.511208695652
vocaloid,0.225432653061
italian jazz,0.234294
croatian pop,0.183714583333
spanish folk,0.194964
hard minimal techno,0.180157142857
vintage tango,0.185212
desert blues,0.134226
garage punk,0.25356
bounce,0.197293181818
hiplife,0.169739583333
mexican son,0.129858333333
german oi,0.228481632653
classical guitar,0.101671428571
drumfunk,0.17197755102
czech hip hop,0.178760869565
appalachian folk,0.180783673469
vietnamese pop,0.163636
balkan brass,0.208112
free improvisation,0.139706382979
riot grrrl,0.18159
rosary,0.175156
electronica,0.145912
underground latin hip hop,0.19424375
karneval,0.271759574468
serialism,0.142967346939
cante flamenco,0.183368085106
tico,0.200132653061
boogie-woogie,0.15968
morna,0.154668
ecuadoria,0.173973469388
traditional rock 'n roll,0.211172
estonian pop,0.172968
tin pan alley,0.14458
german show tunes,0.14601
disco polo,0.221514
portuguese pop,0.142906521739
mbalax,0.155414285714
harpsichord,0.1447
deep soundtrack,0.122282
polish indie,0.220473469388
cyber metal,0.238569387755
kids dance party,0.151076
metal guitar,0.178024
thrash core,0.240638
outsider,0.188624489796
full on,0.2419375
composition d,0.12253125
deep liquid,0.163081632653
kompa,0.166514
new age piano,0.1097
heavy alternative,0.181285714286
jumpstyle,0.203326
electropunk,0.152178
classic czech pop,0.187793023256
stomp and whittle,0.232958
slovak hip hop,0.196726666667
beats,0.151753061224
brutal deathcore,0.276116
finnish indie,0.159135416667
makossa,0.165165306122
qawwali,0.181282
kwaito house,0.137646938776
witch house,0.149204081633
j-ambient,0.125231428571
atmospheric post rock,0.141274
zillertal,0.118304347826
gothic alternative,0.197524
funk carioca,0.218052083333
latvian pop,0.14570212766
crust punk,0.25377
oshare kei,0.229204166667
blackgaze,0.215318367347
psych gaze,0.177934693878
grunge pop,0.175306122449
orquesta tropical,0.156455102041
ghazal,0.210942
classic venezuelan pop,0.155512244898
rva indie,0.238456
irish indie,0.24063
denver indie,0.21974
world chill,0.195430612245
deep gothic post-punk,0.178398
ethiopian pop,0.183287755102
deep rai,0.24362826087
electro dub,0.197226086957
traditional ska,0.16408
hungarian hip hop,0.215915555556
fake,0.20546
beatdown,0.21088
deep acoustic pop,0.124497959184
drone folk,0.129365306122
canadian hip hop,0.225989795918
louisville indie,0.173896
dirty texas rap,0.202634693878
neofolk,0.183259183673
neo-rockabilly,0.157892
judaica,0.23902
deep flow,0.200371052632
japanese psychedelic,0.190078
ragtime,0.166608163265
anarcho-punk,0.230858
workout,0.185508
austrian hip hop,0.17394375
guidance,0.186056
traditional british folk,0.163273469388
calypso,0.185694
orquesta tipica,0.192926
swiss hip hop,0.21693125
geek rock,0.185775510204
deep adult standards,0.211758
blaskapelle,0.117276595745
classic french pop,0.21457
nwothm,0.205251020408
deep smooth jazz,0.150546
deep dance pop,0.155995918367
dark black metal,0.213053061224
abstract,0.146089583333
tone,0.11566875
neo-synthpop,0.173194
minimal melodic techno,0.11110212766
nerdcore,0.203866
ukulele,0.125952
kurdish folk,0.205142857143
ukrainian rock,0.143924489796
kayokyoku,0.236534693878
new beat,0.2212375
lithumania,0.140477083333
modern southern rock,0.225292
euroska,0.229685416667
k-rock,0.154967346939
classic soundtrack,0.14632
zouglou,0.186279591837
australian indie,0.193566
indie emo,0.157987755102
lo star,0.158514
atmospheric post-metal,0.256274
broken beat,0.119982
acousmatic,0.130722
minimal wave,0.188075510204
solipsynthm,0.234873469388
swedish prog,0.179364
alternative americana,0.156095918367
darkstep,0.24593877551
nl folk,0.165522
marching band,0.226440816327
lounge house,0.210168085106
semba,0.13933125
underground power pop,0.176688
psychedelic blues-rock,0.229260416667
crack rock steady,0.261204
vegan straight edge,0.168791836735
motivation,0.248220833333
schranz,0.154883673469
traditional swing,0.166372916667
chalga,0.230693877551
musiikkia lapsille,0.260169565217
footwork,0.156984
breakcore,0.159840816327
yoik,0.15999375
leeds indie,0.196691836735
tribute,0.248181632653
funky breaks,0.16926122449
indian classical,0.23775625
didgeridoo,0.184144680851
classic dutch pop,0.157455102041
slc indie,0.167744
deep contemporary country,0.168289795918
danish indie,0.186883333333
belgian indie,0.185422916667
jazz brass,0.144444897959
deep brazilian pop,0.171553191489
corrosion,0.252512
black death,0.262008
japanese jazztronica,0.168214
electro trash,0.198804081633
classic afrobeat,0.168888
gothic americana,0.167618367347
slavic metal,0.208138
dark hardcore,0.316102173913
scratch,0.166887755102
traditional scottish folk,0.198985714286
hebrew pop,0.177196
garage punk blues,0.18042
hindustani classical,0.22695625
indie singer-songwriter,0.15645
deep german punk,0.225606521739
deep disco,0.13932
electronicore,0.250444897959
zydeco,0.118862
usbm,0.206288
string folk,0.180536734694
beach music,0.187945652174
luk thung,0.193751020408
michigan indie,0.143256
south african jazz,0.136458
islamic recitation,0.249471428571
spanish invasion,0.2017375
russian alternative,0.228760416667
deep orchestral,0.0981234042553
mallet,0.133127083333
dark ambient,0.13047755102
ragga jungle,0.255775
progressive alternative,0.167504
fast melodic punk,0.221902173913
martial industrial,0.223871052632
deep discofox,0.302787755102
enka,0.1946625
kwaito,0.138934693878
porro,0.162236
power violence,0.26908
finnish hardcore,0.269388636364
neurostep,0.243052083333
classic russian pop,0.189642857143
vapor house,0.153851020408
deep melodic hard rock,0.250093877551
downtempo fusion,0.207766
ostrock,0.233234782609
spanish classical,0.21195106383
monastic,0.121081632653
string band,0.346124
ambient psychill,0.208348979592
faroese pop,0.181763265306
musica per bambini,0.174029166667
rebetiko,0.185704166667
romanian rock,0.162763829787
panpipe,0.154275
afrikaans,0.21158125
abstract idm,0.143706122449
deep psychobilly,0.22253
ugandan pop,0.221532
bass trip,0.151826
power electronics,0.13214
french punk,0.223887755102
library music,0.177528571429
j-reggae,0.203139130435
russian folk,0.210134
musique pour enfants,0.163302040816
hard house,0.284622916667
concert piano,0.18266122449
trash rock,0.242822916667
wind ensemble,0.153644
deep liquid bass,0.160755319149
deep jazz guitar,0.189963265306
norwegian jazz,0.137187179487
neo metal,0.210706122449
gospel reggae,0.211835416667
traditional soul,0.189308
persian traditional,0.118186
coupe decale,0.147751020408
italian progressive rock,0.168769387755
manele,0.202040425532
magyar,0.189156818182
melodic progressive metal,0.208967391304
japanoise,0.202665306122
bay area hip hop,0.168866
german ccm,0.1552
bossa nova jazz,0.163435416667
deep opera,0.207655555556
greek indie,0.175414285714
consort,0.134906122449
chaotic black metal,0.294072916667
classic schlager,0.23112173913
rap metalcore,0.23735
slam death metal,0.256585416667
deep ambient,0.13288
nz indie,0.188797916667
polyphony,0.141255102041
deep progressive trance,0.1923625
galego,0.21155
indie fuzzpop,0.187171428571
experimental psych,0.158126
iskelma,0.189091489362
italian folk,0.222056521739
tekno,0.282002439024
shanty,0.253768
dark psytrance,0.205695555556
breton folk,0.172575
jig and reel,0.165710204082
military band,0.35809375
technical brutal death metal,0.208955102041
armenian folk,0.223942
gamecore,0.147066
tzadik,0.1624375
neo-pagan,0.177528
go-go,0.252918367347
deep folk metal,0.2557125
contemporary composition,0.130158333333
deep canadian indie,0.212066
liturgical,0.132455102041
speedcore,0.317260869565
depressive black metal,0.179610204082
accordion,0.14929787234
skinhead reggae,0.147861904762
bulgarian rock,0.149593617021
harp,0.168456521739
ambient fusion,0.13914375
funeral doom,0.208718181818
pipe band,0.21832244898
remix,0.269465306122
screamocore,0.241995918367
danish jazz,0.144030612245
future ambient,0.204683333333
deep soft rock,0.128246938776
spoken word,0.22498
klezmer,0.155135714286
j-core,0.2542
deep german indie,0.155438095238
minimal dubstep,0.25184375
deep sunset lounge,0.136179545455
bemani,0.162269387755
indorock,0.185389583333
flick hop,0.263747916667
indie shoegaze,0.1702125
vintage chanson,0.238436170213
greek house,0.152304255319
punta,0.128106122449
doujin,0.240996
corsican folk,0.172012765957
nepali,0.189518
screamo punk,0.19457
ghettotech,0.171363265306
west african jazz,0.161839583333
college marching band,0.299620408163
kuduro,0.160066666667
neo-industrial rock,0.234055102041
greek hip hop,0.191716666667
barbershop,0.170594
jazz orchestra,0.180246938776
benga,0.155559183673
brass ensemble,0.159747916667
stl indie,0.1572
deep happy hardcore,0.190972916667
hard glam,0.206832653061
blues-rock guitar,0.1898
mantra,0.105939130435
british dance band,0.200891111111
guitar case,0.178104081633
african percussion,0.125589583333
dallas indie,0.219834042553
geek folk,0.146514
carnatic,0.269617391304
deep darkpsy,0.326817777778
triangle indie,0.221596
cumbia funk,0.155283333333
thrash-groove metal,0.247573913043
outer hip hop,0.213493478261
throat singing,0.147833333333
swedish pop punk,0.305473333333
sinhala,0.173329787234
dark minimal techno,0.12778
chinese traditional,0.129454
deep deep house,0.17232173913
italian punk,0.177911363636
unblack metal,0.246844680851
deep vocal jazz,0.121961702128
cornetas y tambores,0.126141304348
jug band,0.191470833333
indie pop rock,0.1725
power noise,0.183034782609
capoeira,0.190068085106
commons,0.188568085106
post-disco soul,0.168427083333
halloween,0.219839583333
contemporary folk,0.176685714286
finnish jazz,0.177552272727
chinese indie rock,0.156227659574
byzantine,0.147585714286
zim,0.174815217391
black sludge,0.229679591837
vintage jazz,0.214587755102
dubsteppe,0.247825531915
deep psytrance,0.166008163265
street punk,0.227854347826
breaks,0.162027659574
drama,0.20044375
abstractro,0.15313877551
deep new wave,0.195514583333
gospel blues,0.235377083333
light music,0.173019148936
deep southern soul,0.170036734694
deep indie rock,0.173491836735
mexican traditional,0.122475510204
gothic post-punk,0.144197959184
cajun,0.20859
northern irish indie,0.187972340426
british brass band,0.228138297872
deep indie singer-songwriter,0.157019565217
noise punk,0.267691666667
traditional funk,0.172991489362
polish jazz,0.172104166667
baroque ensemble,0.147018
deep ragga,0.154654347826
demoscene,0.186489130435
japanese traditional,0.10534
deep downtempo fusion,0.171329166667
heavy gothic rock,0.294414583333
bangla,0.138165957447
covertrance,0.252795454545
deep vocal house,0.229813333333
deep freestyle,0.132272916667
classical organ,0.140134042553
deep full on,0.291134090909
makina,0.213544680851
c64,0.172158333333
spytrack,0.139681632653
classical flute,0.128912244898
musique concrete,0.146363829787
grim death metal,0.335182608696
polka,0.158748979592
slash punk,0.2316875
muziek voor kinderen,0.216488461538
deep jazz fusion,0.207910869565
classic eurovision,0.185544
chamber choir,0.127114583333
skiffle,0.224925531915
poetry,0.212597916667
deep funk house,0.151512765957
fallen angel,0.180170833333
electroacoustic improvisation,0.242848837209
steelpan,0.122608
belorush,0.19325106383
fussball,0.306618367347
oratory,0.300055319149
deep east coast hip hop,0.2094
grisly death metal,0.229440816327
traditional reggae,0.15138372093
spanish indie rock,0.180560416667
sunset lounge,0.182772093023
early music ensemble,0.108715217391
contemporary classical,0.18967755102
lowercase,0.180695555556
punk ska,0.19765
deep progressive house,0.223046666667
indian rock,0.149575
clarinet,0.180178947368
deep jazz piano,0.120110638298
deep melodic death metal,0.173664
hardcore breaks,0.210997826087
skinhead oi,0.202247826087
vintage swing,0.179702173913
hatecore,0.178815909091
glitch beats,0.175306666667
villancicos,0.185337777778
deep classic garage rock,0.384676595745
deep indie pop,0.152419148936
neo soul-jazz,0.133731914894
deep pop emo,0.197066666667
traditional rockabilly,0.249295744681
deep nordic folk,0.151641666667
klapa,0.172344444444
deep swedish rock,0.2007
crossover prog,0.221262222222
football,0.36855
organic ambient,0.165191489362
soda pop,0.216565306122
deep chill-out,0.148834782609
deep hardcore,0.205960869565
deep filthstep,0.183170454545
wrock,0.170428571429
norwegian punk,0.16749375
deep northern soul,0.248057446809
experimental dubstep,0.1448
deep free jazz,0.180602
raw black metal,0.228854
thai indie,0.136933333333
classic psychedelic rock,0.229870212766
gamelan,0.142673469388
deep surf music,0.175546808511
dubstep product,0.221417021277
goa trance,0.203225
deep italo disco,0.168955555556
deep thrash metal,0.184827083333
deep g funk,0.168130434783
accordeon,0.143553061224
charred death,0.296245454545
ambient dub techno,0.126806382979
slovenian rock,0.190040425532
maghreb,0.270927659574
re:techno,0.181680555556
malagasy folk,0.149726086957
hard stoner rock,0.21427173913
dark progressive house,0.143484444444
zeuhl,0.23958
neo honky tonk,0.168463265306
tanzlmusi,0.124120833333
deep dub techno,0.149745652174
j-punk,0.202006122449
noise,0.295953333333
chill groove,0.148365853659
tibetan,0.1988
deep punk rock,0.248068181818
deep power-pop punk,0.24673125
j-poppunk,0.253425
italo beats,0.198075
deep space rock,0.230544680851
deep motown,0.2771625
kc indie,0.222612
new jack smooth,0.159333333333
deep nz indie,0.158874468085
alternative metalcore,0.264502173913
chinese opera,0.179644444444
vintage rockabilly,0.185874
deep eurodance,0.192236734694
deep cello,0.123624489796
chill-out trance,0.198370833333
german street punk,0.261354347826
terrorcore,0.284541025641
doomcore,0.324582608696
twin cities indie,0.178020833333
french folk,0.146979591837
glitter trance,0.225716666667
nu electro,0.173564444444
indie emo rock,0.208643902439
deep classical piano,0.12930625
ceilidh,0.19260625
alternative hardcore,0.266213953488
jangle rock,0.14190625
skweee,0.152786956522
bulgarian folk,0.251008333333
deep neo-synthpop,0.199976086957
rhythm and boogie,0.169975
swedish jazz orkester,0.172114285714
deep hardcore punk,0.246788372093
chinese experimental,0.187558695652
jazz composition,0.180885365854
modern downshift,0.156991666667
ethereal gothic,0.173817391304
ghoststep,0.2281
anime cv,0.21285
modern free jazz,0.187734782609
vintage schlager,0.173436956522
song poem,0.196648979592
neo-traditional country,0.149069565217
deep orgcore,0.274184444444
cryptic black metal,0.3178425
cinematic dubstep,0.179864102564
vintage country folk,0.230024489796
vintage gospel,0.378517021277
gothic doom,0.196815217391
deep symphonic black metal,0.200159183673
vintage reggae,0.152748979592
deep german jazz,0.136093877551
twee indie pop,0.199415384615
saxophone,0.143004878049
dark electro-industrial,0.160262
deep delta blues,0.180789795918
caucasian folk,0.1805375
chip hop,0.251920833333
deep breakcore,0.19642826087
deep deep tech house,0.15278
deep string quartet,0.148498
necrogrind,0.214276666667
central asian folk,0.146604255319
drone psych,0.224608571429
vintage swoon,0.181618367347
rock noise,0.240188
smooth urban r&b,0.170476744186
deep latin jazz,0.260741025641
vintage western,0.285960416667
