genre,loudness
modern rock,-5.67002
tropical house,-5.5613
pop rap,-6.62146938776
pop,-5.50276
post-teen pop,-5.9557
rap,-6.5015
rock,-6.92166
dance pop,-5.5793
trap music,-6.67388
edm,-5.1222
alternative rock,-5.84704081633
latin,-4.67768
pop rock,-6.14624
dwn trap,-6.87816666667
alternative metal,-4.89292
neo mellow,-6.86652
r&b,-6.55084
southern hip hop,-7.04142
hip hop,-6.95302
classic rock,-8.7375
mellow gold,-9.38992
indie rock,-5.99916
album rock,-8.55174
viral pop,-6.48996
reggaeton,-4.8452
soft rock,-9.35876
post-grunge,-4.76664
indie r&b,-8.19808
latin pop,-4.34844
indie pop,-6.15502
pop punk,-4.68946
indietronica,-6.08492
permanent wave,-5.71760416667
electro house,-4.18896
tropical,-4.69558
urban contemporary,-7.15664
indie folk,-9.0212
folk-pop,-8.37548
singer-songwriter,-9.31974
nu metal,-4.62476
hard rock,-7.59744
hip pop,-7.05727659574
contemporary country,-5.70694
indie poptimism,-5.94006382979
big room,-4.7534893617
rap metal,-4.38066
gangster rap,-5.75716
canadian pop,-7.55868
country road,-5.6408
country,-5.75878
folk rock,-9.30768
garage rock,-5.77420408163
house,-4.76658
grupera,-5.55904081633
latin hip hop,-4.6140212766
stomp and holler,-8.52281632653
underground hip hop,-7.33488
chamber pop,-10.78558
dirty south rap,-6.17602040816
rock en espanol,-6.63816
regional mexican,-5.49722
progressive house,-4.83976
roots rock,-8.87412
blues-rock,-7.87952
funk rock,-6.69646
alternative dance,-5.94438
modern country rock,-5.18228
dance rock,-8.45118
trap latino,-5.66640909091
europop,-6.10758
new wave,-8.24628
neo soul,-7.77078
synthpop,-7.37348
new wave pop,-8.31
adult standards,-10.35544
banda,-5.04124
latin alternative,-7.64914
neo-psychedelic,-6.48656
soul,-9.50782
classic funk rock,-8.96068
quiet storm,-8.70168
emo,-4.254
psychedelic rock,-9.40424
norteno,-5.28938
spanish pop,-5.6199
deep pop r&b,-7.9312826087
progressive electro house,-4.25696
deep indie r&b,-8.9924
rap rock,-4.48402
art rock,-10.62198
new rave,-6.07266
latin arena pop,-5.92078
escape room,-6.94916
motown,-9.34128
regional mexican pop,-5.48596
screamo,-4.18972
shimmer pop,-5.73164
electronic,-8.59398
brostep,-4.23224
metal,-7.14984
new romantic,-8.73522
teen pop,-5.69506
disco,-8.6798
deep big room,-4.30104081633
indie anthem-folk,-9.7333
pop reggaeton,-4.71666
reggaeton flow,-5.75614
crunk,-5.8207
funk,-9.06092
vapor soul,-7.51296
trap francais,-6.26191304348
acoustic pop,-7.98544
metropopolis,-6.9828
deep tropical house,-5.7915
west coast rap,-6.66492
deep german hip hop,-6.19359183673
metalcore,-3.7648
punk,-4.48238
deep funk carioca,-4.91514
electronic trap,-4.87526
focus,-23.64386
new americana,-9.55774
east coast hip hop,-6.55694
folk,-11.26034
francoton,-5.84202173913
sertanejo universitario,-4.11564
hardcore hip hop,-6.853875
southern rock,-8.45374
brill building pop,-9.61628
german hip hop,-7.08230612245
christian alternative rock,-5.73156
jazz blues,-13.83486
worship,-6.48122
groove metal,-4.41938
ranchera,-6.45474
boy band,-5.79588
piano rock,-5.941
talent show,-5.45804
freak folk,-9.08796
swedish pop,-6.04558
chillwave,-6.8924
british blues,-10.30274
modern blues,-7.57892
vocal jazz,-14.64912
argentine rock,-7.16168
g funk,-4.21759183673
christian music,-5.96882
redneck,-5.65898
vegas indie,-5.18144897959
new jack swing,-7.23102040816
swedish idol pop,-5.84291836735
bass trap,-4.597
compositional ambient,-22.80516
mpb,-12.67722
country rock,-9.23082
dance-punk,-6.40394
memphis soul,-9.92332
ccm,-6.34002
deep underground hip hop,-6.94552
soundtrack,-21.2631
cumbia pop,-4.88094
noise pop,-6.9487755102
rock-and-roll,-9.5474
soul blues,-9.9998
k-pop,-4.03910204082
indie psych-rock,-5.97784
protopunk,-7.61292
moombahton,-4.44156
lo-fi,-8.73594
dream pop,-8.55291836735
anthem worship,-6.34558
german pop,-8.71472
electric blues,-10.25056
outlaw country,-8.12524
melodic metalcore,-4.11618
detroit hip hop,-4.99294
hollywood,-10.23916
deep dutch hip hop,-5.68476086957
christian rock,-5.32556
southern soul,-10.00312
deep groove house,-5.69534
korean pop,-4.12056
chicago soul,-9.7603877551
indiecoustica,-8.81495918367
deep german pop rock,-6.85944
cantautor,-5.79826
glam metal,-6.19204
pagode,-9.2634
britpop,-6.32654
italian arena pop,-6.23574
traditional country,-8.994
glam rock,-8.1331
alternative hip hop,-7.33934
funk metal,-5.57304
mariachi,-6.65974
deep australian indie,-8.34146
classify,-21.36244
underground pop rap,-6.99256
scorecore,-16.770375
italian pop,-6.95988
samba,-12.78006
tracestep,-4.98298
complextro,-4.61158
deep pop edm,-4.8727
downtempo,-7.87485714286
trip hop,-9.2341
grime,-6.17542
british invasion,-7.65016
speed metal,-5.7156
channel pop,-8.8133
classical,-19.1785666667
catstep,-5.34598
lilith,-8.51432653061
bachata,-5.97906
bossa nova,-16.16422
deep house,-6.82652
skate punk,-4.56686
melancholia,-13.90378
vapor twitch,-7.4136
lift kit,-5.32355102041
disco house,-6.05158
symphonic rock,-11.43192
comic,-5.85002
pop emo,-4.89812765957
anti-folk,-9.54258
grunge,-7.21908888889
duranguense,-6.11954
australian dance,-5.16472
traditional folk,-11.28792
bubblegum pop,-9.79172
otacore,-6.82272
chillhop,-10.9446530612
hoerspiel,-9.96526530612
australian alternative rock,-6.68198
reggae fusion,-6.3287
sertanejo,-3.99282
la indie,-5.22854
jazz,-17.59814
rockabilly,-10.2261
cumbia,-6.42234
nueva cancion,-9.30812
progressive rock,-11.90884
texas country,-6.50706
nu jazz,-8.42359183673
video game music,-13.6587209302
romantic,-19.1785666667
roots reggae,-8.32818
slow core,-13.86762
swedish folk pop,-7.33332
space rock,-14.33588
madchester,-7.72882
power metal,-5.07092
progressive metal,-5.30334
dancehall,-6.21616326531
nu gaze,-7.40246
alt-indie rock,-5.1036
french pop,-8.28842
world worship,-7.36084
reggae,-8.50328
deep trap,-6.59651020408
opm,-8.98806
alternative country,-8.95294
deep danish pop,-6.01902
mandopop,-7.8356
spanish rock,-7.28204081633
industrial metal,-5.4746
deep southern trap,-6.2102
forro,-5.92778
sky room,-4.59918
brazilian hip hop,-7.23812
nashville sound,-10.68806
indie garage rock,-8.1647755102
taiwanese pop,-7.8356
bolero,-9.5806
thrash metal,-5.74666
merseybeat,-9.42254
danish pop,-7.37164
lounge,-10.49036
trance,-8.6239
finnish dance pop,-5.72725
jam band,-7.75784
deep latin hip hop,-5.54932653061
chamber psych,-8.76398
jazz funk,-11.79198
deep taiwanese pop,-7.905
turkish pop,-5.6847
cool jazz,-17.93156
post-punk,-9.19562
salsa,-5.67296
eurodance,-7.47246
preverb,-7.77416
brooklyn indie,-6.4286122449
c-pop,-7.8356
swedish alternative rock,-5.03796
minimal,-24.83604
german techno,-5.71316326531
pixie,-4.5338
chilean rock,-7.439
deep cumbia sonidera,-6.71298
candy pop,-4.63797959184
filter house,-7.51044
post-screamo,-4.11222
punk blues,-5.54528
vocal house,-6.09395918367
deep euro house,-8.21936
deep new americana,-9.89144
bow pop,-10.55948
french hip hop,-5.43224
alternative emo,-5.92604
axe,-7.02008163265
big beat,-7.73628571429
cabaret,-14.5328
finnish pop,-6.3962244898
progressive trance,-9.26978
chanson,-9.75806
swedish indie rock,-7.019
industrial rock,-6.36136
merengue,-6.21326
etherpop,-6.57373469388
garage psych,-6.73682
jazz fusion,-17.49814
power pop,-8.6501
ninja,-7.41262
cantopop,-8.30865306122
uk post-punk,-8.82232653061
melodic death metal,-4.5774
deep swedish hip hop,-6.2566
country dawn,-5.81226530612
bubblegum dance,-6.58178
show tunes,-11.0254897959
post rock,-14.83588
dutch hip hop,-6.8557755102
vallenato,-5.64856
shiver pop,-7.98564
italian hip hop,-6.27652
dutch pop,-8.38116326531
post-disco,-8.85808
bebop,-17.92022
deep regional mexican,-4.89768
spanish pop rock,-5.83642857143
modern classical,-25.4077272727
swedish eurodance,-4.83254
contemporary post-bop,-17.95174
minimal techno,-9.85406
irish rock,-7.98634
dutch house,-4.49534042553
turkish rock,-6.51373469388
easy listening,-11.55804
swedish hip hop,-7.71986
danspunk,-5.22355102041
australian pop,-7.59172
indonesian pop,-8.19834
canadian indie,-7.02524489796
wrestling,-5.54483673469
microhouse,-11.096
hip house,-9.13066
cumbia villera,-5.43359183673
west coast trap,-6.76552
texas blues,-10.53802
celtic rock,-5.71746
broadway,-8.93388
pinoy alternative,-9.60892
french indietronica,-8.77596
blues,-10.87808
acid jazz,-9.18497826087
anthem emo,-5.91002040816
chillstep,-7.64868
movie tunes,-12.92854
tech house,-8.70786
uk funky,-5.47828571429
norwegian indie,-7.47304081633
progressive bluegrass,-9.33796
classic swedish pop,-9.51841666667
traditional blues,-11.25142
soul jazz,-16.37594
stoner rock,-8.0455
melodic hardcore,-4.92254
experimental rock,-8.9715
turntablism,-8.70236
norwegian pop,-6.36322
minimal dub,-8.44416326531
fourth world,-26.4379591837
electro,-7.1435
swing,-15.39046
latin christian,-6.53294
dreamo,-6.85606
indie jazz,-10.88018
rock gaucho,-7.7914
french rock,-9.15924489796
post-hardcore,-5.637
epicore,-9.96233333333
azontobeats,-5.6726
zapstep,-3.58552
deep chiptune,-10.44704
sheffield indie,-6.35946
uplifting trance,-10.36262
noise rock,-6.83061702128
progressive post-hardcore,-4.924
hard bop,-18.18362
antiviral pop,-5.71632653061
aussietronica,-6.86648
indie punk,-5.82926
death core,-4.0558125
electro latino,-4.9513
ambient,-24.8696326531
reggae rock,-6.34878
country blues,-10.82486
anime,-4.55868
deep funk,-8.64666
new age,-18.1604
french reggae,-6.83217777778
j-pop,-4.00708
groove room,-7.09498
lovers rock,-8.68126
deep melodic euro house,-10.4928
death metal,-5.17874
nu disco,-6.98657142857
indie rockism,-4.97075510204
electro swing,-6.28591836735
country gospel,-11.75294
neo classical metal,-5.6999
mexican indie,-6.02971428571
uk garage,-6.40726530612
gothic metal,-4.94986
stride,-17.32586
industrial,-7.26252
canadian metal,-4.94604
future funk,-12.22284
christian uplift,-8.37288
brazilian gospel,-6.8150625
german metal,-6.88986
swedish indie pop,-7.49906
gauze pop,-8.34092
turkish jazz,-9.15738
christian hip hop,-6.08446938776
latin jazz,-10.17194
stoner metal,-5.5427
experimental,-9.74495833333
ska,-6.50946
french indie pop,-8.7513125
deep ccm,-8.1942
merengue urbano,-5.44476
classic norwegian pop,-7.33069387755
pub rock,-8.97886
memphis blues,-10.857
ska punk,-5.39512
suomi rock,-5.9383125
afrobeats,-5.63424
hyphy,-7.01548979592
liquid funk,-5.06012
swedish synthpop,-5.85184
chicago blues,-11.28654
drill,-6.07696
vaporwave,-10.01512
neue deutsche harte,-5.4864
louvor,-7.91644897959
world,-9.89597959184
dub,-9.3844
smooth jazz,-9.5673
drum and bass,-4.437
memphis hip hop,-6.29374
j-rock,-3.55806
new orleans blues,-10.34672
new weird america,-9.25027083333
german pop rock,-6.58152
old school hip hop,-9.35551020408
relaxative,-21.23404
trova,-10.07788
big band,-15.2062
hardcore punk,-4.4732
stomp pop,-6.17556
bass music,-8.76512
flamenco,-9.83319148936
indonesian indie,-8.18767346939
comedy,-7.17702
baroque,-18.5549310345
viking metal,-4.79892
russelater,-5.96083673469
djent,-5.57189361702
mambo,-7.27074
acoustic blues,-12.80244
spanish indie pop,-7.44565306122
swedish metal,-4.65402
delta blues,-12.62584
norwegian rock,-8.49286
deep texas country,-6.04640816327
gospel,-6.61972
christian relaxative,-12.9407826087
doo-wop,-10.36442
icelandic pop,-11.19112
latin metal,-5.42538
cowboy western,-13.5142
piedmont blues,-12.18954
deep swedish indie pop,-8.2980212766
wonky,-8.42354
hardstyle,-4.20196
classical period,-25.0106
minimal tech house,-9.51073469388
cumbia sonidera,-6.9825
operatic pop,-10.41872
meditation,-23.47788
pop house,-4.57034
dangdut,-6.80142857143
turkish folk,-8.37942857143
hands up,-5.58440816327
deep disco house,-9.24018367347
celtic,-16.2183
desi,-5.22734
shoegaze,-9.85016
tejano,-8.08954
boogaloo,-7.09982
argentine reggae,-6.9632
nwobhm,-6.32158
deep hardstyle,-4.30867346939
dansband,-6.14666666667
indian pop,-5.17854
danish pop rock,-7.70271428571
japanese r&b,-4.19730612245
electropowerpop,-3.91054
gothic symphonic metal,-4.79808
intelligent dance music,-10.13232
healing,-21.82632
sleep,-23.06604
finnish hip hop,-7.25428
desi hip hop,-5.35916326531
schlager,-7.8873877551
melbourne bounce,-4.56914
contemporary jazz,-15.80164
drone,-23.75742
symphonic metal,-5.05274
spanish punk,-5.74532653061
filthstep,-4.14826
louisiana blues,-11.35088
children's music,-6.22365306122
cubaton,-4.83663265306
velha guarda,-12.59444
electroclash,-6.528
jangle pop,-8.74864
brazilian indie,-8.95148979592
chicano rap,-6.70665306122
spanish hip hop,-6.70279591837
uk drill,-7.01802
folk punk,-7.04294
k-hop,-4.24772
retro electro,-7.36206122449
alternative r&b,-7.18782
afrobeat,-8.64596
polish pop,-7.14728571429
opera,-11.1553
british folk,-12.702627907
nu-cumbia,-9.83684
a cappella,-8.69783673469
j-dance,-4.75044897959
alternative pop rock,-5.1788
j-rap,-5.22181632653
boston rock,-7.43248
future garage,-9.18183673469
crossover thrash,-7.44474
mathcore,-4.97212
classic danish pop,-7.98267346939
german indie,-8.09472
glitch,-7.1863
coverchill,-11.51184
jazz metal,-6.1372
environmental,-21.9099583333
reading,-20.6176875
filmi,-6.00808
rumba,-14.4786666667
azonto,-5.06183673469
levenslied,-7.01789795918
polynesian pop,-6.81288
glitch hop,-5.049
melodipop,-6.50545833333
arabesk,-5.88126530612
zolo,-8.99444
northern soul,-9.1832
underground rap,-6.57692
spanish new wave,-7.9397
vapor pop,-7.90793181818
brazilian punk,-6.82284
piano blues,-11.81434
abstract hip hop,-7.21140816327
deep turkish pop,-5.3992
christian dance,-5.10546
neoclassical,-20.48444
norwegian hip hop,-9.07324
liedermacher,-7.43876
discofox,-4.11564583333
australian hip hop,-6.34946
folk metal,-5.20434
canadian country,-6.29497826087
strut,-5.80772916667
breakbeat,-3.80902
sludge metal,-6.00254
italo dance,-7.59632653061
bluegrass,-9.85442
new tribe,-12.3749
neo-singer-songwriter,-8.4484
finnish metal,-5.55895744681
danseband,-6.29065217391
fluxwork,-11.5898571429
hardcore techno,-5.42376
jump blues,-10.09556
welsh rock,-5.46802040816
technical death metal,-4.70914285714
german punk,-4.51459183673
fingerstyle,-13.8238979592
float house,-9.79720408163
sleaze rock,-7.04578
australian country,-6.40136
deep uplifting trance,-8.13087755102
alternative ccm,-6.9509375
folklore argentino,-11.118
kiwi rock,-7.45278
alternative pop,-7.5835
grave wave,-7.26298
swamp blues,-9.339
electro jazz,-8.90408
rock steady,-9.3838
slow game,-7.24504
j-metal,-3.6547
post-metal,-7.9987755102
techno,-9.98646
no wave,-10.10078
russian pop,-6.38052
stomp and flutter,-12.27456
portland indie,-7.77563265306
dutch rock,-8.36542857143
doom metal,-7.12982
modern performance,-22.53812
pagan black metal,-5.70927083333
black metal,-6.43696
jump up,-4.10328
pop flamenco,-6.61426530612
hard alternative,-4.44346
christian metal,-4.15688
kirtan,-16.16138
neurofunk,-4.19932
polish hip hop,-7.92832653061
drift,-23.94356
dark jazz,-15.35234
peruvian rock,-7.3139
deathgrind,-4.76886
italian indie pop,-7.32396
ectofolk,-9.17554
symphonic black metal,-5.76484
classic italian pop,-11.08894
turkish hip hop,-7.39391666667
cuban rumba,-8.30452
brega,-8.61755102041
deep norteno,-4.68446938776
happy hardcore,-3.46784
carnaval,-5.69861702128
belgian rock,-7.6756
chicago house,-6.54834
medieval rock,-5.80685714286
irish folk,-8.806
jungle,-3.81062
chamame,-6.78422
scottish rock,-6.81846
rap chileno,-6.1286
classic chinese pop,-9.70068
dark wave,-8.02106
progressive uplifting trance,-7.7072
orgcore,-4.61373333333
austindie,-7.58442
idol,-6.24258
chicago indie,-7.29226
medieval,-12.2579
avant-garde jazz,-14.3701
eurovision,-6.13581632653
bay area indie,-7.2366
romantico,-12.7419
western swing,-12.69334
russian rock,-6.42666
japanese city pop,-6.2996
new orleans jazz,-13.05794
j-idol,-2.99082
italian disco,-8.3686
harmonica blues,-11.10628
arab pop,-6.93912
puerto rican rock,-6.55932653061
dubstep,-4.52696
classic finnish pop,-7.95524444444
malaysian pop,-9.16744897959
outsider house,-11.60982
mexican rock-and-roll,-9.4026
portuguese rock,-8.09028571429
post-doom metal,-7.76722
colombian rock,-6.3205
sertanejo tradicional,-5.68575510204
brutal death metal,-5.10718
soul flow,-7.51162
salsa international,-8.04767346939
seattle indie,-8.28566
avantgarde metal,-6.69122
hardcore,-5.10428
nasheed,-11.6395918367
gbvfi,-8.0261
psychedelic doom,-6.9081
celtic punk,-4.91834
grindcore,-5.40946938776
quebecois,-8.0134
austropop,-7.2565
brazilian ccm,-8.47555102041
funky tech house,-6.6227
riddim,-5.58730612245
psychedelic trance,-7.63854
speed garage,-7.64583333333
baile funk,-4.27446938776
classic russian rock,-6.62836734694
freestyle,-9.06072340426
j-poprock,-4.60114
italian pop rock,-5.18151020408
ebm,-6.98708
math pop,-7.70602
barnmusik,-15.6351836735
spanish noise pop,-7.67004166667
warm drone,-24.3195306122
soca,-5.48468
nursery,-14.30516
ethereal wave,-10.6973
nintendocore,-5.4489
african gospel,-6.59524
garage pop,-5.5839
world meditation,-20.83812
destroy techno,-6.40706
balearic,-8.4347755102
progressive deathcore,-4.00522
math rock,-8.18108333333
laiko,-5.82722
acid house,-10.5215918367
albuquerque indie,-7.16392
mande pop,-10.22862
polish punk,-8.62479166667
russiavision,-5.92782
deep latin christian,-7.42054
indie dream pop,-9.20552
kindermusik,-7.40336363636
emo punk,-6.32014634146
entehno,-6.24946
bassline,-5.54954
k-indie,-6.25712
classic finnish rock,-8.39777083333
substep,-9.79318
electrofox,-11.09646
drill and bass,-11.7418163265
turbo folk,-4.01889795918
british alternative rock,-3.7787
ambeat,-8.4366
ska revival,-8.26875510204
deep minimal techno,-8.60673333333
bmore,-6.16357142857
british indie rock,-6.10114
canterbury scene,-14.0928
musica para ninos,-11.48318
romanian pop,-5.51904
chill lounge,-10.9967755102
rock catala,-8.29504255319
free jazz,-14.61634
argentine indie,-7.56979591837
deep comedy,-8.28974
twee pop,-8.03906
classic garage rock,-9.72685714286
volksmusik,-7.789
post-post-hardcore,-4.17646
electro-industrial,-6.44304
gypsy jazz,-11.6287
oi,-7.0068
latin electronica,-6.69728
straight edge,-5.35214
christian hardcore,-4.68668
kabarett,-13.4781702128
kraut rock,-18.3908
steampunk,-7.28348
singaporean pop,-7.28746938776
swedish hard rock,-6.53597959184
world fusion,-10.29734
slovak pop,-6.32389795918
dansktop,-8.44324489796
surf music,-10.05272
thai idol,-6.64476
gabba,-4.08204166667
gothic rock,-8.3827755102
chaotic hardcore,-4.2213
nu age,-23.12974
bhangra,-5.20266
canzone napoletana,-11.11184
retro metal,-6.41516326531
cello,-10.95358
mandible,-20.30116
ballroom,-13.0211
ye ye,-8.66114
tango,-15.1995714286
swedish jazz,-17.2878367347
dixieland,-12.47906
old-time,-11.8558125
laboratorio,-13.6733061224
mashup,-6.08875510204
christelijk,-9.80654347826
freakbeat,-9.82526
punjabi,-4.71448979592
alternative roots rock,-8.20596
futurepop,-6.31148
vancouver indie,-5.99854
christian punk,-5.18452
choro,-13.13204
african rock,-7.26174
deep talent show,-5.69916
e6fi,-7.55098
drone metal,-9.4153877551
nordic house,-6.74253061224
electro bailando,-4.67716
early music,-23.21846
psychobilly,-6.09906
hawaiian,-12.2639
horror punk,-8.01178
andean,-10.3375
russian hip hop,-6.18253061224
detroit techno,-10.4763265306
progressive psytrance,-8.12051020408
comedy rock,-7.07567346939
thai pop,-6.24242
psychill,-9.62412244898
orchestral,-23.1408
tribal house,-7.28075
atmospheric black metal,-7.22066
progressive trance house,-7.797875
deep indian pop,-6.248
jazz trio,-17.77136
classical performance,-22.56988
persian pop,-5.69054
fado,-11.0074
classical piano,-21.9526666667
uk hip hop,-6.45053061224
voidgaze,-7.15002
danish hip hop,-6.16540816327
zouk riddim,-5.69534
israeli rock,-5.48624
czech rock,-6.54846938776
swedish reggae,-6.86961702128
exotica,-13.57818
praise,-6.85744
theme,-12.8868
hungarian rock,-4.2017
athens indie,-7.75616
neo-trad metal,-5.23676
dub techno,-15.7758367347
norwegian metal,-6.07997959184
venezuelan rock,-7.21706
choral,-24.0041304348
aggrotech,-6.48762
neo-progressive,-9.54502040816
turkish alternative,-6.52264583333
hungarian pop,-6.04504545455
classic colombian pop,-7.80276
kizomba,-6.83112
avant-garde,-25.05798
columbus ohio indie,-4.29244897959
czech folk,-7.11614893617
anime score,-14.80782
visual kei,-4.32188
mizrahi,-5.41844
barnemusikk,-11.4253
abstract beats,-7.90967346939
italian metal,-5.93208
popgaze,-6.62073469388
indian folk,-7.27094
deep latin alternative,-8.88814583333
power-pop punk,-4.84206
ok indie,-8.8144
deep chill,-11.2419583333
classic turkish pop,-9.68664
french movie tunes,-9.43165306122
bubble trance,-7.89165306122
goregrind,-5.251
j-indie,-4.05826
vintage italian soundtrack,-15.07388
melodic hard rock,-5.78324
deep tech house,-7.76070833333
dark cabaret,-7.885
shibuya-kei,-8.34397916667
deep pop punk,-4.24320833333
folkmusik,-11.2137111111
power blues-rock,-6.68644
rai,-7.117
p funk,-9.38846
swedish punk,-4.12513043478
russian punk,-7.02254
spanish reggae,-6.75296
black thrash,-6.523
fidget house,-5.41026530612
shimmer psych,-8.31256
musica nativista,-5.26516666667
albanian pop,-6.26568
horrorcore,-5.98974
basque rock,-6.52972340426
violin,-22.4276363636
nu skool breaks,-6.66574
melodic power metal,-5.39776
turkish classical,-11.4820612245
highlife,-6.7231
belly dance,-6.85694
string quartet,-11.38142
classic belgian pop,-8.01512244898
indie psych-pop,-7.68412244898
southern gospel,-7.56481632653
chiptune,-7.31278
soukous,-5.64238
lds,-17.1692857143
instrumental post rock,-14.8953673469
irish country,-10.098122449
brass band,-7.51938
classic polish pop,-9.63159574468
bouncy house,-3.12988
vintage swedish pop,-10.3538085106
timba,-4.96944
classic peruvian pop,-7.9943877551
renaissance,-23.7131
acid techno,-10.42876
norwegian gospel,-8.93784
yugoslav rock,-6.57153061224
dominican pop,-8.4739
classic icelandic pop,-9.4099787234
arab folk,-11.0177083333
southern soul blues,-7.55344
perth indie,-6.89658
neue deutsche welle,-7.828
swiss rock,-8.6197
zouk,-6.84948
deep melodic metalcore,-3.03088
sega,-7.96642857143
mod revival,-8.17768
pakistani pop,-7.44544897959
deep soul house,-10.73744
french folk pop,-8.54652083333
deep christian rock,-10.838
c86,-9.5222
rio de la plata,-7.27095833333
native american,-21.5769387755
college a cappella,-8.44072
uk dub,-8.05997959184
jazz bass,-12.99932
miami bass,-10.06222
ambient idm,-13.69506
polish reggae,-6.55220408163
nordic folk,-13.47498
hauntology,-14.2991
vienna indie,-8.8234375
swamp pop,-8.8372
modern uplift,-4.76829166667
catalan folk,-10.7037083333
chanson quebecois,-8.1183125
girl group,-8.16608
brazilian composition,-21.4861666667
digital hardcore,-6.81438
hip hop tuga,-7.91929787234
hip hop quebecois,-6.23704166667
deep neofolk,-9.03485714286
vintage french electronic,-11.1061428571
samba-enredo,-8.0557173913
vocaloid,-4.10275510204
italian jazz,-18.42238
croatian pop,-6.28689583333
spanish folk,-8.60474
hard minimal techno,-7.16485714286
vintage tango,-9.33078
desert blues,-10.4271
garage punk,-3.92896
bounce,-5.40711363636
hiplife,-5.51927083333
mexican son,-7.66679166667
german oi,-4.68918367347
classical guitar,-23.8881020408
drumfunk,-6.97646938776
czech hip hop,-6.31276086957
appalachian folk,-12.8549387755
vietnamese pop,-6.58538
balkan brass,-7.24414
free improvisation,-16.2426170213
riot grrrl,-5.00426
rosary,-15.19804
electronica,-10.26242
underground latin hip hop,-6.84122916667
karneval,-4.56876595745
serialism,-25.9226734694
cante flamenco,-10.8050851064
tico,-7.3092244898
boogie-woogie,-12.37658
morna,-9.93206
ecuadoria,-5.73644897959
traditional rock 'n roll,-9.97764
estonian pop,-6.7258
tin pan alley,-15.75676
german show tunes,-9.941625
disco polo,-5.56564
portuguese pop,-5.72154347826
mbalax,-7.59934693878
harpsichord,-21.2185
deep soundtrack,-21.0581
polish indie,-6.58597959184
cyber metal,-5.08375510204
kids dance party,-9.8503
metal guitar,-7.73802
thrash core,-7.6093
outsider,-13.2314897959
full on,-7.08354166667
composition d,-25.5432708333
deep liquid,-5.43473469388
kompa,-6.4212
new age piano,-19.72458
heavy alternative,-4.63879591837
jumpstyle,-4.79882
electropunk,-7.97672
classic czech pop,-7.13497674419
stomp and whittle,-8.03632
slovak hip hop,-5.68962222222
beats,-9.80316326531
brutal deathcore,-4.01074
finnish indie,-9.60222916667
makossa,-4.60763265306
qawwali,-8.23906
kwaito house,-8.26734693878
witch house,-8.26330612245
j-ambient,-19.0451428571
atmospheric post rock,-10.26906
zillertal,-5.59108695652
gothic alternative,-4.03552
funk carioca,-4.855125
latvian pop,-7.445
crust punk,-6.43282
oshare kei,-4.17445833333
blackgaze,-8.65595918367
psych gaze,-7.32851020408
grunge pop,-5.22826530612
orquesta tropical,-6.31053061224
ghazal,-10.09522
classic venezuelan pop,-9.24269387755
rva indie,-7.6501
irish indie,-9.69262
denver indie,-6.77064
world chill,-9.64355102041
deep gothic post-punk,-7.99998
ethiopian pop,-9.56406122449
deep rai,-5.79158695652
electro dub,-7.8997173913
traditional ska,-6.90398
hungarian hip hop,-5.38035555556
fake,-5.82908
beatdown,-4.87128
deep acoustic pop,-8.8942244898
drone folk,-13.721122449
canadian hip hop,-5.86473469388
louisville indie,-7.29418
dirty texas rap,-7.91193877551
neofolk,-8.84434693878
neo-rockabilly,-6.25806
judaica,-6.19634
deep flow,-4.15189473684
japanese psychedelic,-9.56986
ragtime,-15.5727755102
anarcho-punk,-7.55594
workout,-6.6474
austrian hip hop,-7.98135416667
guidance,-20.93546
traditional british folk,-12.7466122449
calypso,-12.32312
orquesta tipica,-8.98072
swiss hip hop,-6.59870833333
geek rock,-8.29481632653
deep adult standards,-12.22326
blaskapelle,-10.0407446809
classic french pop,-7.734
nwothm,-6.01785714286
deep smooth jazz,-7.84184
deep dance pop,-5.18444897959
dark black metal,-6.4196122449
abstract,-17.9424375
tone,-28.0628541667
neo-synthpop,-7.31774
minimal melodic techno,-9.5640212766
nerdcore,-6.34364
ukulele,-11.16904
kurdish folk,-7.90512244898
ukrainian rock,-6.18593877551
kayokyoku,-11.297755102
new beat,-5.684375
lithumania,-8.6949375
modern southern rock,-5.4001
euroska,-5.78125
k-rock,-6.74789795918
classic soundtrack,-13.65768
zouglou,-4.75989795918
australian indie,-7.238
indie emo,-7.61753061224
lo star,-7.77504
atmospheric post-metal,-7.5438
broken beat,-7.61724
acousmatic,-27.34914
minimal wave,-7.66083673469
solipsynthm,-5.74646938776
swedish prog,-9.55226
alternative americana,-8.45063265306
darkstep,-4.33016326531
nl folk,-7.33758
marching band,-14.4327142857
lounge house,-9.86219148936
semba,-8.5405
underground power pop,-8.71838
psychedelic blues-rock,-9.9364375
crack rock steady,-4.85328
vegan straight edge,-7.06151020408
motivation,-20.6819
schranz,-7.93985714286
traditional swing,-7.1679375
chalga,-5.23657142857
musiikkia lapsille,-11.4075652174
footwork,-8.22352
breakcore,-9.23408163265
yoik,-11.2237291667
leeds indie,-6.98959183673
tribute,-8.44197959184
funky breaks,-6.82597959184
indian classical,-16.5951875
didgeridoo,-12.4200425532
classic dutch pop,-9.21457142857
slc indie,-7.66554
deep contemporary country,-8.10414285714
danish indie,-9.27197916667
belgian indie,-7.99160416667
jazz brass,-13.8816734694
deep brazilian pop,-12.6235531915
corrosion,-10.53232
black death,-6.75856
japanese jazztronica,-6.7576
electro trash,-4.78381632653
classic afrobeat,-8.58896
gothic americana,-8.89673469388
slavic metal,-6.24326
dark hardcore,-3.13152173913
scratch,-8.27985714286
traditional scottish folk,-9.49340816327
hebrew pop,-5.02534
garage punk blues,-7.47956
hindustani classical,-17.5949583333
indie singer-songwriter,-10.61794
deep german punk,-5.5977173913
deep disco,-10.42904
electronicore,-4.04487755102
zydeco,-6.81726
usbm,-8.15638
string folk,-16.9919387755
beach music,-8.00413043478
luk thung,-7.31771428571
michigan indie,-8.51274
south african jazz,-9.55326
islamic recitation,-10.2409387755
spanish invasion,-8.14960416667
russian alternative,-6.46185416667
deep orchestral,-23.6975957447
mallet,-13.2341458333
dark ambient,-23.9623673469
ragga jungle,-5.87616666667
progressive alternative,-5.16954
fast melodic punk,-3.48373913043
martial industrial,-11.1910789474
deep discofox,-3.36
enka,-11.2980416667
kwaito,-8.31889795918
porro,-8.20694
power violence,-6.26638
finnish hardcore,-4.68611363636
neurostep,-4.468
classic russian pop,-7.5957755102
vapor house,-7.64116326531
deep melodic hard rock,-3.97655102041
downtempo fusion,-8.58994
ostrock,-9.06410869565
spanish classical,-16.1973404255
monastic,-20.4130204082
string band,-9.18444
ambient psychill,-10.7712653061
faroese pop,-10.8471428571
musica per bambini,-9.82314583333
rebetiko,-7.52716666667
romanian rock,-7.55440425532
panpipe,-9.56610416667
afrikaans,-6.14058333333
abstract idm,-11.9293265306
deep psychobilly,-7.21346
ugandan pop,-5.71196
bass trip,-8.46792
power electronics,-6.42112
french punk,-5.25442857143
library music,-11.1872244898
j-reggae,-6.36852173913
russian folk,-11.8451
musique pour enfants,-12.3285306122
hard house,-6.69620833333
concert piano,-22.7667142857
trash rock,-6.0464375
wind ensemble,-22.2692
deep liquid bass,-5.8099787234
deep jazz guitar,-18.476755102
norwegian jazz,-18.7747179487
neo metal,-4.90936734694
gospel reggae,-6.0786875
traditional soul,-7.97734
persian traditional,-13.8472
coupe decale,-4.36626530612
italian progressive rock,-12.0585918367
manele,-5.65870212766
magyar,-10.5877727273
melodic progressive metal,-5.05406521739
japanoise,-7.82357142857
bay area hip hop,-6.96812
german ccm,-8.42308695652
bossa nova jazz,-13.362125
deep opera,-14.518
greek indie,-7.91789795918
consort,-21.7391836735
chaotic black metal,-7.85020833333
classic schlager,-9.41965217391
rap metalcore,-5.24846
slam death metal,-4.4213125
deep ambient,-25.64716
nz indie,-8.82639583333
polyphony,-20.5675714286
deep progressive trance,-9.21872916667
galego,-7.3875625
indie fuzzpop,-5.99034693878
experimental psych,-10.92404
iskelma,-10.7615957447
italian folk,-9.54658695652
tekno,-5.39290243902
shanty,-8.9683
dark psytrance,-7.56897777778
breton folk,-11.7417954545
jig and reel,-10.7058163265
military band,-14.8660833333
technical brutal death metal,-4.29816326531
armenian folk,-6.23732
gamecore,-7.36872
tzadik,-20.8534375
neo-pagan,-11.8876
go-go,-7.06489795918
deep folk metal,-5.08829166667
contemporary composition,-21.3426666667
deep canadian indie,-6.50672
liturgical,-21.5485306122
speedcore,-3.44352173913
depressive black metal,-9.51395918367
accordion,-11.9486382979
skinhead reggae,-8.48076190476
bulgarian rock,-6.24065957447
harp,-16.2057173913
ambient fusion,-10.4629166667
funeral doom,-7.65915909091
pipe band,-8.56895918367
remix,-4.82336734694
screamocore,-4.49924489796
danish jazz,-17.9413061224
future ambient,-9.40204166667
deep soft rock,-11.8686326531
spoken word,-9.56264
klezmer,-9.66780952381
j-core,-5.41495744681
deep german indie,-7.99042857143
minimal dubstep,-5.29170833333
deep sunset lounge,-9.97070454545
bemani,-19.1910204082
indorock,-9.05904166667
flick hop,-6.183625
indie shoegaze,-7.5291875
vintage chanson,-14.1353191489
greek house,-8.27757446809
punta,-7.95836734694
doujin,-6.29532
corsican folk,-10.1875106383
nepali,-16.6009
screamo punk,-6.11586
ghettotech,-6.88520408163
west african jazz,-9.555625
college marching band,-12.2665102041
kuduro,-5.71437777778
neo-industrial rock,-6.04904081633
greek hip hop,-5.40979166667
barbershop,-10.98138
jazz orchestra,-9.17475510204
benga,-7.07102040816
brass ensemble,-15.513
stl indie,-8.2976122449
deep happy hardcore,-3.5145625
hard glam,-4.51071428571
blues-rock guitar,-8.0189787234
mantra,-16.3112826087
british dance band,-15.6615777778
guitar case,-7.89393877551
african percussion,-6.60847916667
dallas indie,-12.6443829787
geek folk,-10.37
carnatic,-9.96956521739
deep darkpsy,-6.38884444444
triangle indie,-6.0721
cumbia funk,-7.78279166667
thrash-groove metal,-5.2875
outer hip hop,-6.28497826087
throat singing,-10.654375
swedish pop punk,-3.76586666667
sinhala,-7.97480851064
dark minimal techno,-10.4059555556
chinese traditional,-16.04126
deep deep house,-10.189326087
italian punk,-5.73620454545
unblack metal,-5.8040212766
deep vocal jazz,-11.9051276596
cornetas y tambores,-10.7009347826
jug band,-10.5369166667
indie pop rock,-6.72
power noise,-7.27832608696
capoeira,-10.6645106383
commons,-9.55093617021
post-disco soul,-9.10345833333
halloween,-11.6391458333
contemporary folk,-12.7811428571
finnish jazz,-10.5720454545
chinese indie rock,-9.05744680851
byzantine,-18.7372857143
zim,-9.56210869565
black sludge,-7.24904081633
vintage jazz,-12.5834489796
dubsteppe,-6.31385106383
deep psytrance,-8.27269387755
street punk,-5.37604347826
breaks,-7.2525106383
drama,-19.6202291667
abstractro,-12.1941020408
deep new wave,-9.895375
gospel blues,-12.6134166667
light music,-19.583212766
deep southern soul,-8.6663877551
deep indie rock,-7.94881632653
mexican traditional,-6.52157142857
gothic post-punk,-7.82191836735
cajun,-9.0944
northern irish indie,-8.16095744681
british brass band,-17.6627234043
deep indie singer-songwriter,-7.79865217391
noise punk,-5.5265
traditional funk,-8.39891489362
polish jazz,-15.4901666667
baroque ensemble,-20.1046
deep ragga,-9.69758695652
demoscene,-10.6772391304
japanese traditional,-18.6227
deep downtempo fusion,-11.7881875
heavy gothic rock,-5.42370833333
bangla,-8.6660212766
covertrance,-7.07975
deep vocal house,-5.3922
deep freestyle,-9.73366666667
classical organ,-20.9985106383
deep full on,-5.50586363636
makina,-7.81338297872
c64,-8.74566666667
spytrack,-13.8048571429
classical flute,-21.1082040816
musique concrete,-26.4249787234
grim death metal,-6.6132173913
polka,-9.6272244898
slash punk,-6.79610416667
muziek voor kinderen,-9.52365384615
deep jazz fusion,-8.50289130435
classic eurovision,-8.96674
chamber choir,-23.3756458333
skiffle,-9.18759574468
poetry,-20.3742083333
deep funk house,-7.93719148936
fallen angel,-4.66616666667
electroacoustic improvisation,-21.1094418605
steelpan,-12.31848
belorush,-6.31310638298
fussball,-3.94987755102
oratory,-14.8446808511
deep east coast hip hop,-8.43316326531
grisly death metal,-6.30728571429
traditional reggae,-7.3561627907
spanish indie rock,-6.44108333333
sunset lounge,-10.933744186
early music ensemble,-18.9393043478
contemporary classical,-24.124877551
lowercase,-23.6702222222
punk ska,-5.83672
deep progressive house,-8.12604444444
indian rock,-7.5485625
clarinet,-16.0930263158
deep jazz piano,-18.0237021277
deep melodic death metal,-4.6251
hardcore breaks,-8.40047826087
skinhead oi,-5.35163043478
vintage swing,-12.976173913
hatecore,-7.67815909091
glitch beats,-14.0508888889
villancicos,-8.90753333333
deep classic garage rock,-11.4905106383
deep indie pop,-7.56955319149
neo soul-jazz,-7.49310638298
deep pop emo,-4.82791111111
traditional rockabilly,-7.44117021277
deep nordic folk,-13.8055416667
klapa,-7.40693333333
deep swedish rock,-5.35136734694
crossover prog,-9.42893333333
football,-9.15320833333
organic ambient,-14.8691914894
soda pop,-7.79995918367
deep chill-out,-11.8182608696
deep hardcore,-7.65639130435
deep filthstep,-5.26409090909
wrock,-8.62718367347
norwegian punk,-7.93216666667
deep northern soul,-8.186
experimental dubstep,-6.69934782609
deep free jazz,-14.13686
raw black metal,-7.80634
thai indie,-7.12006666667
classic psychedelic rock,-10.7321489362
gamelan,-18.4904897959
deep surf music,-8.35934042553
dubstep product,-4.88493617021
goa trance,-7.13447727273
deep italo disco,-8.74744444444
deep thrash metal,-5.11152083333
deep g funk,-8.10873913043
accordeon,-8.60648979592
charred death,-5.69684090909
ambient dub techno,-14.6278723404
slovenian rock,-7.10478723404
maghreb,-8.43421276596
re:techno,-8.29894444444
malagasy folk,-9.39719565217
hard stoner rock,-5.9827173913
dark progressive house,-9.48777777778
zeuhl,-9.57575555556
neo honky tonk,-8.32208163265
tanzlmusi,-14.5474791667
deep dub techno,-12.4370652174
j-punk,-3.26695918367
noise,-7.46584444444
chill groove,-9.91119512195
tibetan,-10.5068666667
deep punk rock,-7.85518181818
deep power-pop punk,-5.2088125
j-poppunk,-2.74356818182
italo beats,-3.8411
deep space rock,-9.66114893617
deep motown,-6.98402083333
kc indie,-8.3848
new jack smooth,-7.56670833333
deep nz indie,-7.80144680851
alternative metalcore,-4.57484782609
chinese opera,-8.91273333333
vintage rockabilly,-8.20926
deep eurodance,-6.17330612245
deep cello,-19.3451428571
chill-out trance,-9.46358333333
german street punk,-5.4197826087
terrorcore,-5.74194871795
doomcore,-7.25406521739
twin cities indie,-8.24291666667
french folk,-13.1775510204
glitter trance,-8.2608125
nu electro,-8.89513333333
indie emo rock,-6.05082926829
deep classical piano,-25.5709583333
ceilidh,-9.236
alternative hardcore,-5.04704651163
jangle rock,-8.55752083333
skweee,-10.1377173913
bulgarian folk,-15.3294375
deep neo-synthpop,-7.77704347826
rhythm and boogie,-11.0535416667
swedish jazz orkester,-13.3743061224
deep hardcore punk,-6.24339534884
chinese experimental,-9.71960869565
jazz composition,-13.3297317073
modern downshift,-4.65095833333
ethereal gothic,-7.49006521739
ghoststep,-7.51416666667
anime cv,-5.66086
modern free jazz,-14.5368695652
vintage schlager,-13.4035217391
song poem,-10.5617142857
neo-traditional country,-5.76784782609
deep orgcore,-5.65155555556
cryptic black metal,-5.93555
cinematic dubstep,-8.25974358974
vintage country folk,-14.2527346939
vintage gospel,-14.6114468085
gothic doom,-6.52973913043
deep symphonic black metal,-5.29675510204
vintage reggae,-11.7220816327
deep german jazz,-11.7023673469
twee indie pop,-6.89476923077
saxophone,-18.6260731707
dark electro-industrial,-9.305
deep delta blues,-14.4921428571
caucasian folk,-15.7700625
chip hop,-5.44541666667
deep breakcore,-7.63326086957
deep deep tech house,-7.42622857143
deep string quartet,-23.20252
necrogrind,-6.7416
central asian folk,-12.3040851064
drone psych,-11.9312
vintage swoon,-10.338755102
rock noise,-8.24802
smooth urban r&b,-6.63286046512
deep latin jazz,-10.3993846154
vintage western,-12.2031666667
