genre,tempo
modern rock,125.8007
tropical house,112.59064
pop rap,122.75922449
pop,113.8999
post-teen pop,114.80606
rap,126.87532
rock,127.67078
dance pop,116.2386
trap music,128.8105
edm,110.86134
alternative rock,118.883755102
latin,115.52078
pop rock,118.46838
dwn trap,130.5829375
alternative metal,130.85738
neo mellow,117.74702
r&b,116.63294
southern hip hop,128.6346
hip hop,131.68508
classic rock,127.5867
mellow gold,124.9064
indie rock,122.23996
album rock,126.17588
viral pop,115.83624
reggaeton,123.05612
soft rock,126.45942
post-grunge,131.90342
indie r&b,112.8019
latin pop,110.87098
indie pop,119.52066
pop punk,126.46378
indietronica,111.89302
permanent wave,119.626458333
electro house,124.32122
tropical,118.56662
urban contemporary,113.7735
indie folk,118.00362
folk-pop,121.28752
singer-songwriter,126.5596
nu metal,131.67868
hard rock,124.7244
hip pop,121.824893617
contemporary country,118.49462
indie poptimism,115.899914894
big room,123.982021277
rap metal,124.05326
gangster rap,121.48754
canadian pop,120.58388
country road,115.00114
country,119.5087
folk rock,126.05938
garage rock,120.870204082
house,118.47178
grupera,135.625265306
latin hip hop,124.522021277
stomp and holler,118.670959184
underground hip hop,127.21152
chamber pop,119.50244
dirty south rap,129.993755102
rock en espanol,124.71072
regional mexican,128.54478
progressive house,120.93154
roots rock,119.85162
blues-rock,119.02614
funk rock,112.20008
alternative dance,120.81576
modern country rock,124.09918
dance rock,124.44208
trap latino,130.47275
europop,119.40424
new wave,124.99796
neo soul,114.2995
synthpop,120.52204
new wave pop,125.55152
adult standards,118.35802
banda,132.4888
latin alternative,127.42476
neo-psychedelic,123.93738
soul,109.69646
classic funk rock,119.24038
quiet storm,113.32388
emo,133.43604
psychedelic rock,122.78196
norteno,133.15256
spanish pop,119.62424
deep pop r&b,118.973021739
progressive electro house,126.8984
deep indie r&b,104.84994
rap rock,122.32498
art rock,125.27498
new rave,123.11174
latin arena pop,128.84148
escape room,114.66656
motown,119.7479
regional mexican pop,130.11846
screamo,138.23148
shimmer pop,111.67554
electronic,114.94856
brostep,132.78766
metal,132.92
new romantic,124.89748
teen pop,118.468
disco,113.70938
deep big room,123.518040816
indie anthem-folk,115.18162
pop reggaeton,120.18064
reggaeton flow,135.50456
crunk,124.64102
funk,115.9641
vapor soul,118.77736
trap francais,124.362543478
acoustic pop,124.26718
metropopolis,114.77684
deep tropical house,112.74858
west coast rap,119.081
deep german hip hop,114.10944898
metalcore,134.70084
punk,137.7673
deep funk carioca,122.39906
electronic trap,129.1772
focus,103.64414
new americana,116.68276
east coast hip hop,115.37652
folk,119.36674
francoton,119.966065217
sertanejo universitario,125.2165
hardcore hip hop,114.465375
southern rock,124.03452
brill building pop,115.43306
german hip hop,109.59455102
christian alternative rock,128.6371
jazz blues,115.27978
worship,128.07856
groove metal,121.33488
ranchera,127.72134
boy band,116.98366
piano rock,124.498836735
talent show,117.14778
freak folk,124.52582
swedish pop,119.49902
chillwave,117.68566
british blues,118.03712
modern blues,116.38672
vocal jazz,111.65552
argentine rock,125.02594
g funk,111.476081633
christian music,125.4391
redneck,128.2458
vegas indie,129.046081633
new jack swing,117.763163265
swedish idol pop,119.208408163
bass trap,130.89168
compositional ambient,107.79008
mpb,121.00232
country rock,123.08
dance-punk,128.64024
memphis soul,120.32136
ccm,125.30918
deep underground hip hop,120.29404
soundtrack,110.56418
cumbia pop,119.9912
noise pop,121.543959184
rock-and-roll,121.35954
soul blues,122.05266
k-pop,113.498367347
indie psych-rock,117.12268
protopunk,126.21922
moombahton,129.76824
lo-fi,115.1558
dream pop,127.414591837
anthem worship,130.25048
german pop,125.03402
electric blues,124.00802
outlaw country,109.58972
melodic metalcore,130.7361
detroit hip hop,115.02892
hollywood,116.29796
deep dutch hip hop,118.360804348
christian rock,129.16296
southern soul,121.16876
deep groove house,122.78666
korean pop,113.57798
chicago soul,118.549244898
indiecoustica,118.699571429
deep german pop rock,120.72874
cantautor,121.90486
glam metal,123.43966
pagode,122.5777
britpop,132.30274
italian arena pop,116.79534
traditional country,117.60866
glam rock,126.30826
alternative hip hop,109.75144
funk metal,112.8154
mariachi,129.25784
deep australian indie,116.26882
classify,106.6535
underground pop rap,116.11212
scorecore,106.672666667
italian pop,121.75388
samba,119.81986
tracestep,130.27278
complextro,127.94266
deep pop edm,116.72838
downtempo,122.551816327
trip hop,124.43208
grime,118.26802
british invasion,127.21338
speed metal,134.83266
channel pop,113.37784
classical,98.4749333333
catstep,131.96452
lilith,118.230877551
bachata,128.68632
bossa nova,113.08266
deep house,118.37482
skate punk,137.1889
melancholia,110.75716
vapor twitch,118.90526
lift kit,125.210285714
disco house,122.9626
symphonic rock,122.20354
comic,123.26162
pop emo,135.829212766
anti-folk,111.8786
grunge,122.190866667
duranguense,127.13318
australian dance,124.46966
traditional folk,116.09064
bubblegum pop,118.57522
otacore,118.73666
chillhop,94.7276122449
hoerspiel,102.021081633
australian alternative rock,124.75042
reggae fusion,114.31354
sertanejo,131.73072
la indie,112.9911
jazz,107.57178
rockabilly,118.5544
cumbia,116.61942
nueva cancion,111.32838
progressive rock,125.06494
texas country,124.94012
nu jazz,122.345734694
video game music,110.094186047
romantic,98.4749333333
roots reggae,118.79632
slow core,114.7808
swedish folk pop,123.54952
space rock,122.9287
madchester,128.06536
power metal,137.51612
progressive metal,137.7507
dancehall,113.209346939
nu gaze,117.40328
alt-indie rock,127.61928
french pop,113.34908
world worship,123.25798
reggae,119.85034
deep trap,125.440040816
opm,116.68246
alternative country,113.53056
deep danish pop,118.14088
mandopop,131.73682
spanish rock,132.084530612
industrial metal,125.79114
deep southern trap,131.01214
forro,146.53572
sky room,126.84806
brazilian hip hop,122.61266
nashville sound,117.4814
indie garage rock,112.65477551
taiwanese pop,131.73682
bolero,122.73856
thrash metal,130.14204
merseybeat,121.14172
danish pop,115.78898
lounge,116.06618
trance,128.36716
finnish dance pop,120.863958333
jam band,131.57976
deep latin hip hop,122.459571429
chamber psych,122.60498
jazz funk,112.9849
deep taiwanese pop,131.85084
turkish pop,111.06942
cool jazz,107.7376
post-punk,124.91488
salsa,113.78124
eurodance,129.8279
preverb,116.5887
brooklyn indie,124.272367347
c-pop,131.73682
swedish alternative rock,133.67634
minimal,103.05264
german techno,126.766693878
pixie,128.25448
chilean rock,120.91242
deep cumbia sonidera,126.89414
candy pop,131.264306122
filter house,117.74294
post-screamo,132.58014
punk blues,125.48554
vocal house,123.455040816
deep euro house,121.9595
deep new americana,107.62358
bow pop,125.6342
french hip hop,113.02368
alternative emo,133.55058
axe,124.555734694
big beat,127.000571429
cabaret,113.5784
finnish pop,123.614918367
progressive trance,128.43628
chanson,112.98016
swedish indie rock,128.71532
industrial rock,121.58082
merengue,122.39044
etherpop,119.427367347
garage psych,131.50488
jazz fusion,104.6501
power pop,128.31186
ninja,115.87552
cantopop,132.35377551
uk post-punk,127.135142857
melodic death metal,128.44996
deep swedish hip hop,113.3223
country dawn,131.451204082
bubblegum dance,127.5543
show tunes,112.633489796
post rock,107.00768
dutch hip hop,118.123040816
vallenato,122.04402
shiver pop,116.47584
italian hip hop,117.11974
dutch pop,118.316061224
post-disco,117.57114
bebop,108.73134
deep regional mexican,121.7263
spanish pop rock,128.30755102
modern classical,108.499045455
swedish eurodance,133.00412
contemporary post-bop,107.74848
minimal techno,122.54458
irish rock,127.10526
dutch house,130.446978723
turkish rock,122.063632653
easy listening,113.35272
swedish hip hop,123.542
danspunk,137.340387755
australian pop,118.6881
indonesian pop,122.51258
canadian indie,115.503979592
wrestling,129.049040816
microhouse,124.397469388
hip house,121.36624
cumbia villera,116.063204082
west coast trap,121.80008
texas blues,119.72504
celtic rock,131.96524
broadway,116.33214
pinoy alternative,118.57266
french indietronica,117.2826
blues,123.88916
acid jazz,120.063521739
anthem emo,129.580959184
chillstep,128.00012
movie tunes,116.15278
tech house,123.19172
uk funky,127.518816327
norwegian indie,120.648306122
progressive bluegrass,119.4391
classic swedish pop,120.447270833
traditional blues,118.60148
soul jazz,110.61688
stoner rock,128.32446
melodic hardcore,131.93926
experimental rock,116.97162
turntablism,119.03504
norwegian pop,122.74718
minimal dub,119.875530612
fourth world,99.688244898
electro,124.64164
swing,106.56716
latin christian,127.90616
dreamo,126.67148
indie jazz,109.0268
rock gaucho,124.25042
french rock,115.463326531
post-hardcore,131.77504
epicore,116.621791667
azontobeats,110.98974
zapstep,141.84486
deep chiptune,117.26708
sheffield indie,128.20314
uplifting trance,132.49374
noise rock,121.342170213
progressive post-hardcore,137.66566
hard bop,106.93942
antiviral pop,121.778040816
aussietronica,117.6569
indie punk,129.257
death core,136.663395833
electro latino,113.9862
ambient,97.619122449
reggae rock,120.18386
country blues,114.6114
anime,140.79652
deep funk,111.78562
new age,109.81484
french reggae,106.517266667
j-pop,128.1199
groove room,119.12286
lovers rock,111.81316
deep melodic euro house,117.42658
death metal,120.53282
nu disco,114.04977551
indie rockism,124.609387755
electro swing,120.131836735
country gospel,114.74606
neo classical metal,132.9389
mexican indie,135.640204082
uk garage,125.280918367
gothic metal,131.16604
stride,109.95024
industrial,123.53668
canadian metal,135.9197
future funk,108.77194
christian uplift,121.6868
brazilian gospel,130.113875
german metal,120.91516
swedish indie pop,124.53398
gauze pop,121.39746
turkish jazz,111.17888
christian hip hop,127.761591837
latin jazz,106.21162
stoner metal,132.46696
experimental,124.5563125
ska,128.16312
french indie pop,119.713645833
deep ccm,122.37466
merengue urbano,125.57142
classic norwegian pop,120.35755102
pub rock,126.98572
memphis blues,117.34338
ska punk,128.74316
suomi rock,130.696604167
afrobeats,107.8371
hyphy,105.98944898
liquid funk,149.07506
swedish synthpop,120.5658
chicago blues,117.4769
drill,130.39528
vaporwave,117.29334
neue deutsche harte,128.16856
louvor,113.805061224
world,116.632244898
dub,118.34568
smooth jazz,105.69164
drum and bass,149.8634
memphis hip hop,128.31994
j-rock,145.20836
new orleans blues,119.31174
new weird america,114.115520833
german pop rock,124.01826
old school hip hop,112.865081633
relaxative,103.53652
trova,108.31162
big band,114.45046
hardcore punk,144.59434
stomp pop,128.366
bass music,121.36862
flamenco,115.097851064
indonesian indie,113.007734694
comedy,100.52
baroque,95.9874482759
viking metal,138.19034
russelater,125.114714286
djent,128.214957447
mambo,105.96564
acoustic blues,117.00344
spanish indie pop,131.599918367
swedish metal,126.81014
delta blues,119.11524
norwegian rock,123.57212
deep texas country,120.438571429
gospel,110.303
christian relaxative,116.215934783
doo-wop,130.47524
icelandic pop,122.04652
latin metal,121.53144
cowboy western,114.22258
piedmont blues,125.96752
deep swedish indie pop,130.204276596
wonky,109.2656
hardstyle,140.04506
classical period,107.6828
minimal tech house,120.762510204
cumbia sonidera,123.59106
operatic pop,106.58548
meditation,85.20818
pop house,128.70886
dangdut,126.847102041
turkish folk,112.524530612
hands up,139.544938776
deep disco house,121.983714286
celtic,107.39854
desi,114.7512
shoegaze,122.43942
tejano,138.96428
boogaloo,110.69918
argentine reggae,121.11872
nwobhm,130.85688
deep hardstyle,144.367
dansband,122.7066
indian pop,115.49146
danish pop rock,123.968938776
japanese r&b,127.40044898
electropowerpop,132.0979
gothic symphonic metal,129.0146
intelligent dance music,133.18998
healing,89.4202
sleep,59.12258
finnish hip hop,110.2851
desi hip hop,119.230571429
schlager,126.525816327
melbourne bounce,128.73878
contemporary jazz,110.59244
drone,99.57604
symphonic metal,134.63686
spanish punk,132.899489796
filthstep,130.84578
louisiana blues,117.32964
children's music,124.080979592
cubaton,117.869469388
velha guarda,106.4537
electroclash,120.547020408
jangle pop,124.95882
brazilian indie,112.35755102
chicano rap,105.470061224
spanish hip hop,99.4334081633
uk drill,120.98856
folk punk,125.23798
k-hop,118.6663
retro electro,121.662877551
alternative r&b,116.17714
afrobeat,114.542
polish pop,113.362530612
opera,112.05865
british folk,116.613534884
nu-cumbia,107.47052
a cappella,114.745979592
j-dance,132.408367347
alternative pop rock,125.14788
j-rap,122.422040816
boston rock,124.2586
future garage,126.817816327
crossover thrash,132.50162
mathcore,131.31326
classic danish pop,119.340142857
german indie,119.7834
glitch,118.57666
coverchill,118.63246
jazz metal,129.95216
environmental,82.7850416667
reading,103.330875
filmi,116.20004
rumba,104.871583333
azonto,117.863959184
levenslied,125.809530612
polynesian pop,113.46112
glitch hop,119.103591837
melodipop,115.575979167
arabesk,119.173183673
zolo,118.1019
northern soul,125.70706
underground rap,114.6575
spanish new wave,125.9649
vapor pop,116.500363636
brazilian punk,129.5461
piano blues,119.64582
abstract hip hop,114.772387755
deep turkish pop,119.89444
christian dance,127.23774
neoclassical,117.39572
norwegian hip hop,123.2677
liedermacher,132.65744
discofox,132.312875
australian hip hop,116.95246
folk metal,136.11392
canadian country,124.333152174
strut,121.7069375
breakbeat,133.4827
sludge metal,130.18202
italo dance,131.310204082
bluegrass,125.33206
new tribe,115.9226
neo-singer-songwriter,110.25728
finnish metal,131.329914894
danseband,126.162195652
fluxwork,124.706204082
hardcore techno,138.17852
jump blues,126.13378
welsh rock,136.267428571
technical death metal,116.154693878
german punk,135.524591837
fingerstyle,116.892795918
float house,117.557265306
sleaze rock,121.78062
australian country,126.73064
deep uplifting trance,131.464102041
alternative ccm,125.395708333
folklore argentino,114.17754
kiwi rock,115.51984
alternative pop,128.30368
grave wave,128.16358
swamp blues,119.87976
electro jazz,109.58276
rock steady,117.274
slow game,117.36034
j-metal,137.16458
post-metal,119.589142857
techno,122.12754
no wave,127.9025
russian pop,123.14732
stomp and flutter,123.8094
portland indie,112.520836735
dutch rock,121.159734694
doom metal,122.92002
modern performance,113.93308
pagan black metal,118.5689375
black metal,123.2982
jump up,152.29586
pop flamenco,120.457102041
hard alternative,131.8304
christian metal,134.76772
kirtan,109.7382
neurofunk,153.13536
polish hip hop,119.555469388
drift,98.9657
dark jazz,109.93934
peruvian rock,119.937
deathgrind,119.44444
italian indie pop,138.26138
ectofolk,121.65144
symphonic black metal,120.64704
classic italian pop,119.15832
turkish hip hop,115.1398125
cuban rumba,111.68722
brega,113.636
deep norteno,114.877979592
happy hardcore,161.96826
carnaval,126.576489362
belgian rock,121.29006
chicago house,121.1551
medieval rock,128.579204082
irish folk,120.313266667
jungle,154.49238
chamame,125.9191
scottish rock,130.74142
rap chileno,97.32584
classic chinese pop,121.49614
dark wave,127.44558
progressive uplifting trance,133.040022222
orgcore,144.729844444
austindie,116.32924
idol,125.60826
chicago indie,119.7267
medieval,110.47514
avant-garde jazz,108.62282
eurovision,121.529591837
bay area indie,119.91606
romantico,119.67376
western swing,117.68852
russian rock,119.24748
japanese city pop,129.46626
new orleans jazz,114.70552
j-idol,126.09098
italian disco,123.47314
harmonica blues,113.93598
arab pop,113.81742
puerto rican rock,117.971918367
dubstep,140.08266
classic finnish pop,128.701866667
malaysian pop,117.923489796
outsider house,117.10232
mexican rock-and-roll,114.25592
portuguese rock,111.227122449
post-doom metal,126.23072
colombian rock,113.86426
sertanejo tradicional,117.844612245
brutal death metal,125.43102
soul flow,119.95384
salsa international,116.958795918
seattle indie,116.40528
avantgarde metal,118.3657
hardcore,135.50332
nasheed,123.726102041
gbvfi,127.72004
psychedelic doom,121.47936
celtic punk,133.65302
grindcore,123.672367347
quebecois,112.12318
austropop,133.899
brazilian ccm,113.169367347
funky tech house,124.06792
riddim,111.529326531
psychedelic trance,135.26712
speed garage,125.401916667
baile funk,126.746530612
classic russian rock,118.642795918
freestyle,119.766659574
j-poprock,126.88068
italian pop rock,124.811
ebm,130.97794
math pop,126.16114
barnmusik,116.934387755
spanish noise pop,130.6524375
warm drone,96.9026938776
soca,121.64758
nursery,121.70242
ethereal wave,118.99086
nintendocore,131.49806
african gospel,121.74966
garage pop,134.4647
world meditation,86.6555
destroy techno,123.68614
balearic,118.671020408
progressive deathcore,129.98512
math rock,123.2305
laiko,116.95212
acid house,120.911183673
albuquerque indie,119.44566
mande pop,112.90078
polish punk,122.777458333
russiavision,119.7471
deep latin christian,124.21882
indie dream pop,117.32766
kindermusik,116.576318182
emo punk,139.577292683
entehno,117.02132
bassline,129.51914
k-indie,111.04484
classic finnish rock,129.897979167
substep,135.52108
electrofox,108.80198
drill and bass,119.560408163
turbo folk,119.709693878
british alternative rock,130.79686
ambeat,102.72928
ska revival,133.847122449
deep minimal techno,124.426755556
bmore,132.754285714
british indie rock,137.42924
canterbury scene,119.68058
musica para ninos,120.81234
romanian pop,117.23404
chill lounge,111.741040816
rock catala,127.421893617
free jazz,118.16324
argentine indie,119.918571429
deep comedy,97.37726
twee pop,123.83934
classic garage rock,125.081959184
volksmusik,128.13626087
post-post-hardcore,130.388
electro-industrial,132.4101
gypsy jazz,123.65326
oi,133.38274
latin electronica,112.40358
straight edge,135.48994
christian hardcore,133.04116
kabarett,107.400276596
kraut rock,106.19082
steampunk,129.44232
singaporean pop,122.322857143
swedish hard rock,131.341061224
world fusion,125.13804
slovak pop,123.134040816
dansktop,115.666673469
surf music,133.1298
thai idol,122.89636
gabba,148.441166667
gothic rock,132.42577551
chaotic hardcore,122.62132
nu age,105.69568
bhangra,116.51482
canzone napoletana,110.01986
retro metal,125.787326531
cello,116.93784
mandible,106.0942
ballroom,116.50438
ye ye,114.15104
tango,116.144469388
swedish jazz,109.854265306
dixieland,109.55632
old-time,126.364083333
laboratorio,106.802387755
mashup,123.934428571
christelijk,114.113521739
freakbeat,126.4094
punjabi,116.818795918
alternative roots rock,123.22846
futurepop,129.89302
vancouver indie,120.51286
christian punk,134.29404
choro,109.52808
african rock,131.3524
deep talent show,126.63102
e6fi,126.4557
drone metal,115.21344898
nordic house,131.99322449
electro bailando,122.84146
early music,102.66682
psychobilly,132.33634
hawaiian,114.9563
horror punk,131.24444
andean,110.288
russian hip hop,118.693020408
detroit techno,122.556102041
progressive psytrance,135.229959184
comedy rock,126.14722449
thai pop,120.19024
psychill,126.910244898
orchestral,104.8008
tribal house,124.838229167
atmospheric black metal,124.60788
progressive trance house,125.3518125
deep indian pop,118.257591837
jazz trio,112.21514
classical performance,95.53712
persian pop,117.81456
fado,106.02942
classical piano,98.4144761905
uk hip hop,114.359122449
voidgaze,123.85586
danish hip hop,119.127918367
zouk riddim,139.82128
israeli rock,117.37614
czech rock,133.423959184
swedish reggae,124.825829787
exotica,124.07194
praise,114.29392
theme,111.81202
hungarian rock,131.97766
athens indie,121.33332
neo-trad metal,131.64448
dub techno,122.764673469
norwegian metal,124.82855102
venezuelan rock,124.63802
choral,94.4109130435
aggrotech,129.48312
neo-progressive,123.406979592
turkish alternative,125.685583333
hungarian pop,127.558886364
classic colombian pop,117.94388
kizomba,125.01274
avant-garde,91.39914
columbus ohio indie,122.633
czech folk,129.031638298
anime score,106.71968
visual kei,133.14196
mizrahi,119.08342
barnemusikk,118.16618
abstract beats,116.376612245
italian metal,118.81738
popgaze,133.396489796
indian folk,113.20164
deep latin alternative,121.079541667
power-pop punk,139.96864
ok indie,121.471
deep chill,112.548354167
classic turkish pop,107.96396
french movie tunes,115.095673469
bubble trance,132.062693878
goregrind,129.105285714
j-indie,133.73174
vintage italian soundtrack,99.40564
melodic hard rock,125.19402
deep tech house,123.290708333
dark cabaret,123.93986
shibuya-kei,120.616270833
deep pop punk,133.421416667
folkmusik,117.4386
power blues-rock,122.07684
rai,114.443387755
p funk,117.62138
swedish punk,136.903086957
russian punk,122.00926
spanish reggae,113.07784
black thrash,132.79956
fidget house,126.92255102
shimmer psych,114.10278
musica nativista,119.162357143
albanian pop,119.51154
horrorcore,125.22862
basque rock,136.096085106
violin,100.798545455
nu skool breaks,129.9186
melodic power metal,130.61564
turkish classical,110.766918367
highlife,113.99236
belly dance,126.65458
string quartet,119.24226
classic belgian pop,117.061326531
indie psych-pop,126.733040816
southern gospel,123.046612245
chiptune,123.73436
soukous,121.3906
lds,98.8070408163
instrumental post rock,109.758326531
irish country,122.044040816
brass band,123.62016
classic polish pop,122.693531915
bouncy house,167.23798
vintage swedish pop,111.305191489
timba,107.79798
classic peruvian pop,118.581693878
renaissance,98.91666
acid techno,132.88116
norwegian gospel,107.3817
yugoslav rock,119.039326531
dominican pop,121.33086
classic icelandic pop,109.181489362
arab folk,105.421895833
southern soul blues,103.16646
perth indie,120.63796
neue deutsche welle,137.00377551
swiss rock,123.35596
zouk,144.13536
deep melodic metalcore,124.12946
sega,121.052979592
mod revival,136.19976
pakistani pop,111.35455102
deep soul house,116.85764
french folk pop,122.445416667
deep christian rock,105.37818
c86,130.3451
rio de la plata,118.36
native american,93.9741632653
college a cappella,119.21634
uk dub,128.34122449
jazz bass,114.95436
miami bass,127.62634
ambient idm,114.42162
polish reggae,130.778734694
nordic folk,111.04392
hauntology,118.84166
vienna indie,129.798875
swamp pop,116.1869
modern uplift,134.6314375
catalan folk,124.599104167
chanson quebecois,112.010083333
girl group,118.02784
brazilian composition,110.75575
digital hardcore,122.73604
hip hop tuga,115.935617021
hip hop quebecois,122.150645833
deep neofolk,118.558285714
vintage french electronic,124.862918367
samba-enredo,120.399
vocaloid,140.12344898
italian jazz,104.10608
croatian pop,122.109479167
spanish folk,122.51038
hard minimal techno,132.90522449
vintage tango,116.09678
desert blues,122.01724
garage punk,131.63374
bounce,125.983113636
hiplife,114.8356875
mexican son,127.917291667
german oi,131.208142857
classical guitar,105.061326531
drumfunk,146.166
czech hip hop,123.438391304
appalachian folk,118.526408163
vietnamese pop,121.31162
balkan brass,123.90266
free improvisation,111.263148936
riot grrrl,141.37656
rosary,111.50548
electronica,112.58332
underground latin hip hop,111.791104167
karneval,133.393042553
serialism,94.1646530612
cante flamenco,112.501574468
tico,115.703877551
boogie-woogie,117.62486
morna,114.74896
ecuadoria,117.770387755
traditional rock 'n roll,118.17486
estonian pop,130.19068
tin pan alley,109.50796
german show tunes,119.9696
disco polo,128.61594
portuguese pop,116.52573913
mbalax,122.572530612
harpsichord,101.82958
deep soundtrack,90.92564
polish indie,125.323571429
cyber metal,126.695816327
kids dance party,120.17624
metal guitar,128.35902
thrash core,132.64274
outsider,116.816918367
full on,139.641625
composition d,93.219125
deep liquid,164.062959184
kompa,144.42042
new age piano,100.6578
heavy alternative,141.113959184
jumpstyle,144.95956
electropunk,123.02442
classic czech pop,125.178023256
stomp and whittle,124.5032
slovak hip hop,119.238222222
beats,127.367
brutal deathcore,129.43312
finnish indie,125.853041667
makossa,123.095020408
qawwali,116.05998
kwaito house,121.555673469
witch house,118.19044898
j-ambient,104.771914286
atmospheric post rock,114.97434
zillertal,129.096543478
gothic alternative,140.20622
funk carioca,127.115854167
latvian pop,120.827680851
crust punk,131.41932
oshare kei,127.079145833
blackgaze,125.615938776
psych gaze,119.117163265
grunge pop,136.892714286
orquesta tropical,130.447204082
ghazal,104.12188
classic venezuelan pop,126.767163265
rva indie,122.26446
irish indie,108.52442
denver indie,125.51204
world chill,117.550102041
deep gothic post-punk,137.23574
ethiopian pop,120.511061224
deep rai,113.112652174
electro dub,125.996478261
traditional ska,131.24574
hungarian hip hop,112.322022222
fake,118.05378
beatdown,122.33626
deep acoustic pop,121.905
drone folk,113.947265306
canadian hip hop,106.168204082
louisville indie,124.59634
dirty texas rap,129.537571429
neofolk,115.551979592
neo-rockabilly,128.58784
judaica,123.4658
deep flow,123.560157895
japanese psychedelic,118.1364
ragtime,117.143714286
anarcho-punk,133.62512
workout,127.55864
austrian hip hop,119.388270833
guidance,107.66142
traditional british folk,113.031979592
calypso,113.89492
orquesta tipica,119.1728
swiss hip hop,121.9544375
geek rock,122.022265306
deep adult standards,106.96762
blaskapelle,127.384531915
classic french pop,118.1404
nwothm,127.917306122
deep smooth jazz,112.88748
deep dance pop,116.87255102
dark black metal,125.698346939
abstract,113.3015
tone,94.3976041667
neo-synthpop,127.13554
minimal melodic techno,123.065212766
nerdcore,115.58848
ukulele,118.3287
kurdish folk,122.07622449
ukrainian rock,117.627244898
kayokyoku,110.148673469
new beat,127.68275
lithumania,115.961625
modern southern rock,122.34124
euroska,132.7163125
k-rock,122.152122449
classic soundtrack,101.78284
zouglou,123.942816327
australian indie,127.14204
indie emo,122.828816327
lo star,125.2845
atmospheric post-metal,118.21042
broken beat,111.29654
acousmatic,95.44214
minimal wave,126.679571429
solipsynthm,118.426428571
swedish prog,117.95746
alternative americana,126.941081633
darkstep,151.701755102
nl folk,127.27582
marching band,115.892795918
lounge house,123.135234043
semba,120.721958333
underground power pop,130.3165
psychedelic blues-rock,128.065875
crack rock steady,118.93602
vegan straight edge,114.594734694
motivation,94.58636
schranz,125.722836735
traditional swing,125.669291667
chalga,124.649591837
musiikkia lapsille,122.576478261
footwork,127.08812
breakcore,112.282428571
yoik,114.898
leeds indie,125.589571429
tribute,122.85
funky breaks,114.950510204
indian classical,123.329916667
didgeridoo,115.529744681
classic dutch pop,129.364897959
slc indie,132.7521
deep contemporary country,125.769530612
danish indie,117.442833333
belgian indie,119.394833333
jazz brass,107.827612245
deep brazilian pop,108.855042553
corrosion,128.33102
black death,119.73822
japanese jazztronica,131.00022
electro trash,122.253469388
classic afrobeat,108.4649
gothic americana,127.307244898
slavic metal,127.9765
dark hardcore,169.188065217
scratch,111.591714286
traditional scottish folk,131.928918367
hebrew pop,119.29532
garage punk blues,122.88298
hindustani classical,121.124541667
indie singer-songwriter,118.50296
deep german punk,125.738934783
deep disco,120.68254
electronicore,131.312795918
zydeco,129.63808
usbm,129.0113
string folk,106.945061224
beach music,122.656652174
luk thung,121.973795918
michigan indie,122.78286
south african jazz,119.95162
islamic recitation,114.435183673
spanish invasion,123.414375
russian alternative,132.788625
deep orchestral,105.21012766
mallet,127.455104167
dark ambient,92.3784285714
ragga jungle,143.435166667
progressive alternative,117.52316
fast melodic punk,144.100673913
martial industrial,121.706131579
deep discofox,134.164265306
enka,109.291375
kwaito,117.087795918
porro,119.3453
power violence,123.01804
finnish hardcore,122.874704545
neurostep,141.281479167
classic russian pop,132.193897959
vapor house,133.340061224
deep melodic hard rock,134.519
downtempo fusion,125.3462
ostrock,121.878695652
spanish classical,112.348744681
monastic,99.5909387755
string band,122.99436
ambient psychill,127.262877551
faroese pop,123.854346939
musica per bambini,128.325666667
rebetiko,115.9325
romanian rock,120.058659574
panpipe,110.7670625
afrikaans,127.355041667
abstract idm,121.324979592
deep psychobilly,129.45058
ugandan pop,117.71352
bass trip,115.15726
power electronics,115.73694
french punk,135.578122449
library music,120.413265306
j-reggae,116.162108696
russian folk,116.09222
musique pour enfants,118.952918367
hard house,135.787958333
concert piano,91.3796122449
trash rock,126.669208333
wind ensemble,100.4216
deep liquid bass,157.358446809
deep jazz guitar,109.882510204
norwegian jazz,108.705358974
neo metal,122.637591837
gospel reggae,113.956791667
traditional soul,125.73324
persian traditional,110.38034
coupe decale,127.291204082
italian progressive rock,126.963102041
manele,140.163787234
magyar,122.442113636
melodic progressive metal,122.510456522
japanoise,117.306326531
bay area hip hop,115.01768
german ccm,118.960326087
bossa nova jazz,114.703166667
deep opera,98.0779111111
greek indie,119.780020408
consort,104.754714286
chaotic black metal,127.136604167
classic schlager,125.232456522
rap metalcore,133.258
slam death metal,127.620041667
deep ambient,93.7916
nz indie,122.978604167
polyphony,101.230836735
deep progressive trance,128.5241875
galego,126.261125
indie fuzzpop,121.129387755
experimental psych,120.59366
iskelma,116.676574468
italian folk,120.617130435
tekno,140.146658537
shanty,116.33994
dark psytrance,144.5684
breton folk,106.3715
jig and reel,111.756653061
military band,101.846770833
technical brutal death metal,128.326428571
armenian folk,119.6173
gamecore,115.47206
tzadik,110.7285
neo-pagan,114.08416
go-go,137.839632653
deep folk metal,130.492604167
contemporary composition,108.587083333
deep canadian indie,137.33168
liturgical,102.833836735
speedcore,132.082630435
depressive black metal,126.022693878
accordion,126.918319149
skinhead reggae,117.103095238
bulgarian rock,117.030106383
harp,99.3146956522
ambient fusion,122.02325
funeral doom,116.915340909
pipe band,118.474428571
remix,141.44144898
screamocore,139.101204082
danish jazz,120.417877551
future ambient,116.721166667
deep soft rock,108.947734694
spoken word,99.92704
klezmer,122.28102381
j-core,146.370553191
deep german indie,124.634357143
minimal dubstep,137.4975
deep sunset lounge,129.476477273
bemani,110.457285714
indorock,125.274854167
flick hop,109.407
indie shoegaze,122.295354167
vintage chanson,102.749170213
greek house,118.783893617
punta,119.866938776
doujin,127.77572
corsican folk,117.304191489
nepali,109.11426
screamo punk,122.79632
ghettotech,130.619489796
west african jazz,122.268270833
college marching band,128.34744898
kuduro,133.015688889
neo-industrial rock,138.060612245
greek hip hop,109.191520833
barbershop,111.7589
jazz orchestra,127.514755102
benga,126.669122449
brass ensemble,114.883458333
stl indie,123.032387755
deep happy hardcore,168.613708333
hard glam,138.062061224
blues-rock guitar,122.637382979
mantra,124.485565217
british dance band,112.676288889
guitar case,129.145306122
african percussion,127.062916667
dallas indie,126.982765957
geek folk,118.6528
carnatic,124.963978261
deep darkpsy,154.393066667
triangle indie,126.51198
cumbia funk,109.837520833
thrash-groove metal,128.980586957
outer hip hop,105.584217391
throat singing,121.228958333
swedish pop punk,134.732577778
sinhala,112.998234043
dark minimal techno,126.313577778
chinese traditional,106.7463
deep deep house,122.386
italian punk,128.132159091
unblack metal,129.89993617
deep vocal jazz,114.573042553
cornetas y tambores,103.362913043
jug band,119.548625
indie pop rock,127.99955102
power noise,134.144478261
capoeira,102.631212766
commons,121.259744681
post-disco soul,113.584291667
halloween,120.087479167
contemporary folk,118.356020408
finnish jazz,119.347318182
chinese indie rock,128.919234043
byzantine,94.332755102
zim,122.001065217
black sludge,122.814387755
vintage jazz,132.568408163
dubsteppe,127.398085106
deep psytrance,129.616591837
street punk,129.549173913
breaks,134.20312766
drama,103.872208333
abstractro,111.809102041
deep new wave,125.999479167
gospel blues,129.369479167
light music,103.620489362
deep southern soul,111.90944898
deep indie rock,118.728428571
mexican traditional,127.246816327
gothic post-punk,130.052877551
cajun,133.75462
northern irish indie,121.92787234
british brass band,102.669595745
deep indie singer-songwriter,116.844391304
noise punk,132.892166667
traditional funk,123.870574468
polish jazz,100.663020833
baroque ensemble,108.07792
deep ragga,107.314956522
demoscene,122.421673913
japanese traditional,102.4971
deep downtempo fusion,121.567708333
heavy gothic rock,128.480395833
bangla,120.949659574
covertrance,125.460795455
deep vocal house,127.070688889
deep freestyle,120.501395833
classical organ,95.8023191489
deep full on,138.859818182
makina,135.299468085
c64,127.9805625
spytrack,110.477612245
classical flute,105.851653061
musique concrete,97.4353617021
grim death metal,115.165043478
polka,126.33522449
slash punk,124.7870625
muziek voor kinderen,124.473807692
deep jazz fusion,121.199826087
classic eurovision,121.53548
chamber choir,96.534875
skiffle,115.614361702
poetry,100.289041667
deep funk house,122.262978723
fallen angel,134.5899375
electroacoustic improvisation,103.941976744
steelpan,125.70704
belorush,125.546382979
fussball,137.15244898
oratory,105.398617021
deep east coast hip hop,110.897469388
grisly death metal,129.142020408
traditional reggae,127.932465116
spanish indie rock,136.033520833
sunset lounge,122.545023256
early music ensemble,109.235869565
contemporary classical,101.934367347
lowercase,98.9875333333
punk ska,116.36384
deep progressive house,122.781822222
indian rock,121.011354167
clarinet,106.595842105
deep jazz piano,105.527553191
deep melodic death metal,132.77608
hardcore breaks,140.600652174
skinhead oi,126.820173913
vintage swing,117.378673913
hatecore,133.518886364
glitch beats,122.160933333
villancicos,115.110866667
deep classic garage rock,118.992021277
deep indie pop,123.408042553
neo soul-jazz,112.540744681
deep pop emo,144.125288889
traditional rockabilly,122.844382979
deep nordic folk,100.090291667
klapa,114.600311111
deep swedish rock,135.282959184
crossover prog,129.508066667
football,118.847770833
organic ambient,120.948787234
soda pop,114.678653061
deep chill-out,121.799695652
deep hardcore,147.055021739
deep filthstep,135.130181818
wrock,124.37244898
norwegian punk,122.905875
deep northern soul,121.460659574
experimental dubstep,127.576782609
deep free jazz,115.15384
raw black metal,129.60958
thai indie,129.190911111
classic psychedelic rock,124.444446809
gamelan,109.79055102
deep surf music,139.162787234
dubstep product,131.977340426
goa trance,138.070363636
deep italo disco,122.534844444
deep thrash metal,120.317041667
deep g funk,110.51123913
accordeon,124.904306122
charred death,114.295818182
ambient dub techno,124.358255319
slovenian rock,133.884085106
maghreb,122.253914894
re:techno,128.169111111
malagasy folk,121.337434783
hard stoner rock,114.207978261
dark progressive house,124.550088889
zeuhl,121.802533333
neo honky tonk,122.68577551
tanzlmusi,112.026166667
deep dub techno,119.960434783
j-punk,136.108326531
noise,125.396622222
chill groove,113.02202439
tibetan,116.097488889
deep punk rock,143.800931818
deep power-pop punk,130.52525
j-poppunk,132.153795455
italo beats,137.56975
deep space rock,121.24493617
deep motown,112.932166667
kc indie,129.4842
new jack smooth,117.567645833
deep nz indie,129.197170213
alternative metalcore,122.16273913
chinese opera,115.245977778
vintage rockabilly,117.69722
deep eurodance,127.874857143
deep cello,105.887591837
chill-out trance,127.751791667
german street punk,132.689782609
terrorcore,150.147358974
doomcore,137.266152174
twin cities indie,121.41075
french folk,119.374918367
glitter trance,128.622541667
nu electro,128.827933333
indie emo rock,121.967268293
deep classical piano,109.447645833
ceilidh,125.19925
alternative hardcore,114.657976744
jangle rock,117.566104167
skweee,132.787565217
bulgarian folk,104.1556875
deep neo-synthpop,128.485826087
rhythm and boogie,122.674145833
swedish jazz orkester,118.942632653
deep hardcore punk,125.321837209
chinese experimental,122.338
jazz composition,114.62695122
modern downshift,134.149541667
ethereal gothic,126.711847826
ghoststep,135.664972222
anime cv,141.43242
modern free jazz,103.490347826
vintage schlager,122.291130435
song poem,123.502387755
neo-traditional country,117.795456522
deep orgcore,125.494288889
cryptic black metal,136.632475
cinematic dubstep,128.207666667
vintage country folk,119.538755102
vintage gospel,106.185978723
gothic doom,125.480586957
deep symphonic black metal,134.129530612
vintage reggae,110.111714286
deep german jazz,118.423163265
twee indie pop,117.765307692
saxophone,101.392146341
dark electro-industrial,128.07312
deep delta blues,117.143530612
caucasian folk,110.672958333
chip hop,128.481083333
deep breakcore,129.331369565
deep deep tech house,128.057657143
deep string quartet,105.18572
necrogrind,122.6754
central asian folk,114.428276596
drone psych,107.530685714
vintage swoon,113.667877551
rock noise,123.03442
smooth urban r&b,113.985162791
deep latin jazz,119.943512821
vintage western,116.54325
