genre,valence
modern rock,0.52298
tropical house,0.471182
pop rap,0.462408163265
pop,0.528396
post-teen pop,0.493576
rap,0.42234
rock,0.53828
dance pop,0.506996
trap music,0.424244
edm,0.432622
alternative rock,0.526591836735
latin,0.64828
pop rock,0.519352
dwn trap,0.442127083333
alternative metal,0.4854
neo mellow,0.445852
r&b,0.469792
southern hip hop,0.390526
hip hop,0.385738
classic rock,0.53786
mellow gold,0.62528
indie rock,0.4983
album rock,0.57076
viral pop,0.479812
reggaeton,0.61432
soft rock,0.62464
post-grunge,0.50534
indie r&b,0.329672
latin pop,0.73404
indie pop,0.45104
pop punk,0.61102
indietronica,0.481556
permanent wave,0.4801875
electro house,0.463462
tropical,0.68566
urban contemporary,0.473756
indie folk,0.3308
folk-pop,0.3591
singer-songwriter,0.53242
nu metal,0.46138
hard rock,0.50652
hip pop,0.515646808511
contemporary country,0.5817
indie poptimism,0.425504255319
big room,0.439810638298
rap metal,0.488024
gangster rap,0.535786
canadian pop,0.431638
country road,0.57828
country,0.56354
folk rock,0.6838
garage rock,0.554081632653
house,0.58638
grupera,0.811102040816
latin hip hop,0.651617021277
stomp and holler,0.376857142857
underground hip hop,0.436464
chamber pop,0.316684
dirty south rap,0.479620408163
rock en espanol,0.6746
regional mexican,0.80464
progressive house,0.45848
roots rock,0.64684
blues-rock,0.61114
funk rock,0.57938
alternative dance,0.555798
modern country rock,0.54048
dance rock,0.74682
trap latino,0.542704545455
europop,0.64752
new wave,0.7134
neo soul,0.502376
synthpop,0.575004
new wave pop,0.69522
adult standards,0.522252
banda,0.7903
latin alternative,0.621222
neo-psychedelic,0.537646
soul,0.6932
classic funk rock,0.71044
quiet storm,0.73078
emo,0.56847
psychedelic rock,0.54822
norteno,0.80758
spanish pop,0.57784
deep pop r&b,0.365619565217
progressive electro house,0.41926
deep indie r&b,0.342494
rap rock,0.491504
art rock,0.59056
new rave,0.566818
latin arena pop,0.48024
escape room,0.5249
motown,0.76868
regional mexican pop,0.81298
screamo,0.40919
shimmer pop,0.450132
electronic,0.540024
brostep,0.358952
metal,0.468124
new romantic,0.71464
teen pop,0.481438
disco,0.79362
deep big room,0.416604081633
indie anthem-folk,0.302468
pop reggaeton,0.62528
reggaeton flow,0.55302
crunk,0.482634
funk,0.69874
vapor soul,0.32802
trap francais,0.537684782609
acoustic pop,0.421508
metropopolis,0.365872
deep tropical house,0.448844
west coast rap,0.506226
deep german hip hop,0.501367346939
metalcore,0.39796
punk,0.62842
deep funk carioca,0.65298
electronic trap,0.314036
focus,0.140694
new americana,0.39786
east coast hip hop,0.620312
folk,0.56522
francoton,0.519695652174
sertanejo universitario,0.63056
hardcore hip hop,0.649666666667
southern rock,0.64538
brill building pop,0.70304
german hip hop,0.564265306122
christian alternative rock,0.350136
jazz blues,0.480522
worship,0.257918
groove metal,0.375444
ranchera,0.7225
boy band,0.57904
piano rock,0.440991836735
talent show,0.45942
freak folk,0.475014
swedish pop,0.46129
chillwave,0.3165
british blues,0.6356
modern blues,0.45222
vocal jazz,0.398542
argentine rock,0.6385
g funk,0.534765306122
christian music,0.318896
redneck,0.52456
vegas indie,0.462387755102
new jack swing,0.615669387755
swedish idol pop,0.464551020408
bass trap,0.355006
compositional ambient,0.119442
mpb,0.58584
country rock,0.65998
dance-punk,0.531814
memphis soul,0.70088
ccm,0.289076
deep underground hip hop,0.415082
soundtrack,0.143126
cumbia pop,0.74072
noise pop,0.476528571429
rock-and-roll,0.70806
soul blues,0.69426
k-pop,0.596918367347
indie psych-rock,0.50483
protopunk,0.49634
moombahton,0.465252
lo-fi,0.515858
dream pop,0.370904081633
anthem worship,0.261728
german pop,0.613166
electric blues,0.66484
outlaw country,0.54016
melodic metalcore,0.343312
detroit hip hop,0.439752
hollywood,0.412854
deep dutch hip hop,0.539434782609
christian rock,0.338268
southern soul,0.69244
deep groove house,0.45158
korean pop,0.60646
chicago soul,0.696163265306
indiecoustica,0.340991836735
deep german pop rock,0.51222
cantautor,0.429206
glam metal,0.54892
pagode,0.6329
britpop,0.6229
italian arena pop,0.5117
traditional country,0.55138
glam rock,0.55872
alternative hip hop,0.553574
funk metal,0.553964
mariachi,0.62418
deep australian indie,0.369818
classify,0.156258
underground pop rap,0.406786
scorecore,0.193408333333
italian pop,0.49506
samba,0.60242
tracestep,0.348274
complextro,0.333298
deep pop edm,0.44164
downtempo,0.372048979592
trip hop,0.38326
grime,0.51832
british invasion,0.53454
speed metal,0.37487
channel pop,0.387464
classical,0.47939
catstep,0.354392
lilith,0.443042857143
bachata,0.80196
bossa nova,0.386442
deep house,0.405962
skate punk,0.65058
melancholia,0.214908
vapor twitch,0.305502
lift kit,0.542551020408
disco house,0.52732
symphonic rock,0.445344
comic,0.60486
pop emo,0.4598
anti-folk,0.479012
grunge,0.437882222222
duranguense,0.79926
australian dance,0.421234
traditional folk,0.625
bubblegum pop,0.71958
otacore,0.499634
chillhop,0.479240816327
hoerspiel,0.650285714286
australian alternative rock,0.441058
reggae fusion,0.70654
sertanejo,0.70636
la indie,0.57524
jazz,0.262506
rockabilly,0.7195
cumbia,0.81554
nueva cancion,0.58696
progressive rock,0.422108
texas country,0.5395
nu jazz,0.475914285714
video game music,0.235765116279
romantic,0.47939
roots reggae,0.76112
slow core,0.265148
swedish folk pop,0.442678
space rock,0.3236
madchester,0.60478
power metal,0.398614
progressive metal,0.386078
dancehall,0.685510204082
nu gaze,0.464848
alt-indie rock,0.502492
french pop,0.519124
world worship,0.207178
reggae,0.77462
deep trap,0.41962244898
opm,0.325006
alternative country,0.464166
deep danish pop,0.45156
mandopop,0.28722
spanish rock,0.526632653061
industrial metal,0.45502
deep southern trap,0.47092
forro,0.64896
sky room,0.365944
brazilian hip hop,0.543062
nashville sound,0.61544
indie garage rock,0.389036734694
taiwanese pop,0.28722
bolero,0.46121
thrash metal,0.37847
merseybeat,0.63504
danish pop,0.41037
lounge,0.478608
trance,0.28553
finnish dance pop,0.51590625
jam band,0.59396
deep latin hip hop,0.659469387755
chamber psych,0.43746
jazz funk,0.604724
deep taiwanese pop,0.2917
turkish pop,0.62296
cool jazz,0.237146
post-punk,0.669312
salsa,0.79698
eurodance,0.76472
preverb,0.46915
brooklyn indie,0.521110204082
c-pop,0.28722
swedish alternative rock,0.45369
minimal,0.127086
german techno,0.437589795918
pixie,0.54682
chilean rock,0.64666
deep cumbia sonidera,0.79738
candy pop,0.567734693878
filter house,0.478898
post-screamo,0.348094
punk blues,0.4988
vocal house,0.50357755102
deep euro house,0.423482
deep new americana,0.457074
bow pop,0.32637
french hip hop,0.57962
alternative emo,0.49722
axe,0.717836734694
big beat,0.419436734694
cabaret,0.35367
finnish pop,0.534320408163
progressive trance,0.286014
chanson,0.53336
swedish indie rock,0.512
industrial rock,0.450652
merengue,0.82364
etherpop,0.330044897959
garage psych,0.51652
jazz fusion,0.27492
power pop,0.679312
ninja,0.262902
cantopop,0.292271428571
uk post-punk,0.642734693878
melodic death metal,0.295224
deep swedish hip hop,0.5803
country dawn,0.51356122449
bubblegum dance,0.75954
show tunes,0.400404081633
post rock,0.097962
dutch hip hop,0.524714285714
vallenato,0.81156
shiver pop,0.444968
italian hip hop,0.54072
dutch pop,0.477046938776
post-disco,0.83742
bebop,0.220454
deep regional mexican,0.8605
spanish pop rock,0.480142857143
modern classical,0.107079545455
swedish eurodance,0.57718
contemporary post-bop,0.233106
minimal techno,0.27852
irish rock,0.41756
dutch house,0.375270212766
turkish rock,0.548530612245
easy listening,0.456628
swedish hip hop,0.250204
danspunk,0.629244897959
australian pop,0.49826
indonesian pop,0.43692
canadian indie,0.50093877551
wrestling,0.454346938776
microhouse,0.324867346939
hip house,0.75042
cumbia villera,0.834367346939
west coast trap,0.512052
texas blues,0.59672
celtic rock,0.548976
broadway,0.47334
pinoy alternative,0.428188
french indietronica,0.386046
blues,0.64014
acid jazz,0.509797826087
anthem emo,0.463081632653
chillstep,0.23098
movie tunes,0.45619
tech house,0.355414
uk funky,0.429565306122
norwegian indie,0.411020408163
progressive bluegrass,0.41744
classic swedish pop,0.398264583333
traditional blues,0.66834
soul jazz,0.307306
stoner rock,0.4389
melodic hardcore,0.482254
experimental rock,0.480168
turntablism,0.62626
norwegian pop,0.40912
minimal dub,0.343485714286
fourth world,0.0885375
electro,0.515096
swing,0.35696
latin christian,0.269138
dreamo,0.365968
indie jazz,0.429278
rock gaucho,0.58186
french rock,0.525257142857
post-hardcore,0.38587
epicore,0.169960416667
azontobeats,0.7132
zapstep,0.325944
deep chiptune,0.450154
sheffield indie,0.562416
uplifting trance,0.251886
noise rock,0.484404255319
progressive post-hardcore,0.39934
hard bop,0.224376
antiviral pop,0.587775510204
aussietronica,0.330258
indie punk,0.376564
death core,0.25178125
electro latino,0.66086
ambient,0.0795395833333
reggae rock,0.65872
country blues,0.53148
anime,0.445624
deep funk,0.699856
new age,0.179556
french reggae,0.7406
j-pop,0.47762
groove room,0.415098
lovers rock,0.73688
deep melodic euro house,0.322806
death metal,0.224034
nu disco,0.479689795918
indie rockism,0.504959183673
electro swing,0.673448979592
country gospel,0.60458
neo classical metal,0.35588
mexican indie,0.612897959184
uk garage,0.526571428571
gothic metal,0.341364
stride,0.264204
industrial,0.412528
canadian metal,0.446124
future funk,0.464336
christian uplift,0.26322
brazilian gospel,0.249464583333
german metal,0.421494
swedish indie pop,0.425134
gauze pop,0.376494
turkish jazz,0.474334
christian hip hop,0.419489795918
latin jazz,0.720322
stoner metal,0.384584
experimental,0.461427083333
ska,0.74722
french indie pop,0.489341666667
deep ccm,0.188086
merengue urbano,0.7731
classic norwegian pop,0.459132653061
pub rock,0.671072
memphis blues,0.6901
ska punk,0.66998
suomi rock,0.4659125
afrobeats,0.71134
hyphy,0.562040816327
liquid funk,0.347388
swedish synthpop,0.438468
chicago blues,0.70664
drill,0.423382
vaporwave,0.42049
neue deutsche harte,0.443502
louvor,0.281540816327
world,0.746959183673
dub,0.751
smooth jazz,0.64032
drum and bass,0.310598
memphis hip hop,0.516072
j-rock,0.44054
new orleans blues,0.71916
new weird america,0.410941666667
german pop rock,0.492848
old school hip hop,0.688040816327
relaxative,0.180238
trova,0.49624
big band,0.4585
hardcore punk,0.50996
stomp pop,0.39737
bass music,0.354924
flamenco,0.700429787234
indonesian indie,0.431208163265
comedy,0.294178
baroque,0.490886206897
viking metal,0.32325
russelater,0.513716326531
djent,0.328659574468
mambo,0.80772
acoustic blues,0.64306
spanish indie pop,0.511326530612
swedish metal,0.338982
delta blues,0.62702
norwegian rock,0.361476
deep texas country,0.509244897959
gospel,0.298784
christian relaxative,0.233686956522
doo-wop,0.69094
icelandic pop,0.238536
latin metal,0.452122
cowboy western,0.6839
piedmont blues,0.54406
deep swedish indie pop,0.412995744681
wonky,0.403544
hardstyle,0.319324
classical period,0.17439
minimal tech house,0.396418367347
cumbia sonidera,0.81316
operatic pop,0.189972
meditation,0.03367875
pop house,0.61032
dangdut,0.392295918367
turkish folk,0.510336734694
hands up,0.488540816327
deep disco house,0.453332653061
celtic,0.223288
desi,0.6305
shoegaze,0.429056
tejano,0.67752
boogaloo,0.82246
argentine reggae,0.7316
nwobhm,0.37976
deep hardstyle,0.260391836735
dansband,0.802088888889
indian pop,0.62958
danish pop rock,0.498016326531
japanese r&b,0.553
electropowerpop,0.52872
gothic symphonic metal,0.352858
intelligent dance music,0.32839
healing,0.102774
sleep,0.019760625
finnish hip hop,0.53962
desi hip hop,0.626420408163
schlager,0.607428571429
melbourne bounce,0.45091
contemporary jazz,0.207586
drone,0.077352
symphonic metal,0.324544
spanish punk,0.475979591837
filthstep,0.310408
louisiana blues,0.64612
children's music,0.688897959184
cubaton,0.801714285714
velha guarda,0.59062
electroclash,0.503140816327
jangle pop,0.661212
brazilian indie,0.616224489796
chicano rap,0.465987755102
spanish hip hop,0.679
uk drill,0.50812
folk punk,0.60042
k-hop,0.526808
retro electro,0.314279591837
alternative r&b,0.438384
afrobeat,0.711676
polish pop,0.463036734694
opera,0.270995
british folk,0.498413953488
nu-cumbia,0.58008
a cappella,0.473775510204
j-dance,0.633040816327
alternative pop rock,0.508812
j-rap,0.527181632653
boston rock,0.489982
future garage,0.382559183673
crossover thrash,0.402794
mathcore,0.232034
classic danish pop,0.527395918367
german indie,0.50992
glitch,0.31039
coverchill,0.47147
jazz metal,0.359878
environmental,0.0294217948718
reading,0.537708333333
filmi,0.61012
rumba,0.559285416667
azonto,0.776204081633
levenslied,0.539636734694
polynesian pop,0.75176
glitch hop,0.325646938776
melodipop,0.431333333333
arabesk,0.597020408163
zolo,0.76114
northern soul,0.73914
underground rap,0.53668
spanish new wave,0.69736
vapor pop,0.313486363636
brazilian punk,0.45152
piano blues,0.64548
abstract hip hop,0.514918367347
deep turkish pop,0.61472
christian dance,0.600048
neoclassical,0.122306
norwegian hip hop,0.427296
liedermacher,0.59334
discofox,0.709722916667
australian hip hop,0.5441
folk metal,0.330152
canadian country,0.559630434783
strut,0.625916666667
breakbeat,0.319888
sludge metal,0.340132
italo dance,0.635102040816
bluegrass,0.5394
new tribe,0.361552
neo-singer-songwriter,0.323018
finnish metal,0.382474468085
danseband,0.650282608696
fluxwork,0.312469387755
hardcore techno,0.34527
jump blues,0.77436
welsh rock,0.40157755102
technical death metal,0.222191836735
german punk,0.534265306122
fingerstyle,0.298006122449
float house,0.419289795918
sleaze rock,0.4342
australian country,0.56168
deep uplifting trance,0.293742857143
alternative ccm,0.251235416667
folklore argentino,0.399312
kiwi rock,0.55484
alternative pop,0.55028
grave wave,0.379312
swamp blues,0.65304
electro jazz,0.578776
rock steady,0.79528
slow game,0.48431
j-metal,0.43198
post-metal,0.17587755102
techno,0.337924
no wave,0.591278
russian pop,0.480782
stomp and flutter,0.315954
portland indie,0.504163265306
dutch rock,0.45763877551
doom metal,0.360578
modern performance,0.090274
pagan black metal,0.165979166667
black metal,0.17568
jump up,0.279612
pop flamenco,0.695469387755
hard alternative,0.466456
christian metal,0.25438
kirtan,0.176778
neurofunk,0.238778
polish hip hop,0.487248979592
drift,0.068132
dark jazz,0.238172
peruvian rock,0.72344
deathgrind,0.203764
italian indie pop,0.701168
ectofolk,0.430586
symphonic black metal,0.189646
classic italian pop,0.464136
turkish hip hop,0.536604166667
cuban rumba,0.8076
brega,0.634346938776
deep norteno,0.774775510204
happy hardcore,0.437176
carnaval,0.695212765957
belgian rock,0.438492
chicago house,0.43126
medieval rock,0.46222244898
irish folk,0.596
jungle,0.334882
chamame,0.72692
scottish rock,0.508556
rap chileno,0.71488
classic chinese pop,0.324226
dark wave,0.483778
progressive uplifting trance,0.183335555556
orgcore,0.565111111111
austindie,0.52304
idol,0.47806
chicago indie,0.54736
medieval,0.256176
avant-garde jazz,0.33516
eurovision,0.45012244898
bay area indie,0.54306
romantico,0.352942
western swing,0.68178
russian rock,0.483222
japanese city pop,0.541746
new orleans jazz,0.57878
j-idol,0.67846
italian disco,0.7352
harmonica blues,0.7097
arab pop,0.62992
puerto rican rock,0.677408163265
dubstep,0.381402
classic finnish pop,0.710044444444
malaysian pop,0.441448979592
outsider house,0.319994
mexican rock-and-roll,0.5622
portuguese rock,0.445051020408
post-doom metal,0.20546
colombian rock,0.603608
sertanejo tradicional,0.568816326531
brutal death metal,0.245398
soul flow,0.495662
salsa international,0.820836734694
seattle indie,0.365356
avantgarde metal,0.192834
hardcore,0.4345
nasheed,0.533448979592
gbvfi,0.53716
psychedelic doom,0.340894
celtic punk,0.557554
grindcore,0.247528571429
quebecois,0.487066
austropop,0.62616
brazilian ccm,0.35473877551
funky tech house,0.46928
riddim,0.560591836735
psychedelic trance,0.327998
speed garage,0.554785416667
baile funk,0.774693877551
classic russian rock,0.496185714286
freestyle,0.719744680851
j-poprock,0.55498
italian pop rock,0.443930612245
ebm,0.430506
math pop,0.408856
barnmusik,0.59187755102
spanish noise pop,0.486645833333
warm drone,0.0755326530612
soca,0.75196
nursery,0.549952
ethereal wave,0.203258
nintendocore,0.348096
african gospel,0.424656
garage pop,0.54034
world meditation,0.068106
destroy techno,0.386598
balearic,0.659346938776
progressive deathcore,0.220312
math rock,0.41725625
laiko,0.70476
acid house,0.381128571429
albuquerque indie,0.57918
mande pop,0.58494
polish punk,0.65829375
russiavision,0.54398
deep latin christian,0.33466
indie dream pop,0.35955
kindermusik,0.759772727273
emo punk,0.446512195122
entehno,0.63404
bassline,0.489422
k-indie,0.453028
classic finnish rock,0.49963125
substep,0.216806
electrofox,0.468074
drill and bass,0.355393877551
turbo folk,0.643706122449
british alternative rock,0.4651
ambeat,0.575766
ska revival,0.860714285714
deep minimal techno,0.308015555556
bmore,0.433387755102
british indie rock,0.521682
canterbury scene,0.411156
musica para ninos,0.6701
romanian pop,0.5867
chill lounge,0.429769387755
rock catala,0.66970212766
free jazz,0.363486
argentine indie,0.566918367347
deep comedy,0.4034
twee pop,0.51916
classic garage rock,0.688632653061
volksmusik,0.664652173913
post-post-hardcore,0.313846
electro-industrial,0.443386
gypsy jazz,0.638288
oi,0.543898
latin electronica,0.515316
straight edge,0.40972
christian hardcore,0.317968
kabarett,0.611468085106
kraut rock,0.210662
steampunk,0.5644
singaporean pop,0.357857142857
swedish hard rock,0.440265306122
world fusion,0.387554
slovak pop,0.51393877551
dansktop,0.577020408163
surf music,0.670046
thai idol,0.52622
gabba,0.315316666667
gothic rock,0.501081632653
chaotic hardcore,0.327244
nu age,0.119814
bhangra,0.627768
canzone napoletana,0.391546
retro metal,0.370730612245
cello,0.260846
mandible,0.182696
ballroom,0.353018
ye ye,0.67528
tango,0.402081632653
swedish jazz,0.327124489796
dixieland,0.53098
old-time,0.672354166667
laboratorio,0.287802040816
mashup,0.523889795918
christelijk,0.264102173913
freakbeat,0.582482
punjabi,0.6806
alternative roots rock,0.30746
futurepop,0.443214
vancouver indie,0.481132
christian punk,0.584672
choro,0.60124
african rock,0.424622
deep talent show,0.44308
e6fi,0.458814
drone metal,0.185132653061
nordic house,0.386334693878
electro bailando,0.72072
early music,0.273492
psychobilly,0.61928
hawaiian,0.564694
horror punk,0.39478
andean,0.526824
russian hip hop,0.460369387755
detroit techno,0.40952244898
progressive psytrance,0.235089795918
comedy rock,0.583673469388
thai pop,0.4897
psychill,0.29317755102
orchestral,0.177076
tribal house,0.492429166667
atmospheric black metal,0.180284
progressive trance house,0.300354166667
deep indian pop,0.603551020408
jazz trio,0.37
classical performance,0.174096
persian pop,0.71502
fado,0.3776
classical piano,0.131847619048
uk hip hop,0.588569387755
voidgaze,0.138626
danish hip hop,0.602312244898
zouk riddim,0.65154
israeli rock,0.630462
czech rock,0.617816326531
swedish reggae,0.698404255319
exotica,0.553244
praise,0.33306
theme,0.303062
hungarian rock,0.5857
athens indie,0.492396
neo-trad metal,0.317356
dub techno,0.288693877551
norwegian metal,0.247991836735
venezuelan rock,0.678244
choral,0.0837956521739
aggrotech,0.48243
neo-progressive,0.331232653061
turkish alternative,0.435133333333
hungarian pop,0.600704545455
classic colombian pop,0.82484
kizomba,0.59014
avant-garde,0.120958
columbus ohio indie,0.435626530612
czech folk,0.585510638298
anime score,0.14527
visual kei,0.48814
mizrahi,0.67974
barnemusikk,0.511606
abstract beats,0.530704081633
italian metal,0.370576
popgaze,0.518
indian folk,0.5943
deep latin alternative,0.522639583333
power-pop punk,0.63118
ok indie,0.46
deep chill,0.437789583333
classic turkish pop,0.616
french movie tunes,0.409542857143
bubble trance,0.423734693878
goregrind,0.237042857143
j-indie,0.59978
vintage italian soundtrack,0.128816
melodic hard rock,0.432352
deep tech house,0.4462875
dark cabaret,0.501182
shibuya-kei,0.561672916667
deep pop punk,0.5493125
folkmusik,0.384733333333
power blues-rock,0.67108
rai,0.644204081633
p funk,0.71667
swedish punk,0.491108695652
russian punk,0.614976
spanish reggae,0.71908
black thrash,0.292718
fidget house,0.416814285714
shimmer psych,0.432992
musica nativista,0.801023809524
albanian pop,0.59018
horrorcore,0.426688
basque rock,0.545334042553
violin,0.164977272727
nu skool breaks,0.440296
melodic power metal,0.42584
turkish classical,0.372448979592
highlife,0.76022
belly dance,0.60095
string quartet,0.447864
classic belgian pop,0.505065306122
indie psych-pop,0.398283673469
southern gospel,0.297867346939
chiptune,0.450286
soukous,0.78016
lds,0.196983673469
instrumental post rock,0.0790673469388
irish country,0.575653061224
brass band,0.63084
classic polish pop,0.521417021277
bouncy house,0.457836
vintage swedish pop,0.629170212766
timba,0.84434
classic peruvian pop,0.803489795918
renaissance,0.197458
acid techno,0.432396
norwegian gospel,0.293772
yugoslav rock,0.680285714286
dominican pop,0.6245
classic icelandic pop,0.425331914894
arab folk,0.418158333333
southern soul blues,0.74898
perth indie,0.585822
neue deutsche welle,0.745114285714
swiss rock,0.441296
zouk,0.72008
deep melodic metalcore,0.24869
sega,0.730081632653
mod revival,0.68932
pakistani pop,0.518897959184
deep soul house,0.52388
french folk pop,0.6684375
deep christian rock,0.349594
c86,0.601028
rio de la plata,0.7303125
native american,0.383875510204
college a cappella,0.391004
uk dub,0.663510204082
jazz bass,0.50009
miami bass,0.642086
ambient idm,0.15811
polish reggae,0.654855102041
nordic folk,0.213634
hauntology,0.246296
vienna indie,0.416229166667
swamp pop,0.7094
modern uplift,0.500625
catalan folk,0.5791625
chanson quebecois,0.552645833333
girl group,0.61002
brazilian composition,0.315710416667
digital hardcore,0.401673469388
hip hop tuga,0.521936170213
hip hop quebecois,0.5335
deep neofolk,0.417493877551
vintage french electronic,0.445348979592
samba-enredo,0.81402173913
vocaloid,0.439093877551
italian jazz,0.22861
croatian pop,0.617208333333
spanish folk,0.58534
hard minimal techno,0.244212244898
vintage tango,0.59632
desert blues,0.5648
garage punk,0.44714
bounce,0.588136363636
hiplife,0.748770833333
mexican son,0.7431875
german oi,0.532693877551
classical guitar,0.316495918367
drumfunk,0.311893877551
czech hip hop,0.463152173913
appalachian folk,0.639724489796
vietnamese pop,0.40594
balkan brass,0.6894
free improvisation,0.351161702128
riot grrrl,0.595
rosary,0.2655
electronica,0.38328
underground latin hip hop,0.678395833333
karneval,0.687468085106
serialism,0.0965625
cante flamenco,0.515276595745
tico,0.576326530612
boogie-woogie,0.72288
morna,0.63684
ecuadoria,0.637102040816
traditional rock 'n roll,0.607514
estonian pop,0.431744
tin pan alley,0.412232
german show tunes,0.3301475
disco polo,0.77142
portuguese pop,0.803065217391
mbalax,0.681055102041
harpsichord,0.247324
deep soundtrack,0.055196
polish indie,0.588569387755
cyber metal,0.313106122449
kids dance party,0.722046
metal guitar,0.389898
thrash core,0.38782
outsider,0.541020408163
full on,0.23475
composition d,0.070825
deep liquid,0.258648979592
kompa,0.74844
new age piano,0.173504
heavy alternative,0.418979591837
jumpstyle,0.351518
electropunk,0.540798
classic czech pop,0.498553488372
stomp and whittle,0.48506
slovak hip hop,0.494844444444
beats,0.545697959184
brutal deathcore,0.158636
finnish indie,0.43849375
makossa,0.810367346939
qawwali,0.51526
kwaito house,0.543657142857
witch house,0.253853061224
j-ambient,0.269971428571
atmospheric post rock,0.12937
zillertal,0.911826086957
gothic alternative,0.485824
funk carioca,0.756208333333
latvian pop,0.538085106383
crust punk,0.35083
oshare kei,0.538270833333
blackgaze,0.136032653061
psych gaze,0.432293877551
grunge pop,0.449204081633
orquesta tropical,0.827551020408
ghazal,0.60872
classic venezuelan pop,0.707224489796
rva indie,0.462386
irish indie,0.417602
denver indie,0.51532
world chill,0.340165306122
deep gothic post-punk,0.478046
ethiopian pop,0.707448979592
deep rai,0.777173913043
electro dub,0.524432608696
traditional ska,0.8384
hungarian hip hop,0.635311111111
fake,0.61822
beatdown,0.333266
deep acoustic pop,0.350024489796
drone folk,0.273132653061
canadian hip hop,0.596653061224
louisville indie,0.375866
dirty texas rap,0.530589795918
neofolk,0.279120408163
neo-rockabilly,0.709592
judaica,0.42086
deep flow,0.549157894737
japanese psychedelic,0.38059
ragtime,0.687830612245
anarcho-punk,0.41422
workout,0.69964
austrian hip hop,0.484366666667
guidance,0.345256
traditional british folk,0.408208163265
calypso,0.74928
orquesta tipica,0.66888
swiss hip hop,0.571625
geek rock,0.792408163265
deep adult standards,0.63588
blaskapelle,0.733361702128
classic french pop,0.68548
nwothm,0.362181632653
deep smooth jazz,0.630348
deep dance pop,0.556387755102
dark black metal,0.100793877551
abstract,0.257902083333
tone,0.0554208333333
neo-synthpop,0.596142
minimal melodic techno,0.291685106383
nerdcore,0.66561
ukulele,0.58808
kurdish folk,0.648489795918
ukrainian rock,0.49366122449
kayokyoku,0.452448979592
new beat,0.513520833333
lithumania,0.458645833333
modern southern rock,0.53492
euroska,0.823208333333
k-rock,0.5292
classic soundtrack,0.371024
zouglou,0.822
australian indie,0.55764
indie emo,0.515648979592
lo star,0.437764
atmospheric post-metal,0.211682
broken beat,0.64917
acousmatic,0.145587755102
minimal wave,0.521079591837
solipsynthm,0.5627
swedish prog,0.30682
alternative americana,0.493071428571
darkstep,0.211118367347
nl folk,0.70078
marching band,0.460553061224
lounge house,0.457753191489
semba,0.611770833333
underground power pop,0.66552
psychedelic blues-rock,0.525285416667
crack rock steady,0.415542
vegan straight edge,0.358775510204
motivation,0.400904166667
schranz,0.302448979592
traditional swing,0.6498125
chalga,0.683969387755
musiikkia lapsille,0.687404347826
footwork,0.377816
breakcore,0.2803
yoik,0.34591875
leeds indie,0.46007755102
tribute,0.415306122449
funky breaks,0.711312244898
indian classical,0.370870833333
didgeridoo,0.345729787234
classic dutch pop,0.756795918367
slc indie,0.444698
deep contemporary country,0.507040816327
danish indie,0.316341666667
belgian indie,0.4154875
jazz brass,0.403897959184
deep brazilian pop,0.566674468085
corrosion,0.57148
black death,0.156498
japanese jazztronica,0.558198
electro trash,0.362867346939
classic afrobeat,0.74064
gothic americana,0.672912244898
slavic metal,0.31113
dark hardcore,0.193919565217
scratch,0.556851020408
traditional scottish folk,0.479381632653
hebrew pop,0.61068
garage punk blues,0.57868
hindustani classical,0.3013
indie singer-songwriter,0.279968
deep german punk,0.347841304348
deep disco,0.78026
electronicore,0.282206122449
zydeco,0.81398
usbm,0.097134
string folk,0.243824489796
beach music,0.739195652174
luk thung,0.504848979592
michigan indie,0.5155
south african jazz,0.646852
islamic recitation,0.442673469388
spanish invasion,0.707979166667
russian alternative,0.467566666667
deep orchestral,0.143134042553
mallet,0.602910416667
dark ambient,0.0551244897959
ragga jungle,0.697583333333
progressive alternative,0.35696
fast melodic punk,0.483956521739
martial industrial,0.279
deep discofox,0.679653061224
enka,0.440125
kwaito,0.647081632653
porro,0.88834
power violence,0.239702
finnish hardcore,0.472843181818
neurostep,0.34700625
classic russian pop,0.776612244898
vapor house,0.342126530612
deep melodic hard rock,0.474869387755
downtempo fusion,0.415174
ostrock,0.52922826087
spanish classical,0.355768085106
monastic,0.076587755102
string band,0.66181
ambient psychill,0.238508163265
faroese pop,0.35853877551
musica per bambini,0.700375
rebetiko,0.616854166667
romanian rock,0.577065957447
panpipe,0.356222916667
afrikaans,0.682833333333
abstract idm,0.383902040816
deep psychobilly,0.55536
ugandan pop,0.87312
bass trip,0.4858
power electronics,0.87496
french punk,0.542632653061
library music,0.550595918367
j-reggae,0.549239130435
russian folk,0.41892
musique pour enfants,0.660730612245
hard house,0.403875
concert piano,0.222657142857
trash rock,0.711270833333
wind ensemble,0.065858
deep liquid bass,0.282185106383
deep jazz guitar,0.351565306122
norwegian jazz,0.203969230769
neo metal,0.302744897959
gospel reggae,0.6898125
traditional soul,0.72274
persian traditional,0.295338
coupe decale,0.811673469388
italian progressive rock,0.421610204082
manele,0.869340425532
magyar,0.624775
melodic progressive metal,0.297204347826
japanoise,0.359644897959
bay area hip hop,0.555154
german ccm,0.341869565217
bossa nova jazz,0.683833333333
deep opera,0.143308888889
greek indie,0.605940816327
consort,0.249706122449
chaotic black metal,0.13126875
classic schlager,0.690391304348
rap metalcore,0.500226
slam death metal,0.2840875
deep ambient,0.0691
nz indie,0.627541666667
polyphony,0.133340816327
deep progressive trance,0.376510416667
galego,0.585583333333
indie fuzzpop,0.629020408163
experimental psych,0.374394
iskelma,0.54940212766
italian folk,0.590456521739
tekno,0.415973170732
shanty,0.662528
dark psytrance,0.344008888889
breton folk,0.353420454545
jig and reel,0.722385714286
military band,0.686958333333
technical brutal death metal,0.233308163265
armenian folk,0.66432
gamecore,0.314162
tzadik,0.19954375
neo-pagan,0.425666
go-go,0.609795918367
deep folk metal,0.34953125
contemporary composition,0.1403875
deep canadian indie,0.47895
liturgical,0.089012244898
speedcore,0.355534782609
depressive black metal,0.111695918367
accordion,0.648744680851
skinhead reggae,0.854547619048
bulgarian rock,0.597808510638
harp,0.233247826087
ambient fusion,0.427172916667
funeral doom,0.144577272727
pipe band,0.330934693878
remix,0.447520408163
screamocore,0.29943877551
danish jazz,0.261320408163
future ambient,0.34571875
deep soft rock,0.600510204082
spoken word,0.525986
klezmer,0.57770952381
j-core,0.391340425532
deep german indie,0.524733333333
minimal dubstep,0.33373125
deep sunset lounge,0.280131818182
bemani,0.301034693878
indorock,0.648625
flick hop,0.5466125
indie shoegaze,0.315627083333
vintage chanson,0.440595744681
greek house,0.495180851064
punta,0.775346938776
doujin,0.339468
corsican folk,0.485189361702
nepali,0.294996
screamo punk,0.28935
ghettotech,0.579483673469
west african jazz,0.728708333333
college marching band,0.543551020408
kuduro,0.541133333333
neo-industrial rock,0.469502040816
greek hip hop,0.637083333333
barbershop,0.404736
jazz orchestra,0.500991836735
benga,0.710816326531
brass ensemble,0.3584875
stl indie,0.455273469388
deep happy hardcore,0.368475
hard glam,0.397804081633
blues-rock guitar,0.576063829787
mantra,0.216397826087
british dance band,0.561022222222
guitar case,0.479867346939
african percussion,0.752020833333
dallas indie,0.582253191489
geek folk,0.44032
carnatic,0.591913043478
deep darkpsy,0.3162
triangle indie,0.457258
cumbia funk,0.857875
thrash-groove metal,0.228026086957
outer hip hop,0.525434782609
throat singing,0.362685416667
swedish pop punk,0.508555555556
sinhala,0.569361702128
dark minimal techno,0.179648888889
chinese traditional,0.27177
deep deep house,0.475767391304
italian punk,0.585995454545
unblack metal,0.282936170213
deep vocal jazz,0.368191489362
cornetas y tambores,0.394586956522
jug band,0.645252083333
indie pop rock,0.462344897959
power noise,0.334693478261
capoeira,0.72629787234
commons,0.479082978723
post-disco soul,0.783291666667
halloween,0.54989375
contemporary folk,0.404967346939
finnish jazz,0.464540909091
chinese indie rock,0.468423404255
byzantine,0.0711346938776
zim,0.782706521739
black sludge,0.213718367347
vintage jazz,0.760530612245
dubsteppe,0.591553191489
deep psytrance,0.335685714286
street punk,0.408980434783
breaks,0.388682978723
drama,0.471875
abstractro,0.18203877551
deep new wave,0.6379625
gospel blues,0.588604166667
light music,0.269393617021
deep southern soul,0.616653061224
deep indie rock,0.545489795918
mexican traditional,0.84987755102
gothic post-punk,0.555267346939
cajun,0.7601
northern irish indie,0.489904255319
british brass band,0.236012765957
deep indie singer-songwriter,0.360915217391
noise punk,0.2665125
traditional funk,0.635063829787
polish jazz,0.234974468085
baroque ensemble,0.38605
deep ragga,0.746347826087
demoscene,0.295808695652
japanese traditional,0.196264
deep downtempo fusion,0.311316666667
heavy gothic rock,0.358675
bangla,0.51870212766
covertrance,0.461940909091
deep vocal house,0.586355555556
deep freestyle,0.6446875
classical organ,0.113653191489
deep full on,0.465052272727
makina,0.590674468085
c64,0.606889583333
spytrack,0.50213877551
classical flute,0.40606122449
musique concrete,0.0918361702128
grim death metal,0.248234782609
polka,0.906816326531
slash punk,0.309104166667
muziek voor kinderen,0.553653846154
deep jazz fusion,0.594934782609
classic eurovision,0.563428
chamber choir,0.105241666667
skiffle,0.716242553191
poetry,0.372395833333
deep funk house,0.692553191489
fallen angel,0.322675
electroacoustic improvisation,0.150574418605
steelpan,0.680906
belorush,0.430872340426
fussball,0.627081632653
oratory,0.41570212766
deep east coast hip hop,0.604571428571
grisly death metal,0.218397959184
traditional reggae,0.786139534884
spanish indie rock,0.385789583333
sunset lounge,0.503558139535
early music ensemble,0.32165
contemporary classical,0.150808163265
lowercase,0.12004
punk ska,0.54506
deep progressive house,0.43848
indian rock,0.462347916667
clarinet,0.309394594595
deep jazz piano,0.28004893617
deep melodic death metal,0.236574
hardcore breaks,0.480456521739
skinhead oi,0.631043478261
vintage swing,0.682043478261
hatecore,0.413545454545
glitch beats,0.25854
villancicos,0.733666666667
deep classic garage rock,0.522634042553
deep indie pop,0.437255319149
neo soul-jazz,0.479170212766
deep pop emo,0.507937777778
traditional rockabilly,0.800787234043
deep nordic folk,0.388029787234
klapa,0.474646666667
deep swedish rock,0.523142857143
crossover prog,0.29346
football,0.499995833333
organic ambient,0.218891489362
soda pop,0.625755102041
deep chill-out,0.538084782609
deep hardcore,0.37425
deep filthstep,0.312213636364
wrock,0.524959183673
norwegian punk,0.500214583333
deep northern soul,0.727489361702
experimental dubstep,0.480852173913
deep free jazz,0.434302
raw black metal,0.163608
thai indie,0.495222222222
classic psychedelic rock,0.554793617021
gamelan,0.391189795918
deep surf music,0.698427659574
dubstep product,0.431240425532
goa trance,0.324261363636
deep italo disco,0.773511111111
deep thrash metal,0.356527083333
deep g funk,0.554586956522
accordeon,0.675091836735
charred death,0.176618181818
ambient dub techno,0.368074468085
slovenian rock,0.533578723404
maghreb,0.704693617021
re:techno,0.221455555556
malagasy folk,0.573360869565
hard stoner rock,0.449767391304
dark progressive house,0.397544444444
zeuhl,0.421491111111
neo honky tonk,0.685591836735
tanzlmusi,0.636552083333
deep dub techno,0.384763043478
j-punk,0.560428571429
noise,0.215633333333
chill groove,0.558048780488
tibetan,0.461482222222
deep punk rock,0.555927272727
deep power-pop punk,0.626895833333
j-poppunk,0.500454545455
italo beats,0.63565
deep space rock,0.375921276596
deep motown,0.7669375
kc indie,0.521266
new jack smooth,0.532395833333
deep nz indie,0.572080851064
alternative metalcore,0.356936956522
chinese opera,0.477406666667
vintage rockabilly,0.84208
deep eurodance,0.707795918367
deep cello,0.344485714286
chill-out trance,0.283454166667
german street punk,0.533754347826
terrorcore,0.464125641026
doomcore,0.166802173913
twin cities indie,0.460120833333
french folk,0.536157142857
glitter trance,0.35505625
nu electro,0.528168888889
indie emo rock,0.453487804878
deep classical piano,0.30149375
ceilidh,0.6849375
alternative hardcore,0.375948837209
jangle rock,0.42068125
skweee,0.534980434783
bulgarian folk,0.232695833333
deep neo-synthpop,0.374036956522
rhythm and boogie,0.694733333333
swedish jazz orkester,0.518324489796
deep hardcore punk,0.509841860465
chinese experimental,0.418832608696
jazz composition,0.407768292683
modern downshift,0.437066666667
ethereal gothic,0.303139130435
ghoststep,0.241477777778
anime cv,0.60244
modern free jazz,0.33035
vintage schlager,0.673852173913
song poem,0.592014285714
neo-traditional country,0.577826086957
deep orgcore,0.50866
cryptic black metal,0.0910125
cinematic dubstep,0.314792307692
vintage country folk,0.692224489796
vintage gospel,0.493912765957
gothic doom,0.33225
deep symphonic black metal,0.254973469388
vintage reggae,0.809897959184
deep german jazz,0.411887755102
twee indie pop,0.451423076923
saxophone,0.231948780488
dark electro-industrial,0.380734
deep delta blues,0.581632653061
caucasian folk,0.338864583333
chip hop,0.35550212766
deep breakcore,0.407352173913
deep deep tech house,0.400754285714
deep string quartet,0.284
necrogrind,0.24418
central asian folk,0.543091489362
drone psych,0.228065714286
vintage swoon,0.469312244898
rock noise,0.353682
smooth urban r&b,0.502534883721
deep latin jazz,0.565171794872
vintage western,0.70175
